-- Adminer 5.3.0 MySQL 8.0.42 dump

SET NAMES utf8;
SET time_zone = '+00:00';
SET foreign_key_checks = 0;
SET sql_mode = 'NO_AUTO_VALUE_ON_ZERO';

SET NAMES utf8mb4;

DROP DATABASE IF EXISTS `inventory-sale-ai`;
CREATE DATABASE `inventory-sale-ai` /*!40100 DEFAULT CHARACTER SET utf8mb4 COLLATE utf8mb4_0900_ai_ci */ /*!80016 DEFAULT ENCRYPTION='N' */;
USE `inventory-sale-ai`;

DROP TABLE IF EXISTS `batches`;
CREATE TABLE `batches` (
  `id` int NOT NULL AUTO_INCREMENT,
  `sku` varchar(100) CHARACTER SET utf8mb4 COLLATE utf8mb4_unicode_ci NOT NULL,
  `import_date` date NOT NULL,
  `total_quantity` int NOT NULL DEFAULT '0',
  `remain_quantity` int NOT NULL DEFAULT '0',
  PRIMARY KEY (`id`),
  KEY `batches_sku_fkey` (`sku`),
  CONSTRAINT `batches_sku_fkey` FOREIGN KEY (`sku`) REFERENCES `items` (`sku`) ON DELETE CASCADE ON UPDATE CASCADE
) ENGINE=InnoDB DEFAULT CHARSET=utf8mb4 COLLATE=utf8mb4_unicode_ci;


DROP TABLE IF EXISTS `brand_summary`;
CREATE TABLE `brand_summary` (
  `analysis_date` date NOT NULL,
  `data_range` enum('1_day_ago','7_days_ago','1_month_ago','3_months_ago','6_months_ago','1_year_ago','all_time') NOT NULL,
  `sort_type` enum('revenue','quantity','profit') NOT NULL,
  `brand_id` int NOT NULL,
  `brand_name` varchar(200) NOT NULL,
  `total_quantity_sold` int DEFAULT '0',
  `total_revenue` decimal(10,2) DEFAULT '0.00',
  `total_profit` decimal(10,2) DEFAULT '0.00',
  `profit_margin` decimal(5,2) DEFAULT '0.00',
  `rank_position` int DEFAULT '0',
  `created_at` datetime DEFAULT CURRENT_TIMESTAMP,
  `updated_at` datetime DEFAULT CURRENT_TIMESTAMP ON UPDATE CURRENT_TIMESTAMP,
  PRIMARY KEY (`analysis_date`,`data_range`,`sort_type`,`brand_id`)
) ENGINE=InnoDB DEFAULT CHARSET=utf8mb4 COLLATE=utf8mb4_0900_ai_ci;

INSERT INTO `brand_summary` (`analysis_date`, `data_range`, `sort_type`, `brand_id`, `brand_name`, `total_quantity_sold`, `total_revenue`, `total_profit`, `profit_margin`, `rank_position`, `created_at`, `updated_at`) VALUES
('2024-06-30',	'1_day_ago',	'revenue',	1,	'Apple',	12,	19189.26,	9489.26,	49.45,	2,	'2025-08-03 17:49:41',	'2025-08-03 17:49:41'),
('2024-06-30',	'1_day_ago',	'revenue',	2,	'Samsung',	13,	20059.70,	15409.70,	76.82,	1,	'2025-08-03 17:49:41',	'2025-08-03 17:49:41'),
('2024-06-30',	'1_day_ago',	'revenue',	3,	'Nike',	5,	4475.56,	4412.56,	98.59,	4,	'2025-08-03 17:49:41',	'2025-08-03 17:49:41'),
('2024-06-30',	'1_day_ago',	'revenue',	4,	'Adidas',	4,	7477.49,	7437.49,	99.47,	3,	'2025-08-03 17:49:41',	'2025-08-03 17:49:41'),
('2024-06-30',	'1_day_ago',	'revenue',	8,	'Sony',	2,	2415.80,	1815.80,	75.16,	5,	'2025-08-03 17:49:41',	'2025-08-03 17:49:41'),
('2024-06-30',	'1_day_ago',	'quantity',	1,	'Apple',	12,	19189.26,	9489.26,	49.45,	2,	'2025-08-03 17:49:41',	'2025-08-03 17:49:41'),
('2024-06-30',	'1_day_ago',	'quantity',	2,	'Samsung',	13,	20059.70,	15409.70,	76.82,	1,	'2025-08-03 17:49:41',	'2025-08-03 17:49:41'),
('2024-06-30',	'1_day_ago',	'quantity',	3,	'Nike',	5,	4475.56,	4412.56,	98.59,	3,	'2025-08-03 17:49:41',	'2025-08-03 17:49:41'),
('2024-06-30',	'1_day_ago',	'quantity',	4,	'Adidas',	4,	7477.49,	7437.49,	99.47,	4,	'2025-08-03 17:49:41',	'2025-08-03 17:49:41'),
('2024-06-30',	'1_day_ago',	'quantity',	8,	'Sony',	2,	2415.80,	1815.80,	75.16,	5,	'2025-08-03 17:49:41',	'2025-08-03 17:49:41'),
('2024-06-30',	'7_days_ago',	'revenue',	1,	'Apple',	56,	64403.46,	24753.46,	38.43,	1,	'2025-08-03 17:49:41',	'2025-08-03 17:49:41'),
('2024-06-30',	'7_days_ago',	'revenue',	2,	'Samsung',	34,	46481.81,	33281.81,	71.60,	3,	'2025-08-03 17:49:41',	'2025-08-03 17:49:41'),
('2024-06-30',	'7_days_ago',	'revenue',	3,	'Nike',	47,	60192.36,	58692.36,	97.51,	2,	'2025-08-03 17:49:41',	'2025-08-03 17:49:41'),
('2024-06-30',	'7_days_ago',	'revenue',	4,	'Adidas',	35,	44648.42,	43731.42,	97.95,	4,	'2025-08-03 17:49:41',	'2025-08-03 17:49:41'),
('2024-06-30',	'7_days_ago',	'revenue',	8,	'Sony',	10,	15180.79,	12430.79,	81.89,	5,	'2025-08-03 17:49:41',	'2025-08-03 17:49:41'),
('2024-06-30',	'7_days_ago',	'quantity',	1,	'Apple',	56,	64403.46,	24753.46,	38.43,	1,	'2025-08-03 17:49:41',	'2025-08-03 17:49:41'),
('2024-06-30',	'7_days_ago',	'quantity',	2,	'Samsung',	34,	46481.81,	33281.81,	71.60,	4,	'2025-08-03 17:49:41',	'2025-08-03 17:49:41'),
('2024-06-30',	'7_days_ago',	'quantity',	3,	'Nike',	47,	60192.36,	58692.36,	97.51,	2,	'2025-08-03 17:49:41',	'2025-08-03 17:49:41'),
('2024-06-30',	'7_days_ago',	'quantity',	4,	'Adidas',	35,	44648.42,	43731.42,	97.95,	3,	'2025-08-03 17:49:41',	'2025-08-03 17:49:41'),
('2024-06-30',	'7_days_ago',	'quantity',	8,	'Sony',	10,	15180.79,	12430.79,	81.89,	5,	'2025-08-03 17:49:41',	'2025-08-03 17:49:41'),
('2024-06-30',	'1_month_ago',	'revenue',	1,	'Apple',	150,	171977.48,	50927.48,	29.61,	3,	'2025-08-03 17:49:42',	'2025-08-03 17:49:42'),
('2024-06-30',	'1_month_ago',	'revenue',	2,	'Samsung',	72,	96403.63,	59053.63,	61.26,	4,	'2025-08-03 17:49:42',	'2025-08-03 17:49:42'),
('2024-06-30',	'1_month_ago',	'revenue',	3,	'Nike',	146,	187378.35,	182634.35,	97.47,	1,	'2025-08-03 17:49:42',	'2025-08-03 17:49:42'),
('2024-06-30',	'1_month_ago',	'revenue',	4,	'Adidas',	153,	178677.35,	172755.35,	96.69,	2,	'2025-08-03 17:49:42',	'2025-08-03 17:49:42'),
('2024-06-30',	'1_month_ago',	'revenue',	8,	'Sony',	40,	50815.67,	39815.67,	78.35,	5,	'2025-08-03 17:49:42',	'2025-08-03 17:49:42'),
('2024-06-30',	'1_month_ago',	'quantity',	1,	'Apple',	150,	171977.48,	50927.48,	29.61,	2,	'2025-08-03 17:49:42',	'2025-08-03 17:49:42'),
('2024-06-30',	'1_month_ago',	'quantity',	2,	'Samsung',	72,	96403.63,	59053.63,	61.26,	4,	'2025-08-03 17:49:42',	'2025-08-03 17:49:42'),
('2024-06-30',	'1_month_ago',	'quantity',	3,	'Nike',	146,	187378.35,	182634.35,	97.47,	3,	'2025-08-03 17:49:42',	'2025-08-03 17:49:42'),
('2024-06-30',	'1_month_ago',	'quantity',	4,	'Adidas',	153,	178677.35,	172755.35,	96.69,	1,	'2025-08-03 17:49:42',	'2025-08-03 17:49:42'),
('2024-06-30',	'1_month_ago',	'quantity',	8,	'Sony',	40,	50815.67,	39815.67,	78.35,	5,	'2025-08-03 17:49:42',	'2025-08-03 17:49:42'),
('2024-06-30',	'3_months_ago',	'revenue',	1,	'Apple',	398,	450583.28,	119483.28,	26.52,	3,	'2025-08-03 17:49:42',	'2025-08-03 17:49:42'),
('2024-06-30',	'3_months_ago',	'revenue',	2,	'Samsung',	243,	291680.93,	162030.93,	55.55,	4,	'2025-08-03 17:49:42',	'2025-08-03 17:49:42'),
('2024-06-30',	'3_months_ago',	'revenue',	3,	'Nike',	474,	605085.34,	587133.34,	97.03,	1,	'2025-08-03 17:49:42',	'2025-08-03 17:49:42'),
('2024-06-30',	'3_months_ago',	'revenue',	4,	'Adidas',	473,	590890.23,	574723.23,	97.26,	2,	'2025-08-03 17:49:42',	'2025-08-03 17:49:42'),
('2024-06-30',	'3_months_ago',	'revenue',	8,	'Sony',	104,	137045.34,	109195.34,	79.68,	5,	'2025-08-03 17:49:42',	'2025-08-03 17:49:42'),
('2024-06-30',	'3_months_ago',	'quantity',	1,	'Apple',	398,	450583.28,	119483.28,	26.52,	3,	'2025-08-03 17:49:42',	'2025-08-03 17:49:42'),
('2024-06-30',	'3_months_ago',	'quantity',	2,	'Samsung',	243,	291680.93,	162030.93,	55.55,	4,	'2025-08-03 17:49:42',	'2025-08-03 17:49:42'),
('2024-06-30',	'3_months_ago',	'quantity',	3,	'Nike',	474,	605085.34,	587133.34,	97.03,	1,	'2025-08-03 17:49:42',	'2025-08-03 17:49:42'),
('2024-06-30',	'3_months_ago',	'quantity',	4,	'Adidas',	473,	590890.23,	574723.23,	97.26,	2,	'2025-08-03 17:49:42',	'2025-08-03 17:49:42'),
('2024-06-30',	'3_months_ago',	'quantity',	8,	'Sony',	104,	137045.34,	109195.34,	79.68,	5,	'2025-08-03 17:49:42',	'2025-08-03 17:49:42'),
('2024-06-30',	'6_months_ago',	'revenue',	1,	'Apple',	618,	746512.26,	235212.26,	31.51,	3,	'2025-08-03 17:49:44',	'2025-08-03 17:49:44'),
('2024-06-30',	'6_months_ago',	'revenue',	2,	'Samsung',	312,	380437.74,	218637.74,	57.47,	4,	'2025-08-03 17:49:44',	'2025-08-03 17:49:44'),
('2024-06-30',	'6_months_ago',	'revenue',	3,	'Nike',	704,	928869.80,	902157.80,	97.12,	1,	'2025-08-03 17:49:44',	'2025-08-03 17:49:44'),
('2024-06-30',	'6_months_ago',	'revenue',	4,	'Adidas',	678,	836746.60,	813576.60,	97.23,	2,	'2025-08-03 17:49:44',	'2025-08-03 17:49:44'),
('2024-06-30',	'6_months_ago',	'revenue',	8,	'Sony',	131,	166585.83,	131135.83,	78.72,	5,	'2025-08-03 17:49:44',	'2025-08-03 17:49:44'),
('2024-06-30',	'6_months_ago',	'quantity',	1,	'Apple',	618,	746512.26,	235212.26,	31.51,	3,	'2025-08-03 17:49:44',	'2025-08-03 17:49:44'),
('2024-06-30',	'6_months_ago',	'quantity',	2,	'Samsung',	312,	380437.74,	218637.74,	57.47,	4,	'2025-08-03 17:49:44',	'2025-08-03 17:49:44'),
('2024-06-30',	'6_months_ago',	'quantity',	3,	'Nike',	704,	928869.80,	902157.80,	97.12,	1,	'2025-08-03 17:49:44',	'2025-08-03 17:49:44'),
('2024-06-30',	'6_months_ago',	'quantity',	4,	'Adidas',	678,	836746.60,	813576.60,	97.23,	2,	'2025-08-03 17:49:44',	'2025-08-03 17:49:44'),
('2024-06-30',	'6_months_ago',	'quantity',	8,	'Sony',	131,	166585.83,	131135.83,	78.72,	5,	'2025-08-03 17:49:44',	'2025-08-03 17:49:44'),
('2024-06-30',	'1_year_ago',	'revenue',	1,	'Apple',	618,	746512.26,	235212.26,	31.51,	3,	'2025-08-03 17:49:45',	'2025-08-03 17:49:45'),
('2024-06-30',	'1_year_ago',	'revenue',	2,	'Samsung',	312,	380437.74,	218637.74,	57.47,	4,	'2025-08-03 17:49:45',	'2025-08-03 17:49:45'),
('2024-06-30',	'1_year_ago',	'revenue',	3,	'Nike',	704,	928869.80,	902157.80,	97.12,	1,	'2025-08-03 17:49:45',	'2025-08-03 17:49:45'),
('2024-06-30',	'1_year_ago',	'revenue',	4,	'Adidas',	678,	836746.60,	813576.60,	97.23,	2,	'2025-08-03 17:49:45',	'2025-08-03 17:49:45'),
('2024-06-30',	'1_year_ago',	'revenue',	8,	'Sony',	131,	166585.83,	131135.83,	78.72,	5,	'2025-08-03 17:49:45',	'2025-08-03 17:49:45'),
('2024-06-30',	'1_year_ago',	'quantity',	1,	'Apple',	618,	746512.26,	235212.26,	31.51,	3,	'2025-08-03 17:49:45',	'2025-08-03 17:49:45'),
('2024-06-30',	'1_year_ago',	'quantity',	2,	'Samsung',	312,	380437.74,	218637.74,	57.47,	4,	'2025-08-03 17:49:45',	'2025-08-03 17:49:45'),
('2024-06-30',	'1_year_ago',	'quantity',	3,	'Nike',	704,	928869.80,	902157.80,	97.12,	1,	'2025-08-03 17:49:45',	'2025-08-03 17:49:45'),
('2024-06-30',	'1_year_ago',	'quantity',	4,	'Adidas',	678,	836746.60,	813576.60,	97.23,	2,	'2025-08-03 17:49:45',	'2025-08-03 17:49:45'),
('2024-06-30',	'1_year_ago',	'quantity',	8,	'Sony',	131,	166585.83,	131135.83,	78.72,	5,	'2025-08-03 17:49:45',	'2025-08-03 17:49:45'),
('2024-06-30',	'all_time',	'revenue',	1,	'Apple',	618,	746512.26,	235212.26,	31.51,	3,	'2025-08-03 17:49:47',	'2025-08-03 17:49:47'),
('2024-06-30',	'all_time',	'revenue',	2,	'Samsung',	312,	380437.74,	218637.74,	57.47,	4,	'2025-08-03 17:49:47',	'2025-08-03 17:49:47'),
('2024-06-30',	'all_time',	'revenue',	3,	'Nike',	704,	928869.80,	902157.80,	97.12,	1,	'2025-08-03 17:49:47',	'2025-08-03 17:49:47'),
('2024-06-30',	'all_time',	'revenue',	4,	'Adidas',	678,	836746.60,	813576.60,	97.23,	2,	'2025-08-03 17:49:47',	'2025-08-03 17:49:47'),
('2024-06-30',	'all_time',	'revenue',	8,	'Sony',	131,	166585.83,	131135.83,	78.72,	5,	'2025-08-03 17:49:47',	'2025-08-03 17:49:47'),
('2024-06-30',	'all_time',	'quantity',	1,	'Apple',	618,	746512.26,	235212.26,	31.51,	3,	'2025-08-03 17:49:47',	'2025-08-03 17:49:47'),
('2024-06-30',	'all_time',	'quantity',	2,	'Samsung',	312,	380437.74,	218637.74,	57.47,	4,	'2025-08-03 17:49:47',	'2025-08-03 17:49:47'),
('2024-06-30',	'all_time',	'quantity',	3,	'Nike',	704,	928869.80,	902157.80,	97.12,	1,	'2025-08-03 17:49:47',	'2025-08-03 17:49:47'),
('2024-06-30',	'all_time',	'quantity',	4,	'Adidas',	678,	836746.60,	813576.60,	97.23,	2,	'2025-08-03 17:49:47',	'2025-08-03 17:49:47'),
('2024-06-30',	'all_time',	'quantity',	8,	'Sony',	131,	166585.83,	131135.83,	78.72,	5,	'2025-08-03 17:49:47',	'2025-08-03 17:49:47');

DROP TABLE IF EXISTS `brands`;
CREATE TABLE `brands` (
  `id` int NOT NULL AUTO_INCREMENT,
  `name` varchar(255) CHARACTER SET utf8mb4 COLLATE utf8mb4_unicode_ci NOT NULL,
  `created_at` datetime(3) NOT NULL DEFAULT CURRENT_TIMESTAMP(3),
  `updated_at` datetime(3) NOT NULL,
  PRIMARY KEY (`id`),
  UNIQUE KEY `brands_name_key` (`name`)
) ENGINE=InnoDB DEFAULT CHARSET=utf8mb4 COLLATE=utf8mb4_unicode_ci;

INSERT INTO `brands` (`id`, `name`, `created_at`, `updated_at`) VALUES
(1,	'Apple',	'2025-08-02 05:50:47.910',	'2025-08-02 05:50:47.910'),
(2,	'Samsung',	'2025-08-02 05:50:47.966',	'2025-08-02 05:50:47.966'),
(3,	'Nike',	'2025-08-02 05:50:47.983',	'2025-08-02 05:50:47.983'),
(4,	'Adidas',	'2025-08-02 05:50:47.993',	'2025-08-02 05:50:47.993'),
(5,	'Puma',	'2025-08-02 05:50:48.001',	'2025-08-02 05:50:48.001'),
(6,	'Converse',	'2025-08-02 05:50:48.010',	'2025-08-02 05:50:48.010'),
(7,	'Vans',	'2025-08-02 05:50:48.017',	'2025-08-02 05:50:48.017'),
(8,	'Sony',	'2025-08-02 05:50:48.025',	'2025-08-02 05:50:48.025'),
(9,	'Bose',	'2025-08-02 05:50:48.034',	'2025-08-02 05:50:48.034'),
(10,	'JBL ',	'2025-08-02 05:50:48.043',	'2025-08-02 05:50:48.043');

DROP TABLE IF EXISTS `categories`;
CREATE TABLE `categories` (
  `id` int NOT NULL AUTO_INCREMENT,
  `name` varchar(255) CHARACTER SET utf8mb4 COLLATE utf8mb4_unicode_ci NOT NULL,
  `created_at` datetime(3) NOT NULL DEFAULT CURRENT_TIMESTAMP(3),
  `updated_at` datetime(3) NOT NULL,
  PRIMARY KEY (`id`),
  UNIQUE KEY `categories_name_key` (`name`)
) ENGINE=InnoDB DEFAULT CHARSET=utf8mb4 COLLATE=utf8mb4_unicode_ci;

INSERT INTO `categories` (`id`, `name`, `created_at`, `updated_at`) VALUES
(1,	'Electronics',	'2025-08-02 05:50:48.051',	'2025-08-02 05:50:48.051'),
(2,	'Footwear',	'2025-08-02 05:50:48.071',	'2025-08-02 05:50:48.071'),
(3,	'Clothing',	'2025-08-02 05:50:48.080',	'2025-08-02 05:50:48.080'),
(4,	'Sports ',	'2025-08-02 05:50:48.088',	'2025-08-02 05:50:48.088');

DROP TABLE IF EXISTS `category_summary`;
CREATE TABLE `category_summary` (
  `analysis_date` date NOT NULL,
  `data_range` enum('1_day_ago','7_days_ago','1_month_ago','3_months_ago','6_months_ago','1_year_ago','all_time') NOT NULL,
  `sort_type` enum('revenue','quantity') NOT NULL,
  `category_id` int NOT NULL,
  `category_name` varchar(200) NOT NULL,
  `total_quantity_sold` int DEFAULT '0',
  `total_revenue` decimal(10,2) DEFAULT '0.00',
  `total_profit` decimal(10,2) DEFAULT '0.00',
  `profit_margin` decimal(5,2) DEFAULT '0.00',
  `rank_position` int DEFAULT '0',
  `created_at` datetime DEFAULT CURRENT_TIMESTAMP,
  `updated_at` datetime DEFAULT CURRENT_TIMESTAMP ON UPDATE CURRENT_TIMESTAMP,
  PRIMARY KEY (`analysis_date`,`data_range`,`sort_type`,`category_id`)
) ENGINE=InnoDB DEFAULT CHARSET=utf8mb4 COLLATE=utf8mb4_0900_ai_ci;

INSERT INTO `category_summary` (`analysis_date`, `data_range`, `sort_type`, `category_id`, `category_name`, `total_quantity_sold`, `total_revenue`, `total_profit`, `profit_margin`, `rank_position`, `created_at`, `updated_at`) VALUES
('2024-06-30',	'1_day_ago',	'revenue',	1,	'Electronics',	27,	41664.76,	26714.76,	64.12,	1,	'2025-08-03 17:49:41',	'2025-08-03 17:49:41'),
('2024-06-30',	'1_day_ago',	'revenue',	3,	'Clothing',	1,	1142.85,	1127.85,	98.69,	3,	'2025-08-03 17:49:41',	'2025-08-03 17:49:41'),
('2024-06-30',	'1_day_ago',	'revenue',	4,	'Sports ',	8,	10810.20,	10722.20,	99.19,	2,	'2025-08-03 17:49:41',	'2025-08-03 17:49:41'),
('2024-06-30',	'1_day_ago',	'quantity',	1,	'Electronics',	27,	41664.76,	26714.76,	64.12,	1,	'2025-08-03 17:49:41',	'2025-08-03 17:49:41'),
('2024-06-30',	'1_day_ago',	'quantity',	3,	'Clothing',	1,	1142.85,	1127.85,	98.69,	3,	'2025-08-03 17:49:41',	'2025-08-03 17:49:41'),
('2024-06-30',	'1_day_ago',	'quantity',	4,	'Sports ',	8,	10810.20,	10722.20,	99.19,	2,	'2025-08-03 17:49:41',	'2025-08-03 17:49:41'),
('2024-06-30',	'7_days_ago',	'revenue',	1,	'Electronics',	100,	126066.06,	70466.06,	55.90,	1,	'2025-08-03 17:49:41',	'2025-08-03 17:49:41'),
('2024-06-30',	'7_days_ago',	'revenue',	2,	'Footwear',	12,	16837.85,	15877.85,	94.30,	4,	'2025-08-03 17:49:41',	'2025-08-03 17:49:41'),
('2024-06-30',	'7_days_ago',	'revenue',	3,	'Clothing',	36,	41713.21,	40836.21,	97.90,	3,	'2025-08-03 17:49:41',	'2025-08-03 17:49:41'),
('2024-06-30',	'7_days_ago',	'revenue',	4,	'Sports ',	34,	46289.72,	45709.72,	98.75,	2,	'2025-08-03 17:49:41',	'2025-08-03 17:49:41'),
('2024-06-30',	'7_days_ago',	'quantity',	1,	'Electronics',	100,	126066.06,	70466.06,	55.90,	1,	'2025-08-03 17:49:41',	'2025-08-03 17:49:41'),
('2024-06-30',	'7_days_ago',	'quantity',	2,	'Footwear',	12,	16837.85,	15877.85,	94.30,	4,	'2025-08-03 17:49:41',	'2025-08-03 17:49:41'),
('2024-06-30',	'7_days_ago',	'quantity',	3,	'Clothing',	36,	41713.21,	40836.21,	97.90,	2,	'2025-08-03 17:49:41',	'2025-08-03 17:49:41'),
('2024-06-30',	'7_days_ago',	'quantity',	4,	'Sports ',	34,	46289.72,	45709.72,	98.75,	3,	'2025-08-03 17:49:41',	'2025-08-03 17:49:41'),
('2024-06-30',	'1_month_ago',	'revenue',	1,	'Electronics',	262,	319196.78,	149796.78,	46.93,	1,	'2025-08-03 17:49:42',	'2025-08-03 17:49:42'),
('2024-06-30',	'1_month_ago',	'revenue',	2,	'Footwear',	64,	82901.12,	77381.12,	93.34,	4,	'2025-08-03 17:49:42',	'2025-08-03 17:49:42'),
('2024-06-30',	'1_month_ago',	'revenue',	3,	'Clothing',	156,	173361.62,	169599.62,	97.83,	2,	'2025-08-03 17:49:42',	'2025-08-03 17:49:42'),
('2024-06-30',	'1_month_ago',	'revenue',	4,	'Sports ',	79,	109792.96,	108408.96,	98.74,	3,	'2025-08-03 17:49:42',	'2025-08-03 17:49:42'),
('2024-06-30',	'1_month_ago',	'quantity',	1,	'Electronics',	262,	319196.78,	149796.78,	46.93,	1,	'2025-08-03 17:49:42',	'2025-08-03 17:49:42'),
('2024-06-30',	'1_month_ago',	'quantity',	2,	'Footwear',	64,	82901.12,	77381.12,	93.34,	4,	'2025-08-03 17:49:42',	'2025-08-03 17:49:42'),
('2024-06-30',	'1_month_ago',	'quantity',	3,	'Clothing',	156,	173361.62,	169599.62,	97.83,	2,	'2025-08-03 17:49:42',	'2025-08-03 17:49:42'),
('2024-06-30',	'1_month_ago',	'quantity',	4,	'Sports ',	79,	109792.96,	108408.96,	98.74,	3,	'2025-08-03 17:49:42',	'2025-08-03 17:49:42'),
('2024-06-30',	'3_months_ago',	'revenue',	1,	'Electronics',	745,	879309.55,	390709.55,	44.43,	1,	'2025-08-03 17:49:42',	'2025-08-03 17:49:42'),
('2024-06-30',	'3_months_ago',	'revenue',	2,	'Footwear',	208,	260959.76,	243059.76,	93.14,	4,	'2025-08-03 17:49:42',	'2025-08-03 17:49:42'),
('2024-06-30',	'3_months_ago',	'revenue',	3,	'Clothing',	449,	555328.84,	544594.84,	98.07,	2,	'2025-08-03 17:49:42',	'2025-08-03 17:49:42'),
('2024-06-30',	'3_months_ago',	'revenue',	4,	'Sports ',	290,	379686.97,	374201.97,	98.56,	3,	'2025-08-03 17:49:42',	'2025-08-03 17:49:42'),
('2024-06-30',	'3_months_ago',	'quantity',	1,	'Electronics',	745,	879309.55,	390709.55,	44.43,	1,	'2025-08-03 17:49:42',	'2025-08-03 17:49:42'),
('2024-06-30',	'3_months_ago',	'quantity',	2,	'Footwear',	208,	260959.76,	243059.76,	93.14,	4,	'2025-08-03 17:49:42',	'2025-08-03 17:49:42'),
('2024-06-30',	'3_months_ago',	'quantity',	3,	'Clothing',	449,	555328.84,	544594.84,	98.07,	2,	'2025-08-03 17:49:42',	'2025-08-03 17:49:42'),
('2024-06-30',	'3_months_ago',	'quantity',	4,	'Sports ',	290,	379686.97,	374201.97,	98.56,	3,	'2025-08-03 17:49:42',	'2025-08-03 17:49:42'),
('2024-06-30',	'6_months_ago',	'revenue',	1,	'Electronics',	1061,	1293535.83,	584985.83,	45.22,	1,	'2025-08-03 17:49:43',	'2025-08-03 17:49:43'),
('2024-06-30',	'6_months_ago',	'revenue',	2,	'Footwear',	311,	393337.74,	366857.74,	93.27,	4,	'2025-08-03 17:49:43',	'2025-08-03 17:49:43'),
('2024-06-30',	'6_months_ago',	'revenue',	3,	'Clothing',	644,	799687.16,	784335.16,	98.08,	2,	'2025-08-03 17:49:43',	'2025-08-03 17:49:43'),
('2024-06-30',	'6_months_ago',	'revenue',	4,	'Sports ',	427,	572591.50,	564541.50,	98.59,	3,	'2025-08-03 17:49:43',	'2025-08-03 17:49:43'),
('2024-06-30',	'6_months_ago',	'quantity',	1,	'Electronics',	1061,	1293535.83,	584985.83,	45.22,	1,	'2025-08-03 17:49:43',	'2025-08-03 17:49:43'),
('2024-06-30',	'6_months_ago',	'quantity',	2,	'Footwear',	311,	393337.74,	366857.74,	93.27,	4,	'2025-08-03 17:49:43',	'2025-08-03 17:49:43'),
('2024-06-30',	'6_months_ago',	'quantity',	3,	'Clothing',	644,	799687.16,	784335.16,	98.08,	2,	'2025-08-03 17:49:43',	'2025-08-03 17:49:43'),
('2024-06-30',	'6_months_ago',	'quantity',	4,	'Sports ',	427,	572591.50,	564541.50,	98.59,	3,	'2025-08-03 17:49:43',	'2025-08-03 17:49:43'),
('2024-06-30',	'1_year_ago',	'revenue',	1,	'Electronics',	1061,	1293535.83,	584985.83,	45.22,	1,	'2025-08-03 17:49:45',	'2025-08-03 17:49:45'),
('2024-06-30',	'1_year_ago',	'revenue',	2,	'Footwear',	311,	393337.74,	366857.74,	93.27,	4,	'2025-08-03 17:49:45',	'2025-08-03 17:49:45'),
('2024-06-30',	'1_year_ago',	'revenue',	3,	'Clothing',	644,	799687.16,	784335.16,	98.08,	2,	'2025-08-03 17:49:45',	'2025-08-03 17:49:45'),
('2024-06-30',	'1_year_ago',	'revenue',	4,	'Sports ',	427,	572591.50,	564541.50,	98.59,	3,	'2025-08-03 17:49:45',	'2025-08-03 17:49:45'),
('2024-06-30',	'1_year_ago',	'quantity',	1,	'Electronics',	1061,	1293535.83,	584985.83,	45.22,	1,	'2025-08-03 17:49:45',	'2025-08-03 17:49:45'),
('2024-06-30',	'1_year_ago',	'quantity',	2,	'Footwear',	311,	393337.74,	366857.74,	93.27,	4,	'2025-08-03 17:49:45',	'2025-08-03 17:49:45'),
('2024-06-30',	'1_year_ago',	'quantity',	3,	'Clothing',	644,	799687.16,	784335.16,	98.08,	2,	'2025-08-03 17:49:45',	'2025-08-03 17:49:45'),
('2024-06-30',	'1_year_ago',	'quantity',	4,	'Sports ',	427,	572591.50,	564541.50,	98.59,	3,	'2025-08-03 17:49:45',	'2025-08-03 17:49:45'),
('2024-06-30',	'all_time',	'revenue',	1,	'Electronics',	1061,	1293535.83,	584985.83,	45.22,	1,	'2025-08-03 17:49:47',	'2025-08-03 17:49:47'),
('2024-06-30',	'all_time',	'revenue',	2,	'Footwear',	311,	393337.74,	366857.74,	93.27,	4,	'2025-08-03 17:49:47',	'2025-08-03 17:49:47'),
('2024-06-30',	'all_time',	'revenue',	3,	'Clothing',	644,	799687.16,	784335.16,	98.08,	2,	'2025-08-03 17:49:47',	'2025-08-03 17:49:47'),
('2024-06-30',	'all_time',	'revenue',	4,	'Sports ',	427,	572591.50,	564541.50,	98.59,	3,	'2025-08-03 17:49:47',	'2025-08-03 17:49:47'),
('2024-06-30',	'all_time',	'quantity',	1,	'Electronics',	1061,	1293535.83,	584985.83,	45.22,	1,	'2025-08-03 17:49:47',	'2025-08-03 17:49:47'),
('2024-06-30',	'all_time',	'quantity',	2,	'Footwear',	311,	393337.74,	366857.74,	93.27,	4,	'2025-08-03 17:49:47',	'2025-08-03 17:49:47'),
('2024-06-30',	'all_time',	'quantity',	3,	'Clothing',	644,	799687.16,	784335.16,	98.08,	2,	'2025-08-03 17:49:47',	'2025-08-03 17:49:47'),
('2024-06-30',	'all_time',	'quantity',	4,	'Sports ',	427,	572591.50,	564541.50,	98.59,	3,	'2025-08-03 17:49:47',	'2025-08-03 17:49:47');

DROP TABLE IF EXISTS `customers`;
CREATE TABLE `customers` (
  `id` int NOT NULL AUTO_INCREMENT,
  `name` varchar(255) CHARACTER SET utf8mb4 COLLATE utf8mb4_unicode_ci NOT NULL,
  `email` varchar(255) CHARACTER SET utf8mb4 COLLATE utf8mb4_unicode_ci NOT NULL,
  `phone_number` varchar(20) CHARACTER SET utf8mb4 COLLATE utf8mb4_unicode_ci DEFAULT NULL,
  `created_at` datetime(3) NOT NULL DEFAULT CURRENT_TIMESTAMP(3),
  `updated_at` datetime(3) NOT NULL,
  PRIMARY KEY (`id`),
  UNIQUE KEY `customers_email_key` (`email`)
) ENGINE=InnoDB DEFAULT CHARSET=utf8mb4 COLLATE=utf8mb4_unicode_ci;

INSERT INTO `customers` (`id`, `name`, `email`, `phone_number`, `created_at`, `updated_at`) VALUES
(1,	'John Smith',	'john.smith@email.com',	'0123456789',	'2025-08-02 05:50:48.097',	'2025-08-02 05:50:48.097'),
(2,	'Sarah Johnson',	'sarah.johnson@email.com',	'0987654321',	'2025-08-02 05:50:48.114',	'2025-08-02 05:50:48.114'),
(3,	'Michael Brown',	'michael.brown@email.com',	'0555666777',	'2025-08-02 05:50:48.125',	'2025-08-02 05:50:48.125'),
(4,	'Emily Davis',	'emily.davis@email.com',	'0333444555',	'2025-08-02 05:50:48.132',	'2025-08-02 05:50:48.132'),
(5,	'David Wilson',	'david.wilson@email.com',	'0777888999',	'2025-08-02 05:50:48.140',	'2025-08-02 05:50:48.140'),
(6,	'Lisa Anderson',	'lisa.anderson@email.com',	'0111222333',	'2025-08-02 05:50:48.146',	'2025-08-02 05:50:48.146'),
(7,	'Robert Taylor',	'robert.taylor@email.com',	'0444555666',	'2025-08-02 05:50:48.152',	'2025-08-02 05:50:48.152'),
(8,	'Jennifer Martinez',	'jennifer.martinez@email.com',	'0666777888',	'2025-08-02 05:50:48.160',	'2025-08-02 05:50:48.160'),
(9,	'William Garcia',	'william.garcia@email.com',	'0888999000',	'2025-08-02 05:50:48.173',	'2025-08-02 05:50:48.173'),
(10,	'Amanda Rodriguez',	'amanda.rodriguez@email.com',	'0222333444',	'2025-08-02 05:50:48.182',	'2025-08-02 05:50:48.182'),
(11,	'James Lopez',	'james.lopez@email.com',	'0555666777',	'2025-08-02 05:50:48.191',	'2025-08-02 05:50:48.191'),
(12,	'Michelle White',	'michelle.white@email.com',	'0777888999',	'2025-08-02 05:50:48.200',	'2025-08-02 05:50:48.200'),
(13,	'Christopher Lee',	'christopher.lee@email.com',	'0999000111',	'2025-08-02 05:50:48.212',	'2025-08-02 05:50:48.212'),
(14,	'Jessica Hall',	'jessica.hall@email.com',	'0111222333',	'2025-08-02 05:50:48.222',	'2025-08-02 05:50:48.222'),
(15,	'Daniel Allen',	'daniel.allen@email.com',	'0333444555',	'2025-08-02 05:50:48.230',	'2025-08-02 05:50:48.230'),
(16,	'Ashley Young',	'ashley.young@email.com',	'0555666777',	'2025-08-02 05:50:48.241',	'2025-08-02 05:50:48.241'),
(17,	'Matthew King',	'matthew.king@email.com',	'0777888999',	'2025-08-02 05:50:48.250',	'2025-08-02 05:50:48.250'),
(18,	'Nicole Wright',	'nicole.wright@email.com',	'0999000111',	'2025-08-02 05:50:48.258',	'2025-08-02 05:50:48.258'),
(19,	'Joshua Green',	'joshua.green@email.com',	'0111222333',	'2025-08-02 05:50:48.264',	'2025-08-02 05:50:48.264'),
(20,	'Stephanie Baker',	'stephanie.baker@email.com',	'0333444555',	'2025-08-02 05:50:48.271',	'2025-08-02 05:50:48.271'),
(21,	'Andrew Adams',	'andrew.adams@email.com',	'0555666777',	'2025-08-02 05:50:48.277',	'2025-08-02 05:50:48.277'),
(22,	'Rebecca Nelson',	'rebecca.nelson@email.com',	'0777888999',	'2025-08-02 05:50:48.284',	'2025-08-02 05:50:48.284'),
(23,	'Kevin Carter',	'kevin.carter@email.com',	'0999000111',	'2025-08-02 05:50:48.292',	'2025-08-02 05:50:48.292'),
(24,	'Laura Mitchell',	'laura.mitchell@email.com',	'0111222333',	'2025-08-02 05:50:48.299',	'2025-08-02 05:50:48.299'),
(25,	'Brian Perez',	'brian.perez@email.com',	'0333444555',	'2025-08-02 05:50:48.307',	'2025-08-02 05:50:48.307'),
(26,	'Rachel Roberts',	'rachel.roberts@email.com',	'0555666777',	'2025-08-02 05:50:48.313',	'2025-08-02 05:50:48.313'),
(27,	'Steven Turner',	'steven.turner@email.com',	'0777888999',	'2025-08-02 05:50:48.321',	'2025-08-02 05:50:48.321'),
(28,	'Heather Phillips',	'heather.phillips@email.com',	'0999000111',	'2025-08-02 05:50:48.328',	'2025-08-02 05:50:48.328'),
(29,	'Timothy Campbell',	'timothy.campbell@email.com',	'0111222333',	'2025-08-02 05:50:48.334',	'2025-08-02 05:50:48.334'),
(30,	'Melissa Parker',	'melissa.parker@email.com',	'0333444555',	'2025-08-02 05:50:48.342',	'2025-08-02 05:50:48.342'),
(31,	'Jeffrey Evans',	'jeffrey.evans@email.com',	'0555666777',	'2025-08-02 05:50:48.349',	'2025-08-02 05:50:48.349'),
(32,	'Deborah Edwards',	'deborah.edwards@email.com',	'0777888999',	'2025-08-02 05:50:48.357',	'2025-08-02 05:50:48.357'),
(33,	'Ryan Collins',	'ryan.collins@email.com',	'0999000111',	'2025-08-02 05:50:48.364',	'2025-08-02 05:50:48.364'),
(34,	'Kimberly Stewart',	'kimberly.stewart@email.com',	'0111222333',	'2025-08-02 05:50:48.371',	'2025-08-02 05:50:48.371'),
(35,	'Jacob Morris',	'jacob.morris@email.com',	'0333444555',	'2025-08-02 05:50:48.379',	'2025-08-02 05:50:48.379'),
(36,	'Amber Rogers',	'amber.rogers@email.com',	'0555666777',	'2025-08-02 05:50:48.385',	'2025-08-02 05:50:48.385'),
(37,	'Gary Reed',	'gary.reed@email.com',	'0777888999',	'2025-08-02 05:50:48.393',	'2025-08-02 05:50:48.393'),
(38,	'Danielle Cook',	'danielle.cook@email.com',	'0999000111',	'2025-08-02 05:50:48.399',	'2025-08-02 05:50:48.399'),
(39,	'Jonathan Morgan',	'jonathan.morgan@email.com',	'0111222333',	'2025-08-02 05:50:48.406',	'2025-08-02 05:50:48.406'),
(40,	'Brittany Bell',	'brittany.bell@email.com',	'0333444555',	'2025-08-02 05:50:48.413',	'2025-08-02 05:50:48.413'),
(41,	'Tyler Murphy',	'tyler.murphy@email.com',	'0555666777',	'2025-08-02 05:50:48.421',	'2025-08-02 05:50:48.421'),
(42,	'Megan Bailey',	'megan.bailey@email.com',	'0777888999',	'2025-08-02 05:50:48.428',	'2025-08-02 05:50:48.428'),
(43,	'Adam Rivera',	'adam.rivera@email.com',	'0999000111',	'2025-08-02 05:50:48.436',	'2025-08-02 05:50:48.436'),
(44,	'Lauren Cooper',	'lauren.cooper@email.com',	'0111222333',	'2025-08-02 05:50:48.443',	'2025-08-02 05:50:48.443'),
(45,	'Nathan Richardson',	'nathan.richardson@email.com',	'0333444555',	'2025-08-02 05:50:48.448',	'2025-08-02 05:50:48.448'),
(46,	'Crystal Cox',	'crystal.cox@email.com',	'0555666777',	'2025-08-02 05:50:48.456',	'2025-08-02 05:50:48.456'),
(47,	'Sean Howard',	'sean.howard@email.com',	'0777888999',	'2025-08-02 05:50:48.463',	'2025-08-02 05:50:48.463'),
(48,	'Tiffany Ward',	'tiffany.ward@email.com',	'0999000111',	'2025-08-02 05:50:48.470',	'2025-08-02 05:50:48.470'),
(49,	'Brandon Torres',	'brandon.torres@email.com',	'0111222333',	'2025-08-02 05:50:48.477',	'2025-08-02 05:50:48.477'),
(50,	'Crystal Peterson',	'crystal.peterson@email.com',	'0333444555 ',	'2025-08-02 05:50:48.483',	'2025-08-02 05:50:48.483');

DROP TABLE IF EXISTS `daily_sales_summary`;
CREATE TABLE `daily_sales_summary` (
  `analysis_date` date NOT NULL,
  `total_orders` int DEFAULT '0',
  `total_revenue` decimal(10,2) DEFAULT '0.00',
  `total_profit` decimal(10,2) DEFAULT '0.00',
  `total_refunds` int DEFAULT '0',
  `created_at` datetime DEFAULT CURRENT_TIMESTAMP,
  `updated_at` datetime DEFAULT CURRENT_TIMESTAMP ON UPDATE CURRENT_TIMESTAMP,
  PRIMARY KEY (`analysis_date`)
) ENGINE=InnoDB DEFAULT CHARSET=utf8mb4 COLLATE=utf8mb4_0900_ai_ci;

INSERT INTO `daily_sales_summary` (`analysis_date`, `total_orders`, `total_revenue`, `total_profit`, `total_refunds`, `created_at`, `updated_at`) VALUES
('2024-06-30',	8,	45581.15,	32666.15,	0,	'2025-08-03 17:01:19',	'2025-08-03 17:49:41'),
('2025-08-03',	0,	0.00,	0.00,	0,	'2025-08-03 17:34:13',	'2025-08-03 17:34:13');

DROP TABLE IF EXISTS `items`;
CREATE TABLE `items` (
  `id` int NOT NULL AUTO_INCREMENT,
  `sku` varchar(100) CHARACTER SET utf8mb4 COLLATE utf8mb4_unicode_ci NOT NULL,
  `name` varchar(255) CHARACTER SET utf8mb4 COLLATE utf8mb4_unicode_ci NOT NULL,
  `cost_price` decimal(10,2) NOT NULL DEFAULT '0.00',
  `sale_price` decimal(10,2) NOT NULL,
  `stock_quantity` int NOT NULL DEFAULT '0',
  `brand_id` int DEFAULT NULL,
  `category_id` int DEFAULT NULL,
  `is_active` tinyint(1) NOT NULL DEFAULT '1',
  `is_adult_content` tinyint(1) DEFAULT NULL,
  `nudity_detection_score` decimal(3,2) DEFAULT NULL,
  `created_at` datetime(3) NOT NULL DEFAULT CURRENT_TIMESTAMP(3),
  `updated_at` datetime(3) NOT NULL,
  PRIMARY KEY (`id`),
  UNIQUE KEY `items_sku_key` (`sku`),
  KEY `items_brand_id_fkey` (`brand_id`),
  KEY `items_category_id_fkey` (`category_id`),
  CONSTRAINT `items_brand_id_fkey` FOREIGN KEY (`brand_id`) REFERENCES `brands` (`id`) ON DELETE SET NULL ON UPDATE CASCADE,
  CONSTRAINT `items_category_id_fkey` FOREIGN KEY (`category_id`) REFERENCES `categories` (`id`) ON DELETE SET NULL ON UPDATE CASCADE
) ENGINE=InnoDB DEFAULT CHARSET=utf8mb4 COLLATE=utf8mb4_unicode_ci;

INSERT INTO `items` (`id`, `sku`, `name`, `cost_price`, `sale_price`, `stock_quantity`, `brand_id`, `category_id`, `is_active`, `is_adult_content`, `nudity_detection_score`, `created_at`, `updated_at`) VALUES
(1,	'IPHONE-15-128',	'iPhone 15 128GB',	800.00,	999.00,	50,	1,	1,	1,	NULL,	NULL,	'2025-08-02 05:50:48.498',	'2025-08-02 05:50:48.498'),
(2,	'IPHONE-15-256',	'iPhone 15 256GB',	850.00,	1099.00,	30,	1,	1,	1,	NULL,	NULL,	'2025-08-02 05:50:48.523',	'2025-08-02 05:50:48.523'),
(3,	'IPHONE-15-PRO',	'iPhone 15 Pro 128GB',	950.00,	1199.00,	25,	1,	1,	1,	NULL,	NULL,	'2025-08-02 05:50:48.539',	'2025-08-02 05:50:48.539'),
(4,	'SAMSUNG-S24',	'Samsung Galaxy S24 128GB',	700.00,	899.00,	40,	2,	1,	1,	NULL,	NULL,	'2025-08-02 05:50:48.551',	'2025-08-02 05:50:48.551'),
(5,	'SAMSUNG-S24-ULTRA',	'Samsung Galaxy S24 Ultra 256GB',	900.00,	1199.00,	20,	2,	1,	1,	NULL,	NULL,	'2025-08-02 05:50:48.566',	'2025-08-02 05:50:48.566'),
(6,	'MACBOOK-AIR',	'MacBook Air M2 13-inch',	1200.00,	1499.00,	15,	1,	1,	1,	NULL,	NULL,	'2025-08-02 05:50:48.581',	'2025-08-02 05:50:48.581'),
(7,	'MACBOOK-PRO',	'MacBook Pro M3 14-inch',	1800.00,	2299.00,	10,	1,	1,	1,	NULL,	NULL,	'2025-08-02 05:50:48.594',	'2025-08-02 05:50:48.594'),
(8,	'AIRPODS-PRO',	'AirPods Pro 2nd Gen',	200.00,	249.00,	100,	1,	1,	1,	NULL,	NULL,	'2025-08-02 05:50:48.608',	'2025-08-02 05:50:48.608'),
(9,	'AIRPODS-MAX',	'AirPods Max',	450.00,	549.00,	25,	1,	1,	1,	NULL,	NULL,	'2025-08-02 05:50:48.622',	'2025-08-02 05:50:48.622'),
(10,	'SAMSUNG-BUDS',	'Samsung Galaxy Buds2 Pro',	150.00,	199.00,	80,	2,	1,	1,	NULL,	NULL,	'2025-08-02 05:50:48.637',	'2025-08-02 05:50:48.637'),
(11,	'NIKE-AIRMAX',	'Nike Air Max 270',	80.00,	129.00,	200,	3,	2,	1,	NULL,	NULL,	'2025-08-02 05:50:48.652',	'2025-08-02 05:50:48.652'),
(12,	'NIKE-AIRFORCE',	'Nike Air Force 1',	70.00,	109.00,	150,	3,	2,	1,	NULL,	NULL,	'2025-08-02 05:50:48.668',	'2025-08-02 05:50:48.668'),
(13,	'ADIDAS-ULTRABOOST',	'Adidas Ultraboost 22',	120.00,	179.00,	100,	4,	2,	1,	NULL,	NULL,	'2025-08-02 05:50:48.683',	'2025-08-02 05:50:48.683'),
(14,	'ADIDAS-STANSMITH',	'Adidas Stan Smith',	60.00,	89.00,	120,	4,	2,	1,	NULL,	NULL,	'2025-08-02 05:50:48.699',	'2025-08-02 05:50:48.699'),
(15,	'NIKE-JORDAN',	'Nike Air Jordan 1',	90.00,	139.00,	75,	3,	2,	1,	NULL,	NULL,	'2025-08-02 05:50:48.716',	'2025-08-02 05:50:48.716'),
(16,	'SONY-WH1000XM4',	'Sony WH-1000XM4 Headphones',	250.00,	349.00,	30,	8,	1,	1,	NULL,	NULL,	'2025-08-02 05:50:48.730',	'2025-08-02 05:50:48.730'),
(17,	'SONY-WH1000XM5',	'Sony WH-1000XM5 Headphones',	300.00,	399.00,	20,	8,	1,	1,	NULL,	NULL,	'2025-08-02 05:50:48.745',	'2025-08-02 05:50:48.745'),
(18,	'IPAD-AIR',	'iPad Air 5th Gen 64GB',	500.00,	599.00,	35,	1,	1,	1,	NULL,	NULL,	'2025-08-02 05:50:48.758',	'2025-08-02 05:50:48.758'),
(19,	'IPAD-PRO',	'iPad Pro 12.9-inch 128GB',	900.00,	1099.00,	15,	1,	1,	1,	NULL,	NULL,	'2025-08-02 05:50:48.771',	'2025-08-02 05:50:48.771'),
(20,	'SAMSUNG-TAB',	'Samsung Galaxy Tab S9 128GB',	600.00,	749.00,	25,	2,	1,	1,	NULL,	NULL,	'2025-08-02 05:50:48.784',	'2025-08-02 05:50:48.784'),
(21,	'APPLE-WATCH',	'Apple Watch Series 9 41mm',	350.00,	399.00,	40,	1,	1,	1,	NULL,	NULL,	'2025-08-02 05:50:48.800',	'2025-08-02 05:50:48.800'),
(22,	'SAMSUNG-WATCH',	'Samsung Galaxy Watch 6 40mm',	250.00,	299.00,	30,	2,	1,	1,	NULL,	NULL,	'2025-08-02 05:50:48.814',	'2025-08-02 05:50:48.814'),
(23,	'NIKE-DRI-FIT',	'Nike Dri-FIT Training Shirt',	25.00,	39.00,	300,	3,	3,	1,	NULL,	NULL,	'2025-08-02 05:50:48.828',	'2025-08-02 05:50:48.828'),
(24,	'ADIDAS-TRACK',	'Adidas Track Jacket',	40.00,	59.00,	200,	4,	3,	1,	NULL,	NULL,	'2025-08-02 05:50:48.842',	'2025-08-02 05:50:48.842'),
(25,	'NIKE-LEGGINGS',	'Nike Pro Leggings',	35.00,	49.00,	250,	3,	3,	1,	NULL,	NULL,	'2025-08-02 05:50:48.857',	'2025-08-02 05:50:48.857'),
(26,	'ADIDAS-SHORTS',	'Adidas Training Shorts',	20.00,	29.00,	400,	4,	3,	1,	NULL,	NULL,	'2025-08-02 05:50:48.871',	'2025-08-02 05:50:48.871'),
(27,	'NIKE-HOODIE',	'Nike Sportswear Hoodie',	45.00,	69.00,	180,	3,	3,	1,	NULL,	NULL,	'2025-08-02 05:50:48.887',	'2025-08-02 05:50:48.887'),
(28,	'ADIDAS-SWEATSHIRT',	'Adidas Sportswear Sweatshirt',	35.00,	49.00,	220,	4,	3,	1,	NULL,	NULL,	'2025-08-02 05:50:48.900',	'2025-08-02 05:50:48.900'),
(29,	'NIKE-CAP',	'Nike Heritage Cap',	15.00,	24.00,	500,	3,	3,	1,	NULL,	NULL,	'2025-08-02 05:50:48.928',	'2025-08-02 05:50:48.928'),
(30,	'ADIDAS-BEANIE',	'Adidas Winter Beanie',	12.00,	19.00,	350,	4,	3,	1,	NULL,	NULL,	'2025-08-02 05:50:48.947',	'2025-08-02 05:50:48.947'),
(31,	'NIKE-SOCKS',	'Nike Elite Socks 3-Pack',	8.00,	12.00,	800,	3,	3,	1,	NULL,	NULL,	'2025-08-02 05:50:48.966',	'2025-08-02 05:50:48.966'),
(32,	'ADIDAS-SOCKS',	'Adidas Performance Socks 6-Pack',	10.00,	15.00,	600,	4,	3,	1,	NULL,	NULL,	'2025-08-02 05:50:48.979',	'2025-08-02 05:50:48.979'),
(33,	'NIKE-BAG',	'Nike Duffel Bag',	30.00,	44.00,	150,	3,	4,	1,	NULL,	NULL,	'2025-08-02 05:50:49.005',	'2025-08-02 05:50:49.005'),
(34,	'ADIDAS-BAG',	'Adidas Gym Bag',	25.00,	34.00,	200,	4,	4,	1,	NULL,	NULL,	'2025-08-02 05:50:49.029',	'2025-08-02 05:50:49.029'),
(35,	'NIKE-BALL',	'Nike Basketball',	20.00,	29.00,	300,	3,	4,	1,	NULL,	NULL,	'2025-08-02 05:50:49.047',	'2025-08-02 05:50:49.047'),
(36,	'ADIDAS-BALL',	'Adidas Soccer Ball',	15.00,	24.00,	400,	4,	4,	1,	NULL,	NULL,	'2025-08-02 05:50:49.063',	'2025-08-02 05:50:49.063'),
(37,	'NIKE-GLOVES',	'Nike Training Gloves',	18.00,	27.00,	250,	3,	4,	1,	NULL,	NULL,	'2025-08-02 05:50:49.077',	'2025-08-02 05:50:49.077'),
(38,	'ADIDAS-GLOVES',	'Adidas Goalkeeper Gloves',	22.00,	32.00,	180,	4,	4,	1,	NULL,	NULL,	'2025-08-02 05:50:49.089',	'2025-08-02 05:50:49.089'),
(39,	'NIKE-BOTTLE',	'Nike Water Bottle 32oz',	12.00,	18.00,	400,	3,	4,	1,	NULL,	NULL,	'2025-08-02 05:50:49.103',	'2025-08-02 05:50:49.103'),
(40,	'ADIDAS-BOTTLE',	'Adidas Water Bottle 24oz',	10.00,	15.00,	450,	4,	4,	1,	NULL,	NULL,	'2025-08-02 05:50:49.116',	'2025-08-02 05:50:49.116');

DROP TABLE IF EXISTS `low_stock_alerts`;
CREATE TABLE `low_stock_alerts` (
  `analysis_date` date NOT NULL,
  `sku` varchar(100) NOT NULL,
  `item_name` varchar(200) NOT NULL,
  `current_stock` int DEFAULT '0',
  `avg_daily_sales` decimal(10,2) DEFAULT '0.00',
  `days_left` decimal(10,2) DEFAULT '0.00',
  `alert_type` enum('out_of_stock','low_stock','expiring_soon') DEFAULT 'low_stock',
  `created_at` datetime DEFAULT CURRENT_TIMESTAMP,
  `updated_at` datetime DEFAULT CURRENT_TIMESTAMP ON UPDATE CURRENT_TIMESTAMP,
  PRIMARY KEY (`analysis_date`,`sku`)
) ENGINE=InnoDB DEFAULT CHARSET=utf8mb4 COLLATE=utf8mb4_0900_ai_ci;


DROP TABLE IF EXISTS `loyal_customers`;
CREATE TABLE `loyal_customers` (
  `customer_id` int NOT NULL,
  `total_orders` int NOT NULL DEFAULT '0',
  `total_spent` decimal(15,2) NOT NULL DEFAULT '0.00',
  `last_purchase_date` date DEFAULT NULL,
  `loyalty_segment` varchar(50) CHARACTER SET utf8mb4 COLLATE utf8mb4_unicode_ci NOT NULL DEFAULT 'Mới',
  `created_at` datetime(3) NOT NULL DEFAULT CURRENT_TIMESTAMP(3),
  `updated_at` datetime(3) NOT NULL,
  PRIMARY KEY (`customer_id`),
  CONSTRAINT `loyal_customers_customer_id_fkey` FOREIGN KEY (`customer_id`) REFERENCES `customers` (`id`) ON DELETE CASCADE ON UPDATE CASCADE
) ENGINE=InnoDB DEFAULT CHARSET=utf8mb4 COLLATE=utf8mb4_unicode_ci;


DROP TABLE IF EXISTS `order_items`;
CREATE TABLE `order_items` (
  `id` int NOT NULL AUTO_INCREMENT,
  `order_id` int NOT NULL,
  `item_id` int NOT NULL,
  `quantity` int NOT NULL,
  `price_per_unit` decimal(10,2) NOT NULL,
  `discount_amount` decimal(10,2) NOT NULL DEFAULT '0.00',
  `created_at` datetime(3) NOT NULL DEFAULT CURRENT_TIMESTAMP(3),
  `updated_at` datetime(3) NOT NULL,
  PRIMARY KEY (`id`),
  KEY `order_items_order_id_fkey` (`order_id`),
  KEY `order_items_item_id_fkey` (`item_id`),
  CONSTRAINT `order_items_item_id_fkey` FOREIGN KEY (`item_id`) REFERENCES `items` (`id`) ON DELETE CASCADE ON UPDATE CASCADE,
  CONSTRAINT `order_items_order_id_fkey` FOREIGN KEY (`order_id`) REFERENCES `orders` (`id`) ON DELETE CASCADE ON UPDATE CASCADE
) ENGINE=InnoDB DEFAULT CHARSET=utf8mb4 COLLATE=utf8mb4_unicode_ci;

INSERT INTO `order_items` (`id`, `order_id`, `item_id`, `quantity`, `price_per_unit`, `discount_amount`, `created_at`, `updated_at`) VALUES
(1,	1,	36,	1,	1726.80,	94.31,	'2025-08-02 05:50:55.321',	'2025-08-02 05:50:55.321'),
(2,	1,	22,	3,	2214.92,	51.60,	'2025-08-02 05:50:55.336',	'2025-08-02 05:50:55.336'),
(3,	1,	22,	1,	2187.93,	91.37,	'2025-08-02 05:50:55.348',	'2025-08-02 05:50:55.348'),
(4,	2,	11,	2,	1811.75,	97.48,	'2025-08-02 05:50:55.355',	'2025-08-02 05:50:55.355'),
(5,	3,	32,	1,	535.22,	87.28,	'2025-08-02 05:50:55.364',	'2025-08-02 05:50:55.364'),
(6,	3,	27,	2,	1957.45,	43.19,	'2025-08-02 05:50:55.372',	'2025-08-02 05:50:55.372'),
(7,	3,	28,	1,	1327.12,	155.71,	'2025-08-02 05:50:55.379',	'2025-08-02 05:50:55.379'),
(8,	4,	23,	1,	949.03,	141.12,	'2025-08-02 05:50:55.388',	'2025-08-02 05:50:55.388'),
(9,	4,	15,	2,	52.06,	9.86,	'2025-08-02 05:50:55.397',	'2025-08-02 05:50:55.397'),
(10,	4,	30,	1,	2355.61,	245.88,	'2025-08-02 05:50:55.406',	'2025-08-02 05:50:55.406'),
(11,	5,	14,	3,	1283.05,	16.02,	'2025-08-02 05:50:55.417',	'2025-08-02 05:50:55.417'),
(12,	6,	16,	3,	1697.94,	304.70,	'2025-08-02 05:50:55.426',	'2025-08-02 05:50:55.426'),
(13,	7,	31,	2,	378.50,	7.64,	'2025-08-02 05:50:55.434',	'2025-08-02 05:50:55.434'),
(14,	8,	3,	1,	322.37,	23.38,	'2025-08-02 05:50:55.443',	'2025-08-02 05:50:55.443'),
(15,	9,	12,	2,	251.64,	22.70,	'2025-08-02 05:50:55.452',	'2025-08-02 05:50:55.452'),
(16,	10,	10,	1,	732.68,	37.67,	'2025-08-02 05:50:55.464',	'2025-08-02 05:50:55.464'),
(17,	10,	17,	3,	507.48,	56.84,	'2025-08-02 05:50:55.473',	'2025-08-02 05:50:55.473'),
(18,	11,	1,	3,	1023.98,	24.83,	'2025-08-02 05:50:55.483',	'2025-08-02 05:50:55.483'),
(19,	12,	19,	1,	1999.41,	134.60,	'2025-08-02 05:50:55.492',	'2025-08-02 05:50:55.492'),
(20,	12,	31,	2,	2091.22,	298.03,	'2025-08-02 05:50:55.503',	'2025-08-02 05:50:55.503'),
(21,	12,	39,	3,	1458.62,	133.79,	'2025-08-02 05:50:55.512',	'2025-08-02 05:50:55.512'),
(22,	13,	7,	2,	2175.88,	326.84,	'2025-08-02 05:50:55.522',	'2025-08-02 05:50:55.522'),
(23,	13,	22,	2,	225.67,	34.39,	'2025-08-02 05:50:55.531',	'2025-08-02 05:50:55.531'),
(24,	14,	35,	2,	1839.98,	323.48,	'2025-08-02 05:50:55.539',	'2025-08-02 05:50:55.539'),
(25,	15,	13,	2,	808.00,	1.29,	'2025-08-02 05:50:55.549',	'2025-08-02 05:50:55.549'),
(26,	15,	26,	1,	2389.99,	257.30,	'2025-08-02 05:50:55.558',	'2025-08-02 05:50:55.558'),
(27,	15,	38,	2,	121.73,	10.20,	'2025-08-02 05:50:55.567',	'2025-08-02 05:50:55.567'),
(28,	16,	19,	2,	1679.56,	236.52,	'2025-08-02 05:50:55.576',	'2025-08-02 05:50:55.576'),
(29,	16,	8,	2,	459.60,	7.19,	'2025-08-02 05:50:55.584',	'2025-08-02 05:50:55.584'),
(30,	17,	39,	1,	149.00,	24.55,	'2025-08-02 05:50:55.606',	'2025-08-02 05:50:55.606'),
(31,	17,	14,	2,	84.64,	16.23,	'2025-08-02 05:50:55.614',	'2025-08-02 05:50:55.614'),
(32,	18,	23,	1,	1605.88,	96.28,	'2025-08-02 05:50:55.623',	'2025-08-02 05:50:55.623'),
(33,	18,	17,	2,	875.36,	173.46,	'2025-08-02 05:50:55.633',	'2025-08-02 05:50:55.633'),
(34,	19,	33,	2,	781.33,	22.27,	'2025-08-02 05:50:55.641',	'2025-08-02 05:50:55.641'),
(35,	19,	8,	3,	1051.79,	118.13,	'2025-08-02 05:50:55.651',	'2025-08-02 05:50:55.651'),
(36,	19,	33,	1,	2231.94,	23.48,	'2025-08-02 05:50:55.660',	'2025-08-02 05:50:55.660'),
(37,	20,	25,	3,	1829.96,	235.12,	'2025-08-02 05:50:55.669',	'2025-08-02 05:50:55.669'),
(38,	20,	11,	2,	351.00,	53.15,	'2025-08-02 05:50:55.676',	'2025-08-02 05:50:55.676'),
(39,	20,	35,	2,	692.30,	123.37,	'2025-08-02 05:50:55.685',	'2025-08-02 05:50:55.685'),
(40,	21,	2,	1,	559.22,	24.52,	'2025-08-02 05:50:55.694',	'2025-08-02 05:50:55.694'),
(41,	22,	2,	3,	539.87,	7.14,	'2025-08-02 05:50:55.705',	'2025-08-02 05:50:55.705'),
(42,	23,	9,	1,	1714.53,	131.52,	'2025-08-02 05:50:55.715',	'2025-08-02 05:50:55.715'),
(43,	23,	36,	3,	1131.80,	211.26,	'2025-08-02 05:50:55.723',	'2025-08-02 05:50:55.723'),
(44,	24,	30,	1,	263.07,	48.82,	'2025-08-02 05:50:55.732',	'2025-08-02 05:50:55.732'),
(45,	24,	20,	1,	676.99,	90.75,	'2025-08-02 05:50:55.741',	'2025-08-02 05:50:55.741'),
(46,	24,	25,	3,	2226.15,	396.04,	'2025-08-02 05:50:55.751',	'2025-08-02 05:50:55.751'),
(47,	25,	13,	2,	1746.18,	174.19,	'2025-08-02 05:50:55.759',	'2025-08-02 05:50:55.759'),
(48,	26,	37,	2,	21.03,	2.93,	'2025-08-02 05:50:55.768',	'2025-08-02 05:50:55.768'),
(49,	26,	22,	2,	1003.63,	25.33,	'2025-08-02 05:50:55.776',	'2025-08-02 05:50:55.776'),
(50,	27,	34,	1,	310.38,	23.76,	'2025-08-02 05:50:55.787',	'2025-08-02 05:50:55.787'),
(51,	27,	26,	3,	872.22,	93.00,	'2025-08-02 05:50:55.795',	'2025-08-02 05:50:55.795'),
(52,	27,	8,	1,	506.55,	50.01,	'2025-08-02 05:50:55.805',	'2025-08-02 05:50:55.805'),
(53,	28,	2,	2,	277.89,	2.16,	'2025-08-02 05:50:55.814',	'2025-08-02 05:50:55.814'),
(54,	28,	25,	2,	2281.51,	24.35,	'2025-08-02 05:50:55.822',	'2025-08-02 05:50:55.822'),
(55,	29,	26,	2,	1746.26,	18.08,	'2025-08-02 05:50:55.831',	'2025-08-02 05:50:55.831'),
(56,	30,	22,	3,	935.49,	43.67,	'2025-08-02 05:50:55.840',	'2025-08-02 05:50:55.840'),
(57,	30,	6,	2,	922.55,	80.54,	'2025-08-02 05:50:55.850',	'2025-08-02 05:50:55.850'),
(58,	31,	9,	1,	2151.88,	115.98,	'2025-08-02 05:50:55.860',	'2025-08-02 05:50:55.860'),
(59,	31,	24,	3,	2355.68,	51.45,	'2025-08-02 05:50:55.869',	'2025-08-02 05:50:55.869'),
(60,	31,	37,	2,	2361.39,	204.39,	'2025-08-02 05:50:55.877',	'2025-08-02 05:50:55.877'),
(61,	32,	9,	1,	1892.72,	169.43,	'2025-08-02 05:50:55.886',	'2025-08-02 05:50:55.886'),
(62,	33,	29,	2,	2055.22,	396.28,	'2025-08-02 05:50:55.894',	'2025-08-02 05:50:55.894'),
(63,	33,	4,	3,	928.41,	85.29,	'2025-08-02 05:50:55.905',	'2025-08-02 05:50:55.905'),
(64,	34,	24,	2,	639.02,	28.14,	'2025-08-02 05:50:55.913',	'2025-08-02 05:50:55.913'),
(65,	34,	27,	2,	618.26,	88.81,	'2025-08-02 05:50:55.922',	'2025-08-02 05:50:55.922'),
(66,	34,	1,	1,	2237.28,	2.17,	'2025-08-02 05:50:55.932',	'2025-08-02 05:50:55.932'),
(67,	35,	2,	3,	483.19,	63.14,	'2025-08-02 05:50:55.941',	'2025-08-02 05:50:55.941'),
(68,	35,	39,	2,	2446.01,	299.97,	'2025-08-02 05:50:55.950',	'2025-08-02 05:50:55.950'),
(69,	35,	27,	3,	861.17,	33.88,	'2025-08-02 05:50:55.960',	'2025-08-02 05:50:55.960'),
(70,	36,	1,	2,	2021.32,	263.80,	'2025-08-02 05:50:55.969',	'2025-08-02 05:50:55.969'),
(71,	36,	6,	3,	332.12,	0.33,	'2025-08-02 05:50:55.977',	'2025-08-02 05:50:55.977'),
(72,	36,	9,	1,	1988.10,	76.28,	'2025-08-02 05:50:55.987',	'2025-08-02 05:50:55.987'),
(73,	37,	8,	1,	941.79,	133.90,	'2025-08-02 05:50:55.996',	'2025-08-02 05:50:55.996'),
(74,	37,	15,	3,	2311.86,	453.05,	'2025-08-02 05:50:56.005',	'2025-08-02 05:50:56.005'),
(75,	38,	21,	3,	2230.90,	432.48,	'2025-08-02 05:50:56.014',	'2025-08-02 05:50:56.014'),
(76,	39,	32,	2,	1560.83,	183.16,	'2025-08-02 05:50:56.023',	'2025-08-02 05:50:56.023'),
(77,	39,	17,	2,	230.71,	40.89,	'2025-08-02 05:50:56.031',	'2025-08-02 05:50:56.031'),
(78,	39,	10,	1,	2360.62,	213.90,	'2025-08-02 05:50:56.040',	'2025-08-02 05:50:56.040'),
(79,	40,	37,	1,	2359.32,	258.71,	'2025-08-02 05:50:56.051',	'2025-08-02 05:50:56.051'),
(80,	40,	13,	3,	183.90,	13.19,	'2025-08-02 05:50:56.059',	'2025-08-02 05:50:56.059'),
(81,	40,	9,	1,	1257.34,	234.14,	'2025-08-02 05:50:56.070',	'2025-08-02 05:50:56.070'),
(82,	41,	27,	2,	1241.31,	145.43,	'2025-08-02 05:50:56.080',	'2025-08-02 05:50:56.080'),
(83,	41,	31,	2,	107.18,	9.27,	'2025-08-02 05:50:56.088',	'2025-08-02 05:50:56.088'),
(84,	41,	32,	3,	1689.66,	239.36,	'2025-08-02 05:50:56.096',	'2025-08-02 05:50:56.096'),
(85,	42,	24,	3,	2009.47,	208.10,	'2025-08-02 05:50:56.105',	'2025-08-02 05:50:56.105'),
(86,	43,	34,	1,	959.49,	157.29,	'2025-08-02 05:50:56.115',	'2025-08-02 05:50:56.115'),
(87,	43,	13,	3,	564.89,	89.01,	'2025-08-02 05:50:56.123',	'2025-08-02 05:50:56.123'),
(88,	44,	34,	2,	155.39,	17.59,	'2025-08-02 05:50:56.133',	'2025-08-02 05:50:56.133'),
(89,	45,	30,	2,	1859.98,	76.64,	'2025-08-02 05:50:56.141',	'2025-08-02 05:50:56.141'),
(90,	45,	7,	2,	2469.53,	154.07,	'2025-08-02 05:50:56.149',	'2025-08-02 05:50:56.149'),
(91,	45,	26,	2,	715.71,	26.17,	'2025-08-02 05:50:56.157',	'2025-08-02 05:50:56.157'),
(92,	46,	24,	2,	828.13,	21.36,	'2025-08-02 05:50:56.166',	'2025-08-02 05:50:56.166'),
(93,	47,	23,	1,	729.86,	86.75,	'2025-08-02 05:50:56.175',	'2025-08-02 05:50:56.175'),
(94,	47,	25,	1,	2407.99,	406.35,	'2025-08-02 05:50:56.185',	'2025-08-02 05:50:56.185'),
(95,	47,	19,	3,	694.82,	132.10,	'2025-08-02 05:50:56.194',	'2025-08-02 05:50:56.194'),
(96,	48,	24,	1,	2339.27,	329.16,	'2025-08-02 05:50:56.203',	'2025-08-02 05:50:56.203'),
(97,	49,	17,	2,	450.27,	73.02,	'2025-08-02 05:50:56.212',	'2025-08-02 05:50:56.212'),
(98,	50,	33,	1,	1783.65,	110.68,	'2025-08-02 05:50:56.220',	'2025-08-02 05:50:56.220'),
(99,	50,	19,	3,	2026.51,	125.56,	'2025-08-02 05:50:56.229',	'2025-08-02 05:50:56.229'),
(100,	50,	3,	3,	247.80,	6.07,	'2025-08-02 05:50:56.239',	'2025-08-02 05:50:56.239'),
(101,	51,	26,	3,	455.23,	13.16,	'2025-08-02 05:50:56.247',	'2025-08-02 05:50:56.247'),
(102,	51,	7,	3,	428.63,	21.51,	'2025-08-02 05:50:56.256',	'2025-08-02 05:50:56.256'),
(103,	52,	23,	1,	992.00,	45.26,	'2025-08-02 05:50:56.265',	'2025-08-02 05:50:56.265'),
(104,	52,	36,	2,	1719.80,	185.99,	'2025-08-02 05:50:56.273',	'2025-08-02 05:50:56.273'),
(105,	52,	7,	3,	221.10,	36.65,	'2025-08-02 05:50:56.280',	'2025-08-02 05:50:56.280'),
(106,	53,	32,	1,	1019.31,	3.08,	'2025-08-02 05:50:56.289',	'2025-08-02 05:50:56.289'),
(107,	53,	21,	3,	2439.47,	446.75,	'2025-08-02 05:50:56.300',	'2025-08-02 05:50:56.300'),
(108,	54,	7,	1,	940.10,	132.18,	'2025-08-02 05:50:56.308',	'2025-08-02 05:50:56.308'),
(109,	54,	14,	2,	2170.51,	189.11,	'2025-08-02 05:50:56.317',	'2025-08-02 05:50:56.317'),
(110,	54,	26,	1,	1264.65,	165.87,	'2025-08-02 05:50:56.325',	'2025-08-02 05:50:56.325'),
(111,	55,	40,	2,	143.32,	27.57,	'2025-08-02 05:50:56.334',	'2025-08-02 05:50:56.334'),
(112,	55,	14,	1,	1244.34,	120.68,	'2025-08-02 05:50:56.342',	'2025-08-02 05:50:56.342'),
(113,	55,	6,	1,	1363.07,	94.10,	'2025-08-02 05:50:56.351',	'2025-08-02 05:50:56.351'),
(114,	56,	15,	2,	2397.81,	229.41,	'2025-08-02 05:50:56.359',	'2025-08-02 05:50:56.359'),
(115,	56,	7,	1,	1219.92,	133.90,	'2025-08-02 05:50:56.368',	'2025-08-02 05:50:56.368'),
(116,	56,	17,	2,	1289.81,	240.24,	'2025-08-02 05:50:56.376',	'2025-08-02 05:50:56.376'),
(117,	57,	10,	1,	1396.61,	159.84,	'2025-08-02 05:50:56.386',	'2025-08-02 05:50:56.386'),
(118,	57,	27,	1,	1513.05,	70.32,	'2025-08-02 05:50:56.395',	'2025-08-02 05:50:56.395'),
(119,	58,	37,	3,	1196.00,	149.39,	'2025-08-02 05:50:56.405',	'2025-08-02 05:50:56.405'),
(120,	58,	11,	2,	2284.05,	403.35,	'2025-08-02 05:50:56.413',	'2025-08-02 05:50:56.413'),
(121,	59,	24,	3,	568.98,	82.90,	'2025-08-02 05:50:56.423',	'2025-08-02 05:50:56.423'),
(122,	60,	3,	1,	2183.61,	146.69,	'2025-08-02 05:50:56.434',	'2025-08-02 05:50:56.434'),
(123,	60,	3,	3,	1303.83,	95.90,	'2025-08-02 05:50:56.465',	'2025-08-02 05:50:56.465'),
(124,	60,	20,	2,	2125.80,	247.29,	'2025-08-02 05:50:56.477',	'2025-08-02 05:50:56.477'),
(125,	61,	3,	2,	150.57,	17.98,	'2025-08-02 05:50:56.484',	'2025-08-02 05:50:56.484'),
(126,	61,	39,	2,	797.94,	13.27,	'2025-08-02 05:50:56.493',	'2025-08-02 05:50:56.493'),
(127,	62,	7,	3,	2181.58,	226.86,	'2025-08-02 05:50:56.500',	'2025-08-02 05:50:56.500'),
(128,	63,	7,	2,	923.46,	4.69,	'2025-08-02 05:50:56.507',	'2025-08-02 05:50:56.507'),
(129,	63,	37,	3,	1356.32,	185.16,	'2025-08-02 05:50:56.517',	'2025-08-02 05:50:56.517'),
(130,	63,	10,	1,	1270.60,	212.75,	'2025-08-02 05:50:56.526',	'2025-08-02 05:50:56.526'),
(131,	64,	36,	2,	101.52,	16.22,	'2025-08-02 05:50:56.537',	'2025-08-02 05:50:56.537'),
(132,	64,	6,	3,	1488.58,	150.46,	'2025-08-02 05:50:56.546',	'2025-08-02 05:50:56.546'),
(133,	64,	4,	2,	937.76,	150.24,	'2025-08-02 05:50:56.556',	'2025-08-02 05:50:56.556'),
(134,	65,	2,	2,	236.42,	3.15,	'2025-08-02 05:50:56.567',	'2025-08-02 05:50:56.567'),
(135,	65,	11,	1,	1426.46,	219.15,	'2025-08-02 05:50:56.575',	'2025-08-02 05:50:56.575'),
(136,	66,	26,	2,	1460.35,	233.90,	'2025-08-02 05:50:56.583',	'2025-08-02 05:50:56.583'),
(137,	67,	37,	2,	2435.52,	40.77,	'2025-08-02 05:50:56.592',	'2025-08-02 05:50:56.592'),
(138,	68,	18,	1,	1251.72,	63.97,	'2025-08-02 05:50:56.601',	'2025-08-02 05:50:56.601'),
(139,	68,	30,	2,	645.26,	65.61,	'2025-08-02 05:50:56.610',	'2025-08-02 05:50:56.610'),
(140,	69,	13,	2,	1760.28,	223.20,	'2025-08-02 05:50:56.620',	'2025-08-02 05:50:56.620'),
(141,	69,	27,	2,	1016.92,	83.20,	'2025-08-02 05:50:56.629',	'2025-08-02 05:50:56.629'),
(142,	70,	26,	1,	1989.09,	306.80,	'2025-08-02 05:50:56.638',	'2025-08-02 05:50:56.638'),
(143,	70,	11,	3,	1887.28,	287.37,	'2025-08-02 05:50:56.648',	'2025-08-02 05:50:56.648'),
(144,	71,	29,	2,	2006.16,	134.37,	'2025-08-02 05:50:56.658',	'2025-08-02 05:50:56.658'),
(145,	71,	37,	3,	1677.50,	72.79,	'2025-08-02 05:50:56.667',	'2025-08-02 05:50:56.667'),
(146,	72,	21,	3,	1278.64,	128.30,	'2025-08-02 05:50:56.675',	'2025-08-02 05:50:56.675'),
(147,	72,	39,	3,	1968.86,	106.23,	'2025-08-02 05:50:56.683',	'2025-08-02 05:50:56.683'),
(148,	72,	37,	3,	2122.31,	10.49,	'2025-08-02 05:50:56.693',	'2025-08-02 05:50:56.693'),
(149,	73,	19,	1,	2226.50,	138.59,	'2025-08-02 05:50:56.703',	'2025-08-02 05:50:56.703'),
(150,	74,	33,	1,	2173.06,	418.28,	'2025-08-02 05:50:56.714',	'2025-08-02 05:50:56.714'),
(151,	74,	37,	3,	2368.61,	122.02,	'2025-08-02 05:50:56.723',	'2025-08-02 05:50:56.723'),
(152,	74,	30,	1,	601.79,	72.75,	'2025-08-02 05:50:56.731',	'2025-08-02 05:50:56.731'),
(153,	75,	40,	3,	1671.02,	147.83,	'2025-08-02 05:50:56.740',	'2025-08-02 05:50:56.740'),
(154,	75,	34,	1,	361.16,	3.29,	'2025-08-02 05:50:56.749',	'2025-08-02 05:50:56.749'),
(155,	75,	25,	3,	493.98,	50.01,	'2025-08-02 05:50:56.759',	'2025-08-02 05:50:56.759'),
(156,	76,	5,	1,	2108.60,	67.80,	'2025-08-02 05:50:56.769',	'2025-08-02 05:50:56.769'),
(157,	76,	40,	2,	792.34,	34.55,	'2025-08-02 05:50:56.777',	'2025-08-02 05:50:56.777'),
(158,	77,	16,	3,	1808.42,	182.83,	'2025-08-02 05:50:56.786',	'2025-08-02 05:50:56.786'),
(159,	77,	4,	1,	593.64,	30.04,	'2025-08-02 05:50:56.796',	'2025-08-02 05:50:56.796'),
(160,	77,	7,	3,	2290.26,	167.34,	'2025-08-02 05:50:56.804',	'2025-08-02 05:50:56.804'),
(161,	78,	18,	3,	2283.29,	31.99,	'2025-08-02 05:50:56.812',	'2025-08-02 05:50:56.812'),
(162,	79,	35,	2,	836.78,	32.47,	'2025-08-02 05:50:56.820',	'2025-08-02 05:50:56.820'),
(163,	79,	17,	1,	846.32,	110.15,	'2025-08-02 05:50:56.828',	'2025-08-02 05:50:56.828'),
(164,	80,	30,	3,	2374.51,	278.80,	'2025-08-02 05:50:56.837',	'2025-08-02 05:50:56.837'),
(165,	80,	33,	1,	1766.76,	37.86,	'2025-08-02 05:50:56.846',	'2025-08-02 05:50:56.846'),
(166,	81,	8,	2,	1016.82,	120.82,	'2025-08-02 05:50:56.855',	'2025-08-02 05:50:56.855'),
(167,	81,	26,	2,	986.04,	98.99,	'2025-08-02 05:50:56.863',	'2025-08-02 05:50:56.863'),
(168,	82,	29,	1,	2052.78,	406.95,	'2025-08-02 05:50:56.872',	'2025-08-02 05:50:56.872'),
(169,	82,	36,	3,	2380.36,	44.32,	'2025-08-02 05:50:56.881',	'2025-08-02 05:50:56.881'),
(170,	83,	32,	1,	1832.97,	304.99,	'2025-08-02 05:50:56.890',	'2025-08-02 05:50:56.890'),
(171,	84,	38,	3,	1388.53,	5.79,	'2025-08-02 05:50:56.900',	'2025-08-02 05:50:56.900'),
(172,	85,	11,	2,	1076.00,	122.85,	'2025-08-02 05:50:56.912',	'2025-08-02 05:50:56.912'),
(173,	86,	32,	2,	1131.45,	35.79,	'2025-08-02 05:50:56.922',	'2025-08-02 05:50:56.922'),
(174,	86,	29,	1,	1639.42,	156.41,	'2025-08-02 05:50:56.931',	'2025-08-02 05:50:56.931'),
(175,	86,	30,	2,	229.08,	1.84,	'2025-08-02 05:50:56.939',	'2025-08-02 05:50:56.939'),
(176,	87,	25,	1,	164.70,	3.94,	'2025-08-02 05:50:56.948',	'2025-08-02 05:50:56.948'),
(177,	88,	6,	2,	2298.50,	60.08,	'2025-08-02 05:50:56.958',	'2025-08-02 05:50:56.958'),
(178,	89,	35,	1,	785.14,	68.19,	'2025-08-02 05:50:56.967',	'2025-08-02 05:50:56.967'),
(179,	90,	20,	1,	1010.84,	111.59,	'2025-08-02 05:50:56.978',	'2025-08-02 05:50:56.978'),
(180,	90,	3,	1,	565.30,	41.83,	'2025-08-02 05:50:56.989',	'2025-08-02 05:50:56.989'),
(181,	90,	30,	3,	1301.53,	34.60,	'2025-08-02 05:50:57.009',	'2025-08-02 05:50:57.009'),
(182,	91,	12,	2,	1098.39,	85.16,	'2025-08-02 05:50:57.020',	'2025-08-02 05:50:57.020'),
(183,	91,	26,	3,	558.11,	18.04,	'2025-08-02 05:50:57.029',	'2025-08-02 05:50:57.029'),
(184,	92,	21,	1,	1356.98,	148.41,	'2025-08-02 05:50:57.037',	'2025-08-02 05:50:57.037'),
(185,	93,	11,	3,	2338.77,	120.98,	'2025-08-02 05:50:57.046',	'2025-08-02 05:50:57.046'),
(186,	93,	2,	1,	1177.87,	173.79,	'2025-08-02 05:50:57.053',	'2025-08-02 05:50:57.053'),
(187,	93,	29,	3,	1103.86,	187.70,	'2025-08-02 05:50:57.062',	'2025-08-02 05:50:57.062'),
(188,	94,	11,	2,	2182.95,	396.67,	'2025-08-02 05:50:57.069',	'2025-08-02 05:50:57.069'),
(189,	95,	32,	3,	494.18,	55.22,	'2025-08-02 05:50:57.077',	'2025-08-02 05:50:57.077'),
(190,	95,	9,	1,	501.78,	20.24,	'2025-08-02 05:50:57.085',	'2025-08-02 05:50:57.085'),
(191,	96,	5,	1,	1689.44,	148.79,	'2025-08-02 05:50:57.093',	'2025-08-02 05:50:57.093'),
(192,	96,	15,	2,	25.10,	3.01,	'2025-08-02 05:50:57.102',	'2025-08-02 05:50:57.102'),
(193,	97,	26,	2,	1794.81,	138.26,	'2025-08-02 05:50:57.110',	'2025-08-02 05:50:57.110'),
(194,	98,	6,	2,	1820.77,	114.85,	'2025-08-02 05:50:57.119',	'2025-08-02 05:50:57.119'),
(195,	99,	16,	1,	2348.51,	368.79,	'2025-08-02 05:50:57.127',	'2025-08-02 05:50:57.127'),
(196,	99,	15,	3,	205.38,	27.33,	'2025-08-02 05:50:57.137',	'2025-08-02 05:50:57.137'),
(197,	99,	18,	3,	728.00,	21.46,	'2025-08-02 05:50:57.145',	'2025-08-02 05:50:57.145'),
(198,	100,	38,	2,	1517.36,	41.46,	'2025-08-02 05:50:57.155',	'2025-08-02 05:50:57.155'),
(199,	101,	28,	3,	1911.38,	278.87,	'2025-08-02 05:50:57.163',	'2025-08-02 05:50:57.163'),
(200,	101,	38,	3,	888.69,	3.92,	'2025-08-02 05:50:57.171',	'2025-08-02 05:50:57.171'),
(201,	102,	6,	1,	297.90,	27.49,	'2025-08-02 05:50:57.180',	'2025-08-02 05:50:57.180'),
(202,	102,	28,	3,	2140.72,	41.82,	'2025-08-02 05:50:57.188',	'2025-08-02 05:50:57.188'),
(203,	103,	31,	1,	1126.22,	173.21,	'2025-08-02 05:50:57.197',	'2025-08-02 05:50:57.197'),
(204,	104,	11,	2,	922.05,	120.38,	'2025-08-02 05:50:57.206',	'2025-08-02 05:50:57.206'),
(205,	104,	40,	2,	1113.86,	181.54,	'2025-08-02 05:50:57.216',	'2025-08-02 05:50:57.216'),
(206,	105,	21,	2,	1858.74,	170.34,	'2025-08-02 05:50:57.225',	'2025-08-02 05:50:57.225'),
(207,	105,	34,	3,	149.60,	11.88,	'2025-08-02 05:50:57.233',	'2025-08-02 05:50:57.233'),
(208,	105,	11,	2,	2304.47,	396.30,	'2025-08-02 05:50:57.245',	'2025-08-02 05:50:57.245'),
(209,	106,	40,	2,	2204.90,	21.32,	'2025-08-02 05:50:57.256',	'2025-08-02 05:50:57.256'),
(210,	107,	35,	1,	1339.84,	183.61,	'2025-08-02 05:50:57.268',	'2025-08-02 05:50:57.268'),
(211,	107,	38,	2,	2419.59,	481.13,	'2025-08-02 05:50:57.276',	'2025-08-02 05:50:57.276'),
(212,	107,	21,	1,	692.70,	96.67,	'2025-08-02 05:50:57.286',	'2025-08-02 05:50:57.286'),
(213,	108,	25,	3,	2485.92,	445.08,	'2025-08-02 05:50:57.294',	'2025-08-02 05:50:57.294'),
(214,	108,	5,	3,	621.95,	106.56,	'2025-08-02 05:50:57.302',	'2025-08-02 05:50:57.302'),
(215,	108,	28,	1,	2009.53,	47.62,	'2025-08-02 05:50:57.314',	'2025-08-02 05:50:57.314'),
(216,	109,	35,	3,	1571.94,	164.46,	'2025-08-02 05:50:57.322',	'2025-08-02 05:50:57.322'),
(217,	109,	31,	2,	1292.06,	216.03,	'2025-08-02 05:50:57.333',	'2025-08-02 05:50:57.333'),
(218,	110,	17,	1,	811.95,	4.28,	'2025-08-02 05:50:57.342',	'2025-08-02 05:50:57.342'),
(219,	111,	12,	2,	885.78,	132.12,	'2025-08-02 05:50:57.352',	'2025-08-02 05:50:57.352'),
(220,	112,	39,	3,	2205.80,	399.30,	'2025-08-02 05:50:57.360',	'2025-08-02 05:50:57.360'),
(221,	112,	34,	3,	2018.12,	15.83,	'2025-08-02 05:50:57.370',	'2025-08-02 05:50:57.370'),
(222,	113,	13,	1,	1438.43,	278.32,	'2025-08-02 05:50:57.378',	'2025-08-02 05:50:57.378'),
(223,	113,	4,	3,	2177.02,	270.96,	'2025-08-02 05:50:57.387',	'2025-08-02 05:50:57.387'),
(224,	114,	4,	2,	2246.16,	236.02,	'2025-08-02 05:50:57.397',	'2025-08-02 05:50:57.397'),
(225,	115,	37,	2,	416.63,	63.89,	'2025-08-02 05:50:57.406',	'2025-08-02 05:50:57.406'),
(226,	115,	24,	3,	1059.81,	138.43,	'2025-08-02 05:50:57.414',	'2025-08-02 05:50:57.414'),
(227,	116,	26,	1,	1344.96,	21.25,	'2025-08-02 05:50:57.423',	'2025-08-02 05:50:57.423'),
(228,	116,	38,	2,	1923.77,	368.00,	'2025-08-02 05:50:57.432',	'2025-08-02 05:50:57.432'),
(229,	117,	9,	3,	429.31,	38.68,	'2025-08-02 05:50:57.440',	'2025-08-02 05:50:57.440'),
(230,	117,	4,	3,	1677.68,	150.65,	'2025-08-02 05:50:57.450',	'2025-08-02 05:50:57.450'),
(231,	117,	14,	1,	1886.51,	73.41,	'2025-08-02 05:50:57.460',	'2025-08-02 05:50:57.460'),
(232,	118,	14,	1,	2152.41,	419.89,	'2025-08-02 05:50:57.470',	'2025-08-02 05:50:57.470'),
(233,	119,	19,	1,	935.40,	92.00,	'2025-08-02 05:50:57.479',	'2025-08-02 05:50:57.479'),
(234,	119,	30,	2,	2385.22,	147.48,	'2025-08-02 05:50:57.487',	'2025-08-02 05:50:57.487'),
(235,	119,	38,	1,	1691.73,	164.17,	'2025-08-02 05:50:57.496',	'2025-08-02 05:50:57.496'),
(236,	120,	24,	2,	1138.28,	50.54,	'2025-08-02 05:50:57.505',	'2025-08-02 05:50:57.505'),
(237,	120,	17,	1,	710.62,	25.82,	'2025-08-02 05:50:57.513',	'2025-08-02 05:50:57.513'),
(238,	121,	14,	3,	2039.47,	384.26,	'2025-08-02 05:50:57.523',	'2025-08-02 05:50:57.523'),
(239,	122,	3,	1,	227.30,	30.81,	'2025-08-02 05:50:57.531',	'2025-08-02 05:50:57.531'),
(240,	123,	7,	2,	2152.30,	351.43,	'2025-08-02 05:50:57.539',	'2025-08-02 05:50:57.539'),
(241,	123,	22,	2,	2357.14,	90.82,	'2025-08-02 05:50:57.549',	'2025-08-02 05:50:57.549'),
(242,	124,	4,	2,	220.54,	9.81,	'2025-08-02 05:50:57.558',	'2025-08-02 05:50:57.558'),
(243,	124,	29,	1,	1282.51,	151.09,	'2025-08-02 05:50:57.567',	'2025-08-02 05:50:57.567'),
(244,	124,	1,	2,	2185.55,	329.90,	'2025-08-02 05:50:57.575',	'2025-08-02 05:50:57.575'),
(245,	125,	19,	3,	1324.10,	163.48,	'2025-08-02 05:50:57.583',	'2025-08-02 05:50:57.583'),
(246,	126,	30,	3,	725.90,	58.52,	'2025-08-02 05:50:57.592',	'2025-08-02 05:50:57.592'),
(247,	126,	34,	1,	1504.82,	36.67,	'2025-08-02 05:50:57.601',	'2025-08-02 05:50:57.601'),
(248,	126,	20,	1,	1613.32,	128.13,	'2025-08-02 05:50:57.610',	'2025-08-02 05:50:57.610'),
(249,	127,	9,	3,	642.64,	93.03,	'2025-08-02 05:50:57.620',	'2025-08-02 05:50:57.620'),
(250,	128,	22,	3,	1924.33,	126.73,	'2025-08-02 05:50:57.629',	'2025-08-02 05:50:57.629'),
(251,	129,	7,	1,	388.42,	47.79,	'2025-08-02 05:50:57.639',	'2025-08-02 05:50:57.639'),
(252,	129,	33,	3,	516.94,	86.56,	'2025-08-02 05:50:57.647',	'2025-08-02 05:50:57.647'),
(253,	130,	31,	2,	1955.84,	28.34,	'2025-08-02 05:50:57.656',	'2025-08-02 05:50:57.656'),
(254,	131,	26,	2,	971.20,	166.54,	'2025-08-02 05:50:57.665',	'2025-08-02 05:50:57.665'),
(255,	131,	13,	1,	1407.73,	175.44,	'2025-08-02 05:50:57.674',	'2025-08-02 05:50:57.674'),
(256,	132,	30,	2,	1346.14,	185.99,	'2025-08-02 05:50:57.683',	'2025-08-02 05:50:57.683'),
(257,	133,	23,	3,	893.33,	162.70,	'2025-08-02 05:50:57.692',	'2025-08-02 05:50:57.692'),
(258,	133,	13,	2,	1636.92,	235.45,	'2025-08-02 05:50:57.706',	'2025-08-02 05:50:57.706'),
(259,	134,	28,	1,	846.90,	23.34,	'2025-08-02 05:50:57.715',	'2025-08-02 05:50:57.715'),
(260,	134,	10,	3,	282.06,	30.12,	'2025-08-02 05:50:57.723',	'2025-08-02 05:50:57.723'),
(261,	134,	32,	3,	83.68,	10.91,	'2025-08-02 05:50:57.733',	'2025-08-02 05:50:57.733'),
(262,	135,	8,	3,	2244.21,	388.57,	'2025-08-02 05:50:57.744',	'2025-08-02 05:50:57.744'),
(263,	135,	9,	3,	718.00,	128.00,	'2025-08-02 05:50:57.754',	'2025-08-02 05:50:57.754'),
(264,	136,	38,	1,	869.70,	53.56,	'2025-08-02 05:50:57.764',	'2025-08-02 05:50:57.764'),
(265,	136,	5,	3,	937.56,	110.10,	'2025-08-02 05:50:57.773',	'2025-08-02 05:50:57.773'),
(266,	136,	2,	1,	322.23,	54.54,	'2025-08-02 05:50:57.782',	'2025-08-02 05:50:57.782'),
(267,	137,	6,	3,	1643.61,	25.63,	'2025-08-02 05:50:57.791',	'2025-08-02 05:50:57.791'),
(268,	138,	20,	3,	961.30,	87.24,	'2025-08-02 05:50:57.801',	'2025-08-02 05:50:57.801'),
(269,	138,	12,	2,	936.69,	46.80,	'2025-08-02 05:50:57.809',	'2025-08-02 05:50:57.809'),
(270,	139,	30,	2,	1803.42,	147.05,	'2025-08-02 05:50:57.819',	'2025-08-02 05:50:57.819'),
(271,	140,	22,	2,	1629.76,	56.59,	'2025-08-02 05:50:57.828',	'2025-08-02 05:50:57.828'),
(272,	140,	12,	1,	124.74,	1.18,	'2025-08-02 05:50:57.837',	'2025-08-02 05:50:57.837'),
(273,	140,	37,	3,	1498.44,	173.08,	'2025-08-02 05:50:57.845',	'2025-08-02 05:50:57.845'),
(274,	141,	28,	1,	134.48,	3.64,	'2025-08-02 05:50:57.855',	'2025-08-02 05:50:57.855'),
(275,	142,	21,	1,	1580.64,	269.94,	'2025-08-02 05:50:57.863',	'2025-08-02 05:50:57.863'),
(276,	142,	39,	2,	1655.69,	99.20,	'2025-08-02 05:50:57.873',	'2025-08-02 05:50:57.873'),
(277,	142,	14,	2,	40.12,	2.20,	'2025-08-02 05:50:57.881',	'2025-08-02 05:50:57.881'),
(278,	143,	26,	2,	559.59,	90.01,	'2025-08-02 05:50:57.889',	'2025-08-02 05:50:57.889'),
(279,	143,	29,	3,	1668.79,	324.20,	'2025-08-02 05:50:57.898',	'2025-08-02 05:50:57.898'),
(280,	144,	8,	3,	1682.45,	266.09,	'2025-08-02 05:50:57.908',	'2025-08-02 05:50:57.908'),
(281,	144,	1,	1,	1033.37,	108.34,	'2025-08-02 05:50:57.918',	'2025-08-02 05:50:57.918'),
(282,	144,	27,	2,	555.35,	73.16,	'2025-08-02 05:50:57.926',	'2025-08-02 05:50:57.926'),
(283,	145,	23,	1,	1206.86,	44.15,	'2025-08-02 05:50:57.936',	'2025-08-02 05:50:57.936'),
(284,	145,	11,	3,	1615.34,	189.34,	'2025-08-02 05:50:57.945',	'2025-08-02 05:50:57.945'),
(285,	146,	10,	1,	1235.77,	159.43,	'2025-08-02 05:50:57.955',	'2025-08-02 05:50:57.955'),
(286,	146,	39,	1,	700.70,	66.64,	'2025-08-02 05:50:57.965',	'2025-08-02 05:50:57.965'),
(287,	146,	29,	1,	778.65,	102.67,	'2025-08-02 05:50:57.974',	'2025-08-02 05:50:57.974'),
(288,	147,	31,	3,	82.96,	5.17,	'2025-08-02 05:50:57.984',	'2025-08-02 05:50:57.984'),
(289,	147,	6,	3,	386.77,	57.81,	'2025-08-02 05:50:57.992',	'2025-08-02 05:50:57.992'),
(290,	148,	8,	3,	1569.93,	117.69,	'2025-08-02 05:50:58.001',	'2025-08-02 05:50:58.001'),
(291,	149,	9,	1,	1871.85,	196.29,	'2025-08-02 05:50:58.009',	'2025-08-02 05:50:58.009'),
(292,	150,	21,	2,	2113.14,	211.34,	'2025-08-02 05:50:58.019',	'2025-08-02 05:50:58.019'),
(293,	150,	34,	1,	2465.49,	79.68,	'2025-08-02 05:50:58.027',	'2025-08-02 05:50:58.027'),
(294,	151,	5,	1,	869.58,	96.55,	'2025-08-02 05:50:58.037',	'2025-08-02 05:50:58.037'),
(295,	151,	15,	1,	2293.26,	159.32,	'2025-08-02 05:50:58.045',	'2025-08-02 05:50:58.045'),
(296,	152,	30,	3,	928.22,	8.27,	'2025-08-02 05:50:58.053',	'2025-08-02 05:50:58.053'),
(297,	152,	13,	1,	1735.40,	96.28,	'2025-08-02 05:50:58.061',	'2025-08-02 05:50:58.061'),
(298,	152,	35,	2,	685.56,	103.06,	'2025-08-02 05:50:58.072',	'2025-08-02 05:50:58.072'),
(299,	153,	10,	3,	2268.29,	143.59,	'2025-08-02 05:50:58.081',	'2025-08-02 05:50:58.081'),
(300,	154,	27,	3,	1773.14,	272.48,	'2025-08-02 05:50:58.090',	'2025-08-02 05:50:58.090'),
(301,	154,	19,	1,	2260.89,	79.93,	'2025-08-02 05:50:58.099',	'2025-08-02 05:50:58.099'),
(302,	155,	12,	3,	1003.01,	198.41,	'2025-08-02 05:50:58.107',	'2025-08-02 05:50:58.107'),
(303,	155,	2,	1,	571.34,	70.87,	'2025-08-02 05:50:58.116',	'2025-08-02 05:50:58.116'),
(304,	155,	35,	2,	2331.76,	162.70,	'2025-08-02 05:50:58.124',	'2025-08-02 05:50:58.124'),
(305,	156,	28,	1,	412.86,	74.24,	'2025-08-02 05:50:58.133',	'2025-08-02 05:50:58.133'),
(306,	157,	12,	2,	2286.98,	369.50,	'2025-08-02 05:50:58.142',	'2025-08-02 05:50:58.142'),
(307,	158,	13,	2,	661.38,	15.86,	'2025-08-02 05:50:58.151',	'2025-08-02 05:50:58.151'),
(308,	158,	18,	1,	1949.61,	135.88,	'2025-08-02 05:50:58.162',	'2025-08-02 05:50:58.162'),
(309,	159,	12,	3,	790.41,	5.77,	'2025-08-02 05:50:58.180',	'2025-08-02 05:50:58.180'),
(310,	159,	12,	3,	1345.66,	122.75,	'2025-08-02 05:50:58.189',	'2025-08-02 05:50:58.189'),
(311,	159,	10,	3,	184.65,	5.93,	'2025-08-02 05:50:58.198',	'2025-08-02 05:50:58.198'),
(312,	160,	16,	3,	660.86,	0.86,	'2025-08-02 05:50:58.206',	'2025-08-02 05:50:58.206'),
(313,	160,	26,	1,	1597.06,	80.62,	'2025-08-02 05:50:58.216',	'2025-08-02 05:50:58.216'),
(314,	160,	27,	2,	1229.23,	89.56,	'2025-08-02 05:50:58.228',	'2025-08-02 05:50:58.228'),
(315,	161,	28,	2,	263.49,	52.26,	'2025-08-02 05:50:58.239',	'2025-08-02 05:50:58.239'),
(316,	161,	1,	3,	624.90,	106.49,	'2025-08-02 05:50:58.249',	'2025-08-02 05:50:58.249'),
(317,	162,	22,	2,	2465.71,	141.95,	'2025-08-02 05:50:58.258',	'2025-08-02 05:50:58.258'),
(318,	162,	11,	2,	495.42,	18.86,	'2025-08-02 05:50:58.267',	'2025-08-02 05:50:58.267'),
(319,	163,	2,	2,	2048.57,	282.47,	'2025-08-02 05:50:58.277',	'2025-08-02 05:50:58.277'),
(320,	163,	7,	3,	1175.80,	149.45,	'2025-08-02 05:50:58.287',	'2025-08-02 05:50:58.287'),
(321,	164,	18,	2,	1010.27,	64.87,	'2025-08-02 05:50:58.296',	'2025-08-02 05:50:58.296'),
(322,	164,	14,	1,	317.65,	9.35,	'2025-08-02 05:50:58.307',	'2025-08-02 05:50:58.307'),
(323,	164,	21,	2,	1585.56,	221.60,	'2025-08-02 05:50:58.317',	'2025-08-02 05:50:58.317'),
(324,	165,	6,	3,	1877.20,	186.51,	'2025-08-02 05:50:58.326',	'2025-08-02 05:50:58.326'),
(325,	165,	9,	1,	1383.77,	127.78,	'2025-08-02 05:50:58.335',	'2025-08-02 05:50:58.335'),
(326,	166,	17,	1,	691.23,	37.39,	'2025-08-02 05:50:58.343',	'2025-08-02 05:50:58.343'),
(327,	167,	22,	2,	1901.13,	195.11,	'2025-08-02 05:50:58.352',	'2025-08-02 05:50:58.352'),
(328,	167,	13,	3,	1524.06,	58.16,	'2025-08-02 05:50:58.360',	'2025-08-02 05:50:58.360'),
(329,	168,	12,	2,	1966.62,	191.62,	'2025-08-02 05:50:58.370',	'2025-08-02 05:50:58.370'),
(330,	168,	11,	1,	222.08,	7.20,	'2025-08-02 05:50:58.378',	'2025-08-02 05:50:58.378'),
(331,	168,	2,	2,	2082.99,	91.11,	'2025-08-02 05:50:58.387',	'2025-08-02 05:50:58.387'),
(332,	169,	9,	3,	1598.00,	161.49,	'2025-08-02 05:50:58.395',	'2025-08-02 05:50:58.395'),
(333,	169,	14,	2,	1108.17,	26.04,	'2025-08-02 05:50:58.404',	'2025-08-02 05:50:58.404'),
(334,	170,	27,	3,	1178.05,	57.45,	'2025-08-02 05:50:58.414',	'2025-08-02 05:50:58.414'),
(335,	171,	31,	1,	207.76,	34.94,	'2025-08-02 05:50:58.424',	'2025-08-02 05:50:58.424'),
(336,	171,	18,	3,	2121.62,	330.62,	'2025-08-02 05:50:58.433',	'2025-08-02 05:50:58.433'),
(337,	172,	9,	2,	2191.65,	6.04,	'2025-08-02 05:50:58.442',	'2025-08-02 05:50:58.442'),
(338,	172,	9,	2,	1119.80,	188.41,	'2025-08-02 05:50:58.451',	'2025-08-02 05:50:58.451'),
(339,	173,	19,	1,	226.78,	4.30,	'2025-08-02 05:50:58.461',	'2025-08-02 05:50:58.461'),
(340,	174,	14,	2,	145.65,	9.62,	'2025-08-02 05:50:58.471',	'2025-08-02 05:50:58.471'),
(341,	174,	33,	2,	51.93,	4.67,	'2025-08-02 05:50:58.479',	'2025-08-02 05:50:58.479'),
(342,	175,	3,	1,	1847.97,	222.76,	'2025-08-02 05:50:58.488',	'2025-08-02 05:50:58.488'),
(343,	176,	39,	2,	1213.91,	211.90,	'2025-08-02 05:50:58.497',	'2025-08-02 05:50:58.497'),
(344,	176,	38,	2,	1463.34,	288.19,	'2025-08-02 05:50:58.507',	'2025-08-02 05:50:58.507'),
(345,	176,	34,	1,	1061.30,	125.54,	'2025-08-02 05:50:58.517',	'2025-08-02 05:50:58.517'),
(346,	177,	29,	1,	829.49,	13.37,	'2025-08-02 05:50:58.525',	'2025-08-02 05:50:58.525'),
(347,	178,	8,	3,	347.49,	23.48,	'2025-08-02 05:50:58.533',	'2025-08-02 05:50:58.533'),
(348,	178,	10,	2,	1135.16,	130.84,	'2025-08-02 05:50:58.541',	'2025-08-02 05:50:58.541'),
(349,	179,	8,	1,	2020.90,	209.53,	'2025-08-02 05:50:58.550',	'2025-08-02 05:50:58.550'),
(350,	180,	26,	3,	2299.21,	225.62,	'2025-08-02 05:50:58.558',	'2025-08-02 05:50:58.558'),
(351,	180,	7,	2,	1720.29,	298.48,	'2025-08-02 05:50:58.567',	'2025-08-02 05:50:58.567'),
(352,	180,	22,	2,	40.12,	2.37,	'2025-08-02 05:50:58.575',	'2025-08-02 05:50:58.575'),
(353,	181,	18,	2,	946.29,	169.98,	'2025-08-02 05:50:58.584',	'2025-08-02 05:50:58.584'),
(354,	182,	31,	2,	2251.82,	70.78,	'2025-08-02 05:50:58.592',	'2025-08-02 05:50:58.592'),
(355,	182,	3,	3,	629.62,	105.33,	'2025-08-02 05:50:58.602',	'2025-08-02 05:50:58.602'),
(356,	183,	33,	1,	2117.67,	246.84,	'2025-08-02 05:50:58.610',	'2025-08-02 05:50:58.610'),
(357,	184,	21,	2,	1832.27,	45.76,	'2025-08-02 05:50:58.619',	'2025-08-02 05:50:58.619'),
(358,	184,	30,	1,	460.70,	50.15,	'2025-08-02 05:50:58.627',	'2025-08-02 05:50:58.627'),
(359,	185,	28,	3,	783.57,	106.58,	'2025-08-02 05:50:58.636',	'2025-08-02 05:50:58.636'),
(360,	186,	32,	1,	733.06,	12.19,	'2025-08-02 05:50:58.644',	'2025-08-02 05:50:58.644'),
(361,	186,	1,	1,	2057.70,	254.30,	'2025-08-02 05:50:58.654',	'2025-08-02 05:50:58.654'),
(362,	186,	35,	1,	1719.12,	54.98,	'2025-08-02 05:50:58.662',	'2025-08-02 05:50:58.662'),
(363,	187,	27,	2,	1931.05,	108.96,	'2025-08-02 05:50:58.671',	'2025-08-02 05:50:58.671'),
(364,	188,	3,	2,	1430.66,	275.75,	'2025-08-02 05:50:58.680',	'2025-08-02 05:50:58.680'),
(365,	188,	37,	3,	1341.46,	98.26,	'2025-08-02 05:50:58.688',	'2025-08-02 05:50:58.688'),
(366,	189,	13,	1,	680.17,	8.80,	'2025-08-02 05:50:58.697',	'2025-08-02 05:50:58.697'),
(367,	189,	9,	3,	1783.16,	127.61,	'2025-08-02 05:50:58.708',	'2025-08-02 05:50:58.708'),
(368,	189,	1,	1,	918.72,	31.03,	'2025-08-02 05:50:58.718',	'2025-08-02 05:50:58.718'),
(369,	190,	21,	2,	2418.89,	399.98,	'2025-08-02 05:50:58.730',	'2025-08-02 05:50:58.730'),
(370,	190,	2,	3,	727.25,	91.99,	'2025-08-02 05:50:58.739',	'2025-08-02 05:50:58.739'),
(371,	191,	37,	3,	1632.20,	104.46,	'2025-08-02 05:50:58.747',	'2025-08-02 05:50:58.747'),
(372,	191,	35,	3,	2487.31,	424.36,	'2025-08-02 05:50:58.757',	'2025-08-02 05:50:58.757'),
(373,	191,	39,	3,	2057.44,	24.47,	'2025-08-02 05:50:58.766',	'2025-08-02 05:50:58.766'),
(374,	192,	2,	3,	2362.83,	196.32,	'2025-08-02 05:50:58.774',	'2025-08-02 05:50:58.774'),
(375,	192,	9,	2,	2345.29,	230.43,	'2025-08-02 05:50:58.784',	'2025-08-02 05:50:58.784'),
(376,	192,	2,	1,	2401.60,	164.82,	'2025-08-02 05:50:58.792',	'2025-08-02 05:50:58.792'),
(377,	193,	8,	2,	1230.01,	220.56,	'2025-08-02 05:50:58.802',	'2025-08-02 05:50:58.802'),
(378,	194,	27,	1,	831.18,	56.52,	'2025-08-02 05:50:58.809',	'2025-08-02 05:50:58.809'),
(379,	194,	3,	3,	731.77,	30.37,	'2025-08-02 05:50:58.818',	'2025-08-02 05:50:58.818'),
(380,	195,	8,	3,	2275.09,	312.48,	'2025-08-02 05:50:58.826',	'2025-08-02 05:50:58.826'),
(381,	195,	32,	1,	722.79,	104.59,	'2025-08-02 05:50:58.835',	'2025-08-02 05:50:58.835'),
(382,	195,	25,	3,	1786.75,	199.58,	'2025-08-02 05:50:58.844',	'2025-08-02 05:50:58.844'),
(383,	196,	1,	1,	446.75,	27.02,	'2025-08-02 05:50:58.853',	'2025-08-02 05:50:58.853'),
(384,	196,	25,	1,	621.98,	5.68,	'2025-08-02 05:50:58.860',	'2025-08-02 05:50:58.860'),
(385,	196,	19,	2,	1306.30,	12.08,	'2025-08-02 05:50:58.870',	'2025-08-02 05:50:58.870'),
(386,	197,	38,	3,	1136.52,	166.75,	'2025-08-02 05:50:58.878',	'2025-08-02 05:50:58.878'),
(387,	198,	22,	1,	1432.25,	10.78,	'2025-08-02 05:50:58.887',	'2025-08-02 05:50:58.887'),
(388,	198,	40,	2,	334.95,	45.31,	'2025-08-02 05:50:58.896',	'2025-08-02 05:50:58.896'),
(389,	198,	18,	3,	410.77,	32.66,	'2025-08-02 05:50:58.907',	'2025-08-02 05:50:58.907'),
(390,	199,	31,	2,	1435.08,	99.29,	'2025-08-02 05:50:58.915',	'2025-08-02 05:50:58.915'),
(391,	199,	8,	1,	1317.28,	21.32,	'2025-08-02 05:50:58.924',	'2025-08-02 05:50:58.924'),
(392,	200,	15,	3,	1861.67,	152.19,	'2025-08-02 05:50:58.934',	'2025-08-02 05:50:58.934'),
(393,	201,	5,	1,	2499.75,	331.61,	'2025-08-02 05:50:58.943',	'2025-08-02 05:50:58.943'),
(394,	201,	7,	2,	2387.09,	175.79,	'2025-08-02 05:50:58.952',	'2025-08-02 05:50:58.952'),
(395,	201,	29,	3,	836.23,	156.91,	'2025-08-02 05:50:58.960',	'2025-08-02 05:50:58.960'),
(396,	202,	27,	1,	403.19,	80.30,	'2025-08-02 05:50:58.970',	'2025-08-02 05:50:58.970'),
(397,	202,	29,	2,	811.81,	2.24,	'2025-08-02 05:50:58.979',	'2025-08-02 05:50:58.979'),
(398,	203,	17,	2,	2207.73,	344.93,	'2025-08-02 05:50:58.990',	'2025-08-02 05:50:58.990'),
(399,	204,	39,	2,	1964.32,	337.24,	'2025-08-02 05:50:58.998',	'2025-08-02 05:50:58.998'),
(400,	205,	37,	3,	946.57,	123.47,	'2025-08-02 05:50:59.007',	'2025-08-02 05:50:59.007'),
(401,	206,	5,	3,	524.79,	84.65,	'2025-08-02 05:50:59.020',	'2025-08-02 05:50:59.020'),
(402,	206,	6,	2,	1525.65,	11.85,	'2025-08-02 05:50:59.044',	'2025-08-02 05:50:59.044'),
(403,	207,	40,	3,	644.66,	66.44,	'2025-08-02 05:50:59.056',	'2025-08-02 05:50:59.056'),
(404,	208,	12,	2,	809.54,	34.60,	'2025-08-02 05:50:59.065',	'2025-08-02 05:50:59.065'),
(405,	209,	36,	1,	1763.21,	325.89,	'2025-08-02 05:50:59.074',	'2025-08-02 05:50:59.074'),
(406,	209,	7,	2,	349.52,	12.80,	'2025-08-02 05:50:59.082',	'2025-08-02 05:50:59.082'),
(407,	210,	29,	3,	1943.25,	21.50,	'2025-08-02 05:50:59.091',	'2025-08-02 05:50:59.091'),
(408,	210,	28,	3,	277.03,	39.19,	'2025-08-02 05:50:59.109',	'2025-08-02 05:50:59.109'),
(409,	211,	15,	2,	583.43,	55.69,	'2025-08-02 05:50:59.119',	'2025-08-02 05:50:59.119'),
(410,	211,	25,	1,	1515.63,	109.15,	'2025-08-02 05:50:59.131',	'2025-08-02 05:50:59.131'),
(411,	211,	27,	3,	713.43,	60.36,	'2025-08-02 05:50:59.141',	'2025-08-02 05:50:59.141'),
(412,	212,	25,	2,	2258.24,	413.10,	'2025-08-02 05:50:59.152',	'2025-08-02 05:50:59.152'),
(413,	213,	11,	1,	2084.14,	28.51,	'2025-08-02 05:50:59.164',	'2025-08-02 05:50:59.164'),
(414,	214,	8,	2,	510.61,	47.76,	'2025-08-02 05:50:59.173',	'2025-08-02 05:50:59.173'),
(415,	215,	21,	1,	1707.38,	305.78,	'2025-08-02 05:50:59.182',	'2025-08-02 05:50:59.182'),
(416,	216,	27,	1,	387.82,	1.07,	'2025-08-02 05:50:59.190',	'2025-08-02 05:50:59.190'),
(417,	216,	23,	3,	1860.59,	4.43,	'2025-08-02 05:50:59.198',	'2025-08-02 05:50:59.198'),
(418,	216,	26,	2,	1949.72,	300.52,	'2025-08-02 05:50:59.206',	'2025-08-02 05:50:59.206'),
(419,	217,	30,	2,	802.28,	100.93,	'2025-08-02 05:50:59.215',	'2025-08-02 05:50:59.215'),
(420,	217,	21,	2,	744.77,	102.39,	'2025-08-02 05:50:59.225',	'2025-08-02 05:50:59.225'),
(421,	217,	31,	3,	265.24,	14.50,	'2025-08-02 05:50:59.235',	'2025-08-02 05:50:59.235'),
(422,	218,	8,	3,	641.60,	104.67,	'2025-08-02 05:50:59.243',	'2025-08-02 05:50:59.243'),
(423,	219,	31,	3,	1590.57,	18.62,	'2025-08-02 05:50:59.252',	'2025-08-02 05:50:59.252'),
(424,	220,	21,	3,	1861.98,	91.89,	'2025-08-02 05:50:59.261',	'2025-08-02 05:50:59.261'),
(425,	220,	4,	3,	1980.82,	224.32,	'2025-08-02 05:50:59.271',	'2025-08-02 05:50:59.271'),
(426,	221,	17,	3,	1363.55,	42.19,	'2025-08-02 05:50:59.280',	'2025-08-02 05:50:59.280'),
(427,	222,	10,	2,	152.82,	0.84,	'2025-08-02 05:50:59.290',	'2025-08-02 05:50:59.290'),
(428,	223,	22,	3,	1463.67,	66.69,	'2025-08-02 05:50:59.298',	'2025-08-02 05:50:59.298'),
(429,	223,	24,	1,	427.30,	54.27,	'2025-08-02 05:50:59.308',	'2025-08-02 05:50:59.308'),
(430,	224,	30,	3,	706.16,	37.01,	'2025-08-02 05:50:59.317',	'2025-08-02 05:50:59.317'),
(431,	225,	4,	2,	2456.11,	63.68,	'2025-08-02 05:50:59.325',	'2025-08-02 05:50:59.325'),
(432,	225,	12,	2,	294.22,	15.53,	'2025-08-02 05:50:59.335',	'2025-08-02 05:50:59.335'),
(433,	225,	22,	2,	1421.40,	229.59,	'2025-08-02 05:50:59.344',	'2025-08-02 05:50:59.344'),
(434,	226,	10,	3,	1774.41,	1.90,	'2025-08-02 05:50:59.354',	'2025-08-02 05:50:59.354'),
(435,	226,	30,	3,	1952.64,	363.34,	'2025-08-02 05:50:59.363',	'2025-08-02 05:50:59.363'),
(436,	226,	22,	1,	1048.89,	152.29,	'2025-08-02 05:50:59.373',	'2025-08-02 05:50:59.373'),
(437,	227,	11,	3,	1243.96,	46.81,	'2025-08-02 05:50:59.384',	'2025-08-02 05:50:59.384'),
(438,	227,	15,	2,	1421.04,	208.90,	'2025-08-02 05:50:59.393',	'2025-08-02 05:50:59.393'),
(439,	227,	32,	3,	2107.51,	2.89,	'2025-08-02 05:50:59.400',	'2025-08-02 05:50:59.400'),
(440,	228,	40,	2,	296.26,	39.82,	'2025-08-02 05:50:59.411',	'2025-08-02 05:50:59.411'),
(441,	228,	35,	2,	1466.59,	70.40,	'2025-08-02 05:50:59.419',	'2025-08-02 05:50:59.419'),
(442,	229,	8,	3,	1280.75,	98.88,	'2025-08-02 05:50:59.428',	'2025-08-02 05:50:59.428'),
(443,	230,	27,	1,	963.01,	40.02,	'2025-08-02 05:50:59.437',	'2025-08-02 05:50:59.437'),
(444,	230,	14,	3,	1859.04,	50.86,	'2025-08-02 05:50:59.445',	'2025-08-02 05:50:59.445'),
(445,	230,	4,	3,	972.39,	128.69,	'2025-08-02 05:50:59.454',	'2025-08-02 05:50:59.454'),
(446,	231,	27,	3,	1833.23,	88.76,	'2025-08-02 05:50:59.463',	'2025-08-02 05:50:59.463'),
(447,	231,	39,	1,	1975.46,	388.58,	'2025-08-02 05:50:59.473',	'2025-08-02 05:50:59.473'),
(448,	231,	39,	3,	2367.78,	38.21,	'2025-08-02 05:50:59.484',	'2025-08-02 05:50:59.484'),
(449,	232,	28,	1,	1033.46,	193.99,	'2025-08-02 05:50:59.492',	'2025-08-02 05:50:59.492'),
(450,	232,	9,	2,	1598.67,	58.49,	'2025-08-02 05:50:59.501',	'2025-08-02 05:50:59.501'),
(451,	232,	37,	2,	880.29,	21.79,	'2025-08-02 05:50:59.510',	'2025-08-02 05:50:59.510'),
(452,	233,	34,	2,	481.64,	51.60,	'2025-08-02 05:50:59.521',	'2025-08-02 05:50:59.521'),
(453,	233,	13,	1,	2349.96,	203.80,	'2025-08-02 05:50:59.544',	'2025-08-02 05:50:59.544'),
(454,	234,	11,	1,	1749.85,	207.80,	'2025-08-02 05:50:59.554',	'2025-08-02 05:50:59.554'),
(455,	234,	1,	1,	1031.71,	142.91,	'2025-08-02 05:50:59.565',	'2025-08-02 05:50:59.565'),
(456,	234,	3,	1,	2473.39,	22.56,	'2025-08-02 05:50:59.576',	'2025-08-02 05:50:59.576'),
(457,	235,	37,	1,	188.32,	16.90,	'2025-08-02 05:50:59.588',	'2025-08-02 05:50:59.588'),
(458,	236,	25,	2,	993.41,	67.56,	'2025-08-02 05:50:59.597',	'2025-08-02 05:50:59.597'),
(459,	236,	1,	3,	1515.22,	194.48,	'2025-08-02 05:50:59.606',	'2025-08-02 05:50:59.606'),
(460,	237,	32,	3,	449.44,	41.13,	'2025-08-02 05:50:59.615',	'2025-08-02 05:50:59.615'),
(461,	237,	33,	3,	1705.35,	89.93,	'2025-08-02 05:50:59.624',	'2025-08-02 05:50:59.624'),
(462,	237,	17,	2,	1163.51,	158.62,	'2025-08-02 05:50:59.633',	'2025-08-02 05:50:59.633'),
(463,	238,	6,	3,	262.67,	0.67,	'2025-08-02 05:50:59.641',	'2025-08-02 05:50:59.641'),
(464,	238,	2,	3,	804.47,	57.14,	'2025-08-02 05:50:59.649',	'2025-08-02 05:50:59.649'),
(465,	238,	24,	1,	564.63,	87.84,	'2025-08-02 05:50:59.658',	'2025-08-02 05:50:59.658'),
(466,	239,	36,	2,	1294.51,	56.59,	'2025-08-02 05:50:59.668',	'2025-08-02 05:50:59.668'),
(467,	239,	19,	1,	239.92,	22.22,	'2025-08-02 05:50:59.676',	'2025-08-02 05:50:59.676'),
(468,	240,	15,	1,	1386.41,	34.90,	'2025-08-02 05:50:59.685',	'2025-08-02 05:50:59.685'),
(469,	241,	26,	2,	113.72,	20.06,	'2025-08-02 05:50:59.694',	'2025-08-02 05:50:59.694'),
(470,	241,	31,	3,	924.98,	58.82,	'2025-08-02 05:50:59.703',	'2025-08-02 05:50:59.703'),
(471,	242,	12,	1,	734.90,	133.23,	'2025-08-02 05:50:59.711',	'2025-08-02 05:50:59.711'),
(472,	242,	28,	3,	1874.16,	310.53,	'2025-08-02 05:50:59.721',	'2025-08-02 05:50:59.721'),
(473,	243,	34,	3,	1691.61,	236.47,	'2025-08-02 05:50:59.731',	'2025-08-02 05:50:59.731'),
(474,	244,	33,	2,	1259.93,	221.22,	'2025-08-02 05:50:59.740',	'2025-08-02 05:50:59.740'),
(475,	244,	40,	2,	2396.35,	463.36,	'2025-08-02 05:50:59.748',	'2025-08-02 05:50:59.748'),
(476,	244,	2,	3,	934.81,	72.24,	'2025-08-02 05:50:59.757',	'2025-08-02 05:50:59.757'),
(477,	245,	31,	3,	2190.38,	44.50,	'2025-08-02 05:50:59.766',	'2025-08-02 05:50:59.766'),
(478,	246,	27,	3,	477.73,	85.32,	'2025-08-02 05:50:59.775',	'2025-08-02 05:50:59.775'),
(479,	246,	9,	3,	786.76,	81.47,	'2025-08-02 05:50:59.784',	'2025-08-02 05:50:59.784'),
(480,	246,	11,	1,	1161.12,	94.05,	'2025-08-02 05:50:59.792',	'2025-08-02 05:50:59.792'),
(481,	247,	25,	3,	1606.45,	300.72,	'2025-08-02 05:50:59.800',	'2025-08-02 05:50:59.800'),
(482,	247,	32,	3,	2306.68,	123.55,	'2025-08-02 05:50:59.808',	'2025-08-02 05:50:59.808'),
(483,	248,	10,	1,	318.78,	60.08,	'2025-08-02 05:50:59.816',	'2025-08-02 05:50:59.816'),
(484,	249,	19,	1,	713.98,	8.88,	'2025-08-02 05:50:59.825',	'2025-08-02 05:50:59.825'),
(485,	249,	23,	3,	1134.61,	142.68,	'2025-08-02 05:50:59.834',	'2025-08-02 05:50:59.834'),
(486,	249,	32,	2,	1034.04,	84.37,	'2025-08-02 05:50:59.841',	'2025-08-02 05:50:59.841'),
(487,	250,	30,	2,	932.26,	150.93,	'2025-08-02 05:50:59.851',	'2025-08-02 05:50:59.851'),
(488,	250,	11,	1,	2222.36,	350.27,	'2025-08-02 05:50:59.859',	'2025-08-02 05:50:59.859'),
(489,	251,	30,	1,	2414.28,	139.69,	'2025-08-02 05:50:59.867',	'2025-08-02 05:50:59.867'),
(490,	252,	15,	2,	452.87,	60.74,	'2025-08-02 05:50:59.876',	'2025-08-02 05:50:59.876'),
(491,	252,	11,	2,	1427.23,	227.62,	'2025-08-02 05:50:59.887',	'2025-08-02 05:50:59.887'),
(492,	252,	29,	2,	1927.72,	19.59,	'2025-08-02 05:50:59.898',	'2025-08-02 05:50:59.898'),
(493,	253,	38,	2,	160.94,	31.73,	'2025-08-02 05:50:59.914',	'2025-08-02 05:50:59.914'),
(494,	253,	25,	2,	896.01,	36.16,	'2025-08-02 05:50:59.924',	'2025-08-02 05:50:59.924'),
(495,	254,	19,	3,	514.32,	84.05,	'2025-08-02 05:50:59.934',	'2025-08-02 05:50:59.934'),
(496,	254,	20,	1,	517.25,	26.80,	'2025-08-02 05:50:59.942',	'2025-08-02 05:50:59.942'),
(497,	255,	14,	2,	1419.91,	240.95,	'2025-08-02 05:50:59.951',	'2025-08-02 05:50:59.951'),
(498,	255,	5,	3,	1468.40,	25.80,	'2025-08-02 05:50:59.959',	'2025-08-02 05:50:59.959'),
(499,	255,	10,	2,	2258.68,	229.23,	'2025-08-02 05:50:59.969',	'2025-08-02 05:50:59.969'),
(500,	256,	15,	1,	1784.10,	181.66,	'2025-08-02 05:50:59.977',	'2025-08-02 05:50:59.977'),
(501,	256,	21,	1,	1294.70,	114.47,	'2025-08-02 05:50:59.988',	'2025-08-02 05:50:59.988'),
(502,	257,	27,	3,	2333.71,	116.87,	'2025-08-02 05:50:59.997',	'2025-08-02 05:50:59.997'),
(503,	257,	36,	3,	393.25,	9.80,	'2025-08-02 05:51:00.007',	'2025-08-02 05:51:00.007'),
(504,	257,	32,	1,	860.50,	28.52,	'2025-08-02 05:51:00.015',	'2025-08-02 05:51:00.015'),
(505,	258,	2,	1,	295.09,	13.35,	'2025-08-02 05:51:00.024',	'2025-08-02 05:51:00.024'),
(506,	258,	40,	3,	165.78,	29.30,	'2025-08-02 05:51:00.032',	'2025-08-02 05:51:00.032'),
(507,	259,	31,	1,	142.24,	2.94,	'2025-08-02 05:51:00.040',	'2025-08-02 05:51:00.040'),
(508,	260,	30,	3,	1118.62,	161.64,	'2025-08-02 05:51:00.050',	'2025-08-02 05:51:00.050'),
(509,	260,	24,	2,	624.35,	55.48,	'2025-08-02 05:51:00.059',	'2025-08-02 05:51:00.059'),
(510,	261,	10,	3,	1614.61,	23.83,	'2025-08-02 05:51:00.068',	'2025-08-02 05:51:00.068'),
(511,	262,	30,	1,	490.35,	23.42,	'2025-08-02 05:51:00.076',	'2025-08-02 05:51:00.076'),
(512,	263,	27,	2,	1022.66,	13.68,	'2025-08-02 05:51:00.085',	'2025-08-02 05:51:00.085'),
(513,	263,	35,	1,	1518.83,	57.52,	'2025-08-02 05:51:00.093',	'2025-08-02 05:51:00.093'),
(514,	264,	11,	1,	1410.58,	133.59,	'2025-08-02 05:51:00.102',	'2025-08-02 05:51:00.102'),
(515,	264,	10,	3,	616.53,	113.21,	'2025-08-02 05:51:00.111',	'2025-08-02 05:51:00.111'),
(516,	265,	31,	1,	649.61,	114.72,	'2025-08-02 05:51:00.120',	'2025-08-02 05:51:00.120'),
(517,	266,	16,	3,	1818.49,	287.70,	'2025-08-02 05:51:00.129',	'2025-08-02 05:51:00.129'),
(518,	267,	4,	2,	1423.72,	93.44,	'2025-08-02 05:51:00.138',	'2025-08-02 05:51:00.138'),
(519,	267,	33,	1,	530.43,	30.28,	'2025-08-02 05:51:00.146',	'2025-08-02 05:51:00.146'),
(520,	268,	29,	3,	1767.78,	351.07,	'2025-08-02 05:51:00.162',	'2025-08-02 05:51:00.162'),
(521,	268,	31,	1,	934.94,	123.59,	'2025-08-02 05:51:00.172',	'2025-08-02 05:51:00.172'),
(522,	268,	16,	3,	433.81,	65.53,	'2025-08-02 05:51:00.179',	'2025-08-02 05:51:00.179'),
(523,	269,	16,	3,	2478.28,	175.17,	'2025-08-02 05:51:00.186',	'2025-08-02 05:51:00.186'),
(524,	270,	21,	2,	1565.78,	103.45,	'2025-08-02 05:51:00.194',	'2025-08-02 05:51:00.194'),
(525,	270,	20,	1,	1118.22,	5.24,	'2025-08-02 05:51:00.203',	'2025-08-02 05:51:00.203'),
(526,	271,	40,	3,	878.60,	114.65,	'2025-08-02 05:51:00.211',	'2025-08-02 05:51:00.211'),
(527,	271,	33,	2,	1518.15,	253.45,	'2025-08-02 05:51:00.222',	'2025-08-02 05:51:00.222'),
(528,	272,	16,	2,	1001.67,	153.45,	'2025-08-02 05:51:00.232',	'2025-08-02 05:51:00.232'),
(529,	273,	25,	1,	1697.72,	28.81,	'2025-08-02 05:51:00.240',	'2025-08-02 05:51:00.240'),
(530,	273,	32,	1,	919.17,	117.15,	'2025-08-02 05:51:00.248',	'2025-08-02 05:51:00.248'),
(531,	273,	11,	2,	355.82,	53.14,	'2025-08-02 05:51:00.257',	'2025-08-02 05:51:00.257'),
(532,	274,	12,	1,	1941.94,	114.58,	'2025-08-02 05:51:00.267',	'2025-08-02 05:51:00.267'),
(533,	274,	10,	1,	1060.84,	36.84,	'2025-08-02 05:51:00.276',	'2025-08-02 05:51:00.276'),
(534,	275,	3,	1,	734.87,	145.39,	'2025-08-02 05:51:00.284',	'2025-08-02 05:51:00.284'),
(535,	276,	39,	3,	713.74,	22.71,	'2025-08-02 05:51:00.292',	'2025-08-02 05:51:00.292'),
(536,	277,	26,	3,	1274.43,	106.15,	'2025-08-02 05:51:00.301',	'2025-08-02 05:51:00.301'),
(537,	277,	6,	1,	231.25,	36.08,	'2025-08-02 05:51:00.309',	'2025-08-02 05:51:00.309'),
(538,	278,	35,	2,	1728.94,	173.78,	'2025-08-02 05:51:00.318',	'2025-08-02 05:51:00.318'),
(539,	278,	16,	2,	873.58,	152.45,	'2025-08-02 05:51:00.326',	'2025-08-02 05:51:00.326'),
(540,	278,	14,	1,	2237.57,	242.64,	'2025-08-02 05:51:00.335',	'2025-08-02 05:51:00.335'),
(541,	279,	16,	3,	1460.22,	32.95,	'2025-08-02 05:51:00.344',	'2025-08-02 05:51:00.344'),
(542,	280,	24,	3,	2313.04,	162.38,	'2025-08-02 05:51:00.353',	'2025-08-02 05:51:00.353'),
(543,	280,	31,	2,	2290.25,	16.00,	'2025-08-02 05:51:00.362',	'2025-08-02 05:51:00.362'),
(544,	281,	4,	1,	2302.34,	286.47,	'2025-08-02 05:51:00.370',	'2025-08-02 05:51:00.370'),
(545,	282,	32,	2,	1608.80,	70.69,	'2025-08-02 05:51:00.379',	'2025-08-02 05:51:00.379'),
(546,	282,	24,	1,	1570.67,	145.46,	'2025-08-02 05:51:00.388',	'2025-08-02 05:51:00.388'),
(547,	282,	20,	3,	206.27,	13.52,	'2025-08-02 05:51:00.396',	'2025-08-02 05:51:00.396'),
(548,	283,	16,	2,	2143.27,	30.75,	'2025-08-02 05:51:00.404',	'2025-08-02 05:51:00.404'),
(549,	283,	15,	2,	370.28,	6.20,	'2025-08-02 05:51:00.413',	'2025-08-02 05:51:00.413'),
(550,	284,	27,	3,	2475.38,	40.68,	'2025-08-02 05:51:00.441',	'2025-08-02 05:51:00.441'),
(551,	284,	34,	1,	932.25,	149.41,	'2025-08-02 05:51:00.451',	'2025-08-02 05:51:00.451'),
(552,	284,	13,	2,	2181.28,	124.46,	'2025-08-02 05:51:00.459',	'2025-08-02 05:51:00.459'),
(553,	285,	19,	1,	809.66,	150.36,	'2025-08-02 05:51:00.465',	'2025-08-02 05:51:00.465'),
(554,	285,	7,	3,	1877.05,	268.66,	'2025-08-02 05:51:00.473',	'2025-08-02 05:51:00.473'),
(555,	286,	14,	2,	1328.63,	83.08,	'2025-08-02 05:51:00.480',	'2025-08-02 05:51:00.480'),
(556,	286,	23,	2,	654.80,	128.48,	'2025-08-02 05:51:00.486',	'2025-08-02 05:51:00.486'),
(557,	286,	40,	3,	363.11,	29.32,	'2025-08-02 05:51:00.495',	'2025-08-02 05:51:00.495'),
(558,	287,	30,	1,	2063.10,	218.67,	'2025-08-02 05:51:00.504',	'2025-08-02 05:51:00.504'),
(559,	288,	22,	3,	2470.97,	386.22,	'2025-08-02 05:51:00.512',	'2025-08-02 05:51:00.512'),
(560,	288,	6,	2,	647.67,	76.94,	'2025-08-02 05:51:00.521',	'2025-08-02 05:51:00.521'),
(561,	289,	5,	3,	1684.32,	74.21,	'2025-08-02 05:51:00.530',	'2025-08-02 05:51:00.530'),
(562,	289,	10,	1,	1329.03,	83.31,	'2025-08-02 05:51:00.539',	'2025-08-02 05:51:00.539'),
(563,	290,	38,	1,	1702.74,	298.37,	'2025-08-02 05:51:00.546',	'2025-08-02 05:51:00.546'),
(564,	291,	29,	2,	484.41,	0.07,	'2025-08-02 05:51:00.555',	'2025-08-02 05:51:00.555'),
(565,	292,	23,	3,	1148.87,	156.48,	'2025-08-02 05:51:00.563',	'2025-08-02 05:51:00.563'),
(566,	292,	1,	3,	1748.41,	63.22,	'2025-08-02 05:51:00.572',	'2025-08-02 05:51:00.572'),
(567,	292,	8,	1,	2312.01,	172.94,	'2025-08-02 05:51:00.580',	'2025-08-02 05:51:00.580'),
(568,	293,	5,	3,	510.44,	18.20,	'2025-08-02 05:51:00.589',	'2025-08-02 05:51:00.589'),
(569,	294,	24,	1,	892.15,	96.68,	'2025-08-02 05:51:00.597',	'2025-08-02 05:51:00.597'),
(570,	294,	32,	3,	2113.73,	321.67,	'2025-08-02 05:51:00.605',	'2025-08-02 05:51:00.605'),
(571,	295,	20,	3,	1326.71,	49.00,	'2025-08-02 05:51:00.613',	'2025-08-02 05:51:00.613'),
(572,	295,	2,	2,	2085.98,	206.77,	'2025-08-02 05:51:00.622',	'2025-08-02 05:51:00.622'),
(573,	296,	26,	3,	1440.94,	264.73,	'2025-08-02 05:51:00.631',	'2025-08-02 05:51:00.631'),
(574,	296,	22,	3,	1943.97,	80.31,	'2025-08-02 05:51:00.639',	'2025-08-02 05:51:00.639'),
(575,	296,	5,	3,	420.99,	1.92,	'2025-08-02 05:51:00.648',	'2025-08-02 05:51:00.648'),
(576,	297,	24,	2,	845.05,	25.50,	'2025-08-02 05:51:00.657',	'2025-08-02 05:51:00.657'),
(577,	297,	38,	1,	390.33,	17.80,	'2025-08-02 05:51:00.666',	'2025-08-02 05:51:00.666'),
(578,	297,	4,	1,	2427.60,	238.25,	'2025-08-02 05:51:00.676',	'2025-08-02 05:51:00.676'),
(579,	298,	38,	2,	1869.34,	337.78,	'2025-08-02 05:51:00.685',	'2025-08-02 05:51:00.685'),
(580,	299,	33,	2,	2498.88,	79.53,	'2025-08-02 05:51:00.694',	'2025-08-02 05:51:00.694'),
(581,	299,	22,	3,	1575.14,	135.11,	'2025-08-02 05:51:00.705',	'2025-08-02 05:51:00.705'),
(582,	299,	5,	3,	1255.39,	154.26,	'2025-08-02 05:51:00.714',	'2025-08-02 05:51:00.714'),
(583,	300,	33,	2,	1035.85,	193.90,	'2025-08-02 05:51:00.725',	'2025-08-02 05:51:00.725'),
(584,	301,	14,	1,	846.94,	39.48,	'2025-08-02 05:51:00.734',	'2025-08-02 05:51:00.734'),
(585,	302,	30,	3,	924.13,	172.64,	'2025-08-02 05:51:00.742',	'2025-08-02 05:51:00.742'),
(586,	302,	2,	1,	733.53,	71.82,	'2025-08-02 05:51:00.749',	'2025-08-02 05:51:00.749'),
(587,	302,	17,	2,	2038.17,	352.23,	'2025-08-02 05:51:00.757',	'2025-08-02 05:51:00.757'),
(588,	303,	33,	2,	443.62,	71.79,	'2025-08-02 05:51:00.767',	'2025-08-02 05:51:00.767'),
(589,	304,	34,	1,	440.52,	10.13,	'2025-08-02 05:51:00.776',	'2025-08-02 05:51:00.776'),
(590,	305,	39,	1,	2178.26,	93.27,	'2025-08-02 05:51:00.786',	'2025-08-02 05:51:00.786'),
(591,	305,	4,	3,	973.74,	4.32,	'2025-08-02 05:51:00.796',	'2025-08-02 05:51:00.796'),
(592,	306,	16,	1,	251.49,	10.82,	'2025-08-02 05:51:00.805',	'2025-08-02 05:51:00.805'),
(593,	306,	5,	3,	437.51,	20.52,	'2025-08-02 05:51:00.813',	'2025-08-02 05:51:00.813'),
(594,	306,	24,	2,	901.08,	123.02,	'2025-08-02 05:51:00.821',	'2025-08-02 05:51:00.821'),
(595,	307,	2,	2,	388.29,	26.55,	'2025-08-02 05:51:00.831',	'2025-08-02 05:51:00.831'),
(596,	308,	26,	2,	586.05,	110.60,	'2025-08-02 05:51:00.839',	'2025-08-02 05:51:00.839'),
(597,	308,	13,	3,	89.92,	5.44,	'2025-08-02 05:51:00.847',	'2025-08-02 05:51:00.847'),
(598,	308,	6,	2,	54.66,	7.72,	'2025-08-02 05:51:00.857',	'2025-08-02 05:51:00.857'),
(599,	309,	40,	3,	1549.74,	65.27,	'2025-08-02 05:51:00.869',	'2025-08-02 05:51:00.869'),
(600,	309,	2,	2,	185.72,	23.71,	'2025-08-02 05:51:00.878',	'2025-08-02 05:51:00.878'),
(601,	310,	26,	1,	1620.46,	182.25,	'2025-08-02 05:51:00.896',	'2025-08-02 05:51:00.896'),
(602,	311,	2,	3,	864.03,	152.76,	'2025-08-02 05:51:00.923',	'2025-08-02 05:51:00.923'),
(603,	311,	21,	1,	1069.18,	84.25,	'2025-08-02 05:51:00.935',	'2025-08-02 05:51:00.935'),
(604,	311,	6,	2,	849.22,	136.88,	'2025-08-02 05:51:00.951',	'2025-08-02 05:51:00.951'),
(605,	312,	39,	2,	2154.62,	196.78,	'2025-08-02 05:51:00.965',	'2025-08-02 05:51:00.965'),
(606,	312,	1,	2,	1306.46,	45.10,	'2025-08-02 05:51:00.976',	'2025-08-02 05:51:00.976'),
(607,	313,	10,	3,	1181.20,	8.57,	'2025-08-02 05:51:00.985',	'2025-08-02 05:51:00.985'),
(608,	313,	5,	1,	374.06,	36.58,	'2025-08-02 05:51:00.994',	'2025-08-02 05:51:00.994'),
(609,	314,	33,	2,	105.24,	2.83,	'2025-08-02 05:51:01.002',	'2025-08-02 05:51:01.002'),
(610,	314,	13,	3,	769.33,	113.37,	'2025-08-02 05:51:01.010',	'2025-08-02 05:51:01.010'),
(611,	315,	38,	1,	432.10,	43.96,	'2025-08-02 05:51:01.019',	'2025-08-02 05:51:01.019'),
(612,	315,	9,	1,	1840.94,	99.34,	'2025-08-02 05:51:01.027',	'2025-08-02 05:51:01.027'),
(613,	316,	1,	1,	2312.31,	266.20,	'2025-08-02 05:51:01.037',	'2025-08-02 05:51:01.037'),
(614,	316,	27,	1,	946.27,	57.05,	'2025-08-02 05:51:01.045',	'2025-08-02 05:51:01.045'),
(615,	317,	20,	1,	1200.43,	217.38,	'2025-08-02 05:51:01.054',	'2025-08-02 05:51:01.054'),
(616,	318,	8,	2,	1364.25,	71.97,	'2025-08-02 05:51:01.064',	'2025-08-02 05:51:01.064'),
(617,	318,	30,	3,	1670.01,	53.60,	'2025-08-02 05:51:01.075',	'2025-08-02 05:51:01.075'),
(618,	318,	21,	2,	1761.93,	339.32,	'2025-08-02 05:51:01.085',	'2025-08-02 05:51:01.085'),
(619,	319,	36,	1,	2351.78,	90.43,	'2025-08-02 05:51:01.101',	'2025-08-02 05:51:01.101'),
(620,	319,	2,	2,	1396.87,	223.65,	'2025-08-02 05:51:01.110',	'2025-08-02 05:51:01.110'),
(621,	319,	9,	3,	2397.42,	89.32,	'2025-08-02 05:51:01.117',	'2025-08-02 05:51:01.117'),
(622,	320,	22,	2,	103.64,	0.64,	'2025-08-02 05:51:01.125',	'2025-08-02 05:51:01.125'),
(623,	321,	11,	1,	1714.65,	86.07,	'2025-08-02 05:51:01.136',	'2025-08-02 05:51:01.136'),
(624,	321,	11,	3,	425.36,	5.54,	'2025-08-02 05:51:01.145',	'2025-08-02 05:51:01.145'),
(625,	321,	36,	2,	2079.60,	413.26,	'2025-08-02 05:51:01.154',	'2025-08-02 05:51:01.154'),
(626,	322,	37,	2,	323.19,	4.58,	'2025-08-02 05:51:01.163',	'2025-08-02 05:51:01.163'),
(627,	322,	7,	2,	1229.78,	237.94,	'2025-08-02 05:51:01.172',	'2025-08-02 05:51:01.172'),
(628,	323,	39,	1,	921.16,	181.27,	'2025-08-02 05:51:01.182',	'2025-08-02 05:51:01.182'),
(629,	323,	32,	1,	2151.74,	275.28,	'2025-08-02 05:51:01.191',	'2025-08-02 05:51:01.191'),
(630,	323,	21,	1,	746.85,	97.93,	'2025-08-02 05:51:01.200',	'2025-08-02 05:51:01.200'),
(631,	324,	26,	3,	1974.67,	158.76,	'2025-08-02 05:51:01.209',	'2025-08-02 05:51:01.209'),
(632,	324,	7,	2,	773.27,	6.44,	'2025-08-02 05:51:01.216',	'2025-08-02 05:51:01.216'),
(633,	325,	13,	1,	849.19,	105.50,	'2025-08-02 05:51:01.228',	'2025-08-02 05:51:01.228'),
(634,	325,	1,	3,	433.22,	53.79,	'2025-08-02 05:51:01.241',	'2025-08-02 05:51:01.241'),
(635,	325,	29,	1,	885.64,	123.25,	'2025-08-02 05:51:01.250',	'2025-08-02 05:51:01.250'),
(636,	326,	22,	3,	1794.95,	344.24,	'2025-08-02 05:51:01.259',	'2025-08-02 05:51:01.259'),
(637,	326,	23,	3,	1950.61,	139.84,	'2025-08-02 05:51:01.268',	'2025-08-02 05:51:01.268'),
(638,	327,	21,	1,	2342.35,	376.21,	'2025-08-02 05:51:01.276',	'2025-08-02 05:51:01.276'),
(639,	327,	16,	1,	556.68,	13.54,	'2025-08-02 05:51:01.293',	'2025-08-02 05:51:01.293'),
(640,	327,	24,	3,	2282.85,	302.96,	'2025-08-02 05:51:01.303',	'2025-08-02 05:51:01.303'),
(641,	328,	30,	3,	2074.61,	350.52,	'2025-08-02 05:51:01.318',	'2025-08-02 05:51:01.318'),
(642,	328,	38,	1,	718.08,	85.09,	'2025-08-02 05:51:01.330',	'2025-08-02 05:51:01.330'),
(643,	329,	21,	2,	288.24,	14.72,	'2025-08-02 05:51:01.359',	'2025-08-02 05:51:01.359'),
(644,	329,	4,	1,	527.66,	76.25,	'2025-08-02 05:51:01.373',	'2025-08-02 05:51:01.373'),
(645,	330,	10,	1,	848.32,	111.53,	'2025-08-02 05:51:01.384',	'2025-08-02 05:51:01.384'),
(646,	330,	40,	1,	2131.59,	344.31,	'2025-08-02 05:51:01.395',	'2025-08-02 05:51:01.395'),
(647,	330,	31,	2,	1362.74,	135.60,	'2025-08-02 05:51:01.405',	'2025-08-02 05:51:01.405'),
(648,	331,	10,	3,	32.30,	4.49,	'2025-08-02 05:51:01.415',	'2025-08-02 05:51:01.415'),
(649,	331,	13,	1,	680.10,	21.43,	'2025-08-02 05:51:01.424',	'2025-08-02 05:51:01.424'),
(650,	331,	8,	1,	990.98,	103.08,	'2025-08-02 05:51:01.434',	'2025-08-02 05:51:01.434'),
(651,	332,	6,	2,	648.54,	63.22,	'2025-08-02 05:51:01.444',	'2025-08-02 05:51:01.444'),
(652,	332,	24,	3,	1400.12,	22.75,	'2025-08-02 05:51:01.455',	'2025-08-02 05:51:01.455'),
(653,	332,	15,	2,	2224.59,	283.37,	'2025-08-02 05:51:01.464',	'2025-08-02 05:51:01.464'),
(654,	333,	12,	1,	2116.63,	42.48,	'2025-08-02 05:51:01.473',	'2025-08-02 05:51:01.473'),
(655,	333,	36,	3,	2221.00,	73.21,	'2025-08-02 05:51:01.483',	'2025-08-02 05:51:01.483'),
(656,	333,	30,	2,	280.41,	20.26,	'2025-08-02 05:51:01.493',	'2025-08-02 05:51:01.493'),
(657,	334,	30,	1,	2059.55,	216.80,	'2025-08-02 05:51:01.504',	'2025-08-02 05:51:01.504'),
(658,	334,	1,	2,	1844.34,	307.84,	'2025-08-02 05:51:01.513',	'2025-08-02 05:51:01.513'),
(659,	335,	33,	3,	1481.62,	289.59,	'2025-08-02 05:51:01.522',	'2025-08-02 05:51:01.522'),
(660,	335,	39,	1,	2418.58,	3.90,	'2025-08-02 05:51:01.529',	'2025-08-02 05:51:01.529'),
(661,	336,	35,	2,	793.48,	110.69,	'2025-08-02 05:51:01.538',	'2025-08-02 05:51:01.538'),
(662,	336,	32,	3,	1201.05,	7.22,	'2025-08-02 05:51:01.547',	'2025-08-02 05:51:01.547'),
(663,	337,	23,	1,	1454.20,	167.05,	'2025-08-02 05:51:01.555',	'2025-08-02 05:51:01.555'),
(664,	338,	23,	2,	679.11,	11.44,	'2025-08-02 05:51:01.563',	'2025-08-02 05:51:01.563'),
(665,	339,	19,	1,	2244.66,	133.90,	'2025-08-02 05:51:01.572',	'2025-08-02 05:51:01.572'),
(666,	339,	22,	2,	731.34,	123.48,	'2025-08-02 05:51:01.581',	'2025-08-02 05:51:01.581'),
(667,	340,	3,	2,	2156.12,	327.97,	'2025-08-02 05:51:01.590',	'2025-08-02 05:51:01.590'),
(668,	340,	26,	2,	1216.88,	202.59,	'2025-08-02 05:51:01.600',	'2025-08-02 05:51:01.600'),
(669,	340,	21,	2,	2485.59,	436.63,	'2025-08-02 05:51:01.608',	'2025-08-02 05:51:01.608'),
(670,	341,	30,	2,	1266.12,	54.93,	'2025-08-02 05:51:01.618',	'2025-08-02 05:51:01.618'),
(671,	341,	26,	2,	2268.70,	64.13,	'2025-08-02 05:51:01.626',	'2025-08-02 05:51:01.626'),
(672,	341,	39,	1,	1823.62,	168.87,	'2025-08-02 05:51:01.635',	'2025-08-02 05:51:01.635'),
(673,	342,	3,	3,	1173.10,	147.17,	'2025-08-02 05:51:01.643',	'2025-08-02 05:51:01.643'),
(674,	343,	33,	2,	1394.57,	154.42,	'2025-08-02 05:51:01.654',	'2025-08-02 05:51:01.654'),
(675,	343,	14,	2,	165.20,	20.54,	'2025-08-02 05:51:01.663',	'2025-08-02 05:51:01.663'),
(676,	343,	33,	2,	150.16,	1.79,	'2025-08-02 05:51:01.672',	'2025-08-02 05:51:01.672'),
(677,	344,	38,	3,	998.97,	129.37,	'2025-08-02 05:51:01.680',	'2025-08-02 05:51:01.680'),
(678,	345,	30,	3,	200.41,	0.70,	'2025-08-02 05:51:01.688',	'2025-08-02 05:51:01.688'),
(679,	345,	28,	3,	2498.58,	197.49,	'2025-08-02 05:51:01.696',	'2025-08-02 05:51:01.696'),
(680,	346,	20,	1,	1415.83,	136.58,	'2025-08-02 05:51:01.705',	'2025-08-02 05:51:01.705'),
(681,	347,	20,	3,	877.54,	82.19,	'2025-08-02 05:51:01.713',	'2025-08-02 05:51:01.713'),
(682,	348,	11,	3,	1131.35,	34.77,	'2025-08-02 05:51:01.722',	'2025-08-02 05:51:01.722'),
(683,	348,	16,	2,	69.68,	7.88,	'2025-08-02 05:51:01.731',	'2025-08-02 05:51:01.731'),
(684,	348,	22,	3,	893.73,	30.36,	'2025-08-02 05:51:01.741',	'2025-08-02 05:51:01.741'),
(685,	349,	20,	3,	1436.96,	265.12,	'2025-08-02 05:51:01.751',	'2025-08-02 05:51:01.751'),
(686,	349,	22,	2,	1311.81,	111.42,	'2025-08-02 05:51:01.760',	'2025-08-02 05:51:01.760'),
(687,	349,	15,	3,	1834.21,	150.36,	'2025-08-02 05:51:01.768',	'2025-08-02 05:51:01.768'),
(688,	350,	11,	2,	542.63,	73.78,	'2025-08-02 05:51:01.776',	'2025-08-02 05:51:01.776'),
(689,	350,	1,	2,	1636.29,	19.94,	'2025-08-02 05:51:01.785',	'2025-08-02 05:51:01.785'),
(690,	350,	27,	1,	1696.29,	118.94,	'2025-08-02 05:51:01.794',	'2025-08-02 05:51:01.794'),
(691,	351,	8,	2,	1085.69,	53.96,	'2025-08-02 05:51:01.803',	'2025-08-02 05:51:01.803'),
(692,	351,	2,	3,	612.42,	47.95,	'2025-08-02 05:51:01.811',	'2025-08-02 05:51:01.811'),
(693,	352,	11,	3,	867.52,	21.34,	'2025-08-02 05:51:01.821',	'2025-08-02 05:51:01.821'),
(694,	353,	18,	2,	951.85,	41.64,	'2025-08-02 05:51:01.830',	'2025-08-02 05:51:01.830'),
(695,	354,	33,	3,	1357.37,	240.67,	'2025-08-02 05:51:01.839',	'2025-08-02 05:51:01.839'),
(696,	355,	13,	3,	1551.59,	194.28,	'2025-08-02 05:51:01.847',	'2025-08-02 05:51:01.847'),
(697,	356,	18,	3,	37.24,	6.81,	'2025-08-02 05:51:01.855',	'2025-08-02 05:51:01.855'),
(698,	356,	3,	1,	241.22,	39.16,	'2025-08-02 05:51:01.864',	'2025-08-02 05:51:01.864'),
(699,	357,	28,	2,	836.70,	95.48,	'2025-08-02 05:51:01.872',	'2025-08-02 05:51:01.872'),
(700,	357,	6,	3,	376.39,	36.85,	'2025-08-02 05:51:01.882',	'2025-08-02 05:51:01.882'),
(701,	357,	10,	1,	455.92,	77.68,	'2025-08-02 05:51:01.890',	'2025-08-02 05:51:01.890'),
(702,	358,	9,	3,	2115.79,	84.64,	'2025-08-02 05:51:01.900',	'2025-08-02 05:51:01.900'),
(703,	358,	5,	3,	2232.10,	388.36,	'2025-08-02 05:51:01.910',	'2025-08-02 05:51:01.910'),
(704,	358,	40,	2,	1471.13,	252.73,	'2025-08-02 05:51:01.919',	'2025-08-02 05:51:01.919'),
(705,	359,	7,	3,	192.77,	8.16,	'2025-08-02 05:51:01.929',	'2025-08-02 05:51:01.929'),
(706,	360,	7,	1,	427.59,	11.06,	'2025-08-02 05:51:01.938',	'2025-08-02 05:51:01.938'),
(707,	360,	11,	3,	741.48,	6.56,	'2025-08-02 05:51:01.946',	'2025-08-02 05:51:01.946'),
(708,	361,	38,	2,	2028.59,	183.36,	'2025-08-02 05:51:01.956',	'2025-08-02 05:51:01.956'),
(709,	361,	2,	3,	891.42,	166.23,	'2025-08-02 05:51:01.966',	'2025-08-02 05:51:01.966'),
(710,	361,	18,	2,	2327.37,	255.74,	'2025-08-02 05:51:01.976',	'2025-08-02 05:51:01.976'),
(711,	362,	7,	3,	469.13,	84.85,	'2025-08-02 05:51:01.986',	'2025-08-02 05:51:01.986'),
(712,	362,	33,	3,	799.88,	0.18,	'2025-08-02 05:51:01.996',	'2025-08-02 05:51:01.996'),
(713,	363,	1,	2,	343.26,	41.00,	'2025-08-02 05:51:02.006',	'2025-08-02 05:51:02.006'),
(714,	363,	26,	1,	172.37,	33.68,	'2025-08-02 05:51:02.014',	'2025-08-02 05:51:02.014'),
(715,	363,	13,	2,	2289.11,	220.59,	'2025-08-02 05:51:02.023',	'2025-08-02 05:51:02.023'),
(716,	364,	13,	1,	1100.57,	141.34,	'2025-08-02 05:51:02.033',	'2025-08-02 05:51:02.033'),
(717,	365,	34,	2,	1697.49,	104.80,	'2025-08-02 05:51:02.048',	'2025-08-02 05:51:02.048'),
(718,	365,	10,	1,	559.09,	4.00,	'2025-08-02 05:51:02.055',	'2025-08-02 05:51:02.055'),
(719,	366,	14,	3,	788.25,	75.54,	'2025-08-02 05:51:02.061',	'2025-08-02 05:51:02.061'),
(720,	366,	21,	3,	489.53,	15.79,	'2025-08-02 05:51:02.067',	'2025-08-02 05:51:02.067'),
(721,	367,	11,	2,	762.81,	92.24,	'2025-08-02 05:51:02.075',	'2025-08-02 05:51:02.075'),
(722,	368,	16,	3,	2353.16,	458.97,	'2025-08-02 05:51:02.083',	'2025-08-02 05:51:02.083'),
(723,	368,	32,	2,	787.83,	79.06,	'2025-08-02 05:51:02.091',	'2025-08-02 05:51:02.091'),
(724,	369,	23,	2,	1784.90,	128.02,	'2025-08-02 05:51:02.099',	'2025-08-02 05:51:02.099'),
(725,	370,	23,	3,	183.51,	31.28,	'2025-08-02 05:51:02.107',	'2025-08-02 05:51:02.107'),
(726,	370,	37,	1,	177.67,	23.89,	'2025-08-02 05:51:02.114',	'2025-08-02 05:51:02.114'),
(727,	371,	13,	2,	1587.40,	138.41,	'2025-08-02 05:51:02.123',	'2025-08-02 05:51:02.123'),
(728,	371,	2,	3,	857.51,	164.80,	'2025-08-02 05:51:02.132',	'2025-08-02 05:51:02.132'),
(729,	372,	35,	3,	1600.53,	251.10,	'2025-08-02 05:51:02.140',	'2025-08-02 05:51:02.140'),
(730,	372,	31,	1,	1436.79,	5.16,	'2025-08-02 05:51:02.149',	'2025-08-02 05:51:02.149'),
(731,	373,	37,	3,	1579.06,	49.12,	'2025-08-02 05:51:02.158',	'2025-08-02 05:51:02.158'),
(732,	374,	12,	3,	419.88,	29.25,	'2025-08-02 05:51:02.167',	'2025-08-02 05:51:02.167'),
(733,	375,	31,	1,	910.03,	102.30,	'2025-08-02 05:51:02.175',	'2025-08-02 05:51:02.175'),
(734,	375,	14,	2,	1580.01,	138.88,	'2025-08-02 05:51:02.183',	'2025-08-02 05:51:02.183'),
(735,	375,	19,	1,	88.42,	6.16,	'2025-08-02 05:51:02.190',	'2025-08-02 05:51:02.190'),
(736,	376,	31,	2,	1394.08,	256.72,	'2025-08-02 05:51:02.197',	'2025-08-02 05:51:02.197'),
(737,	376,	7,	1,	2041.65,	320.33,	'2025-08-02 05:51:02.205',	'2025-08-02 05:51:02.205'),
(738,	377,	25,	3,	2281.71,	433.61,	'2025-08-02 05:51:02.214',	'2025-08-02 05:51:02.214'),
(739,	377,	3,	1,	502.40,	5.24,	'2025-08-02 05:51:02.221',	'2025-08-02 05:51:02.221'),
(740,	378,	9,	1,	1077.36,	49.32,	'2025-08-02 05:51:02.231',	'2025-08-02 05:51:02.231'),
(741,	378,	11,	2,	49.27,	0.89,	'2025-08-02 05:51:02.241',	'2025-08-02 05:51:02.241'),
(742,	378,	1,	1,	2490.51,	74.61,	'2025-08-02 05:51:02.251',	'2025-08-02 05:51:02.251'),
(743,	379,	28,	2,	2085.09,	331.36,	'2025-08-02 05:51:02.260',	'2025-08-02 05:51:02.260'),
(744,	379,	5,	2,	1801.54,	307.06,	'2025-08-02 05:51:02.270',	'2025-08-02 05:51:02.270'),
(745,	379,	3,	3,	298.39,	54.72,	'2025-08-02 05:51:02.277',	'2025-08-02 05:51:02.277'),
(746,	380,	32,	1,	743.42,	53.42,	'2025-08-02 05:51:02.286',	'2025-08-02 05:51:02.286'),
(747,	380,	3,	2,	941.78,	25.01,	'2025-08-02 05:51:02.294',	'2025-08-02 05:51:02.294'),
(748,	381,	24,	1,	1074.15,	52.01,	'2025-08-02 05:51:02.302',	'2025-08-02 05:51:02.302'),
(749,	381,	3,	3,	393.26,	46.25,	'2025-08-02 05:51:02.310',	'2025-08-02 05:51:02.310'),
(750,	381,	18,	1,	1711.48,	54.20,	'2025-08-02 05:51:02.319',	'2025-08-02 05:51:02.319'),
(751,	382,	14,	1,	325.03,	44.63,	'2025-08-02 05:51:02.327',	'2025-08-02 05:51:02.327'),
(752,	382,	31,	1,	1950.78,	318.42,	'2025-08-02 05:51:02.336',	'2025-08-02 05:51:02.336'),
(753,	383,	30,	3,	1574.72,	21.83,	'2025-08-02 05:51:02.350',	'2025-08-02 05:51:02.350'),
(754,	383,	16,	1,	1728.39,	297.44,	'2025-08-02 05:51:02.359',	'2025-08-02 05:51:02.359'),
(755,	384,	6,	2,	1924.33,	316.75,	'2025-08-02 05:51:02.370',	'2025-08-02 05:51:02.370'),
(756,	385,	16,	3,	1466.05,	289.99,	'2025-08-02 05:51:02.378',	'2025-08-02 05:51:02.378'),
(757,	385,	27,	3,	2049.15,	376.18,	'2025-08-02 05:51:02.388',	'2025-08-02 05:51:02.388'),
(758,	385,	38,	1,	1186.22,	165.48,	'2025-08-02 05:51:02.397',	'2025-08-02 05:51:02.397'),
(759,	386,	9,	1,	511.46,	45.08,	'2025-08-02 05:51:02.406',	'2025-08-02 05:51:02.406'),
(760,	386,	35,	3,	939.68,	174.61,	'2025-08-02 05:51:02.415',	'2025-08-02 05:51:02.415'),
(761,	386,	2,	3,	2123.97,	29.32,	'2025-08-02 05:51:02.424',	'2025-08-02 05:51:02.424'),
(762,	387,	8,	2,	966.53,	14.77,	'2025-08-02 05:51:02.433',	'2025-08-02 05:51:02.433'),
(763,	387,	16,	3,	1859.44,	42.88,	'2025-08-02 05:51:02.442',	'2025-08-02 05:51:02.442'),
(764,	388,	11,	1,	1335.56,	174.02,	'2025-08-02 05:51:02.451',	'2025-08-02 05:51:02.451'),
(765,	388,	5,	3,	1885.31,	26.01,	'2025-08-02 05:51:02.459',	'2025-08-02 05:51:02.459'),
(766,	389,	5,	2,	994.84,	107.23,	'2025-08-02 05:51:02.468',	'2025-08-02 05:51:02.468'),
(767,	390,	1,	1,	1803.81,	107.77,	'2025-08-02 05:51:02.476',	'2025-08-02 05:51:02.476'),
(768,	390,	14,	2,	1670.97,	121.04,	'2025-08-02 05:51:02.485',	'2025-08-02 05:51:02.485'),
(769,	391,	17,	3,	461.18,	16.02,	'2025-08-02 05:51:02.496',	'2025-08-02 05:51:02.496'),
(770,	392,	5,	3,	2087.78,	231.68,	'2025-08-02 05:51:02.505',	'2025-08-02 05:51:02.505'),
(771,	392,	10,	2,	1496.35,	211.69,	'2025-08-02 05:51:02.513',	'2025-08-02 05:51:02.513'),
(772,	392,	15,	1,	1436.60,	103.20,	'2025-08-02 05:51:02.522',	'2025-08-02 05:51:02.522'),
(773,	393,	5,	1,	994.09,	172.99,	'2025-08-02 05:51:02.530',	'2025-08-02 05:51:02.530'),
(774,	393,	34,	3,	2496.89,	54.62,	'2025-08-02 05:51:02.539',	'2025-08-02 05:51:02.539'),
(775,	393,	27,	2,	1153.88,	97.02,	'2025-08-02 05:51:02.549',	'2025-08-02 05:51:02.549'),
(776,	394,	30,	1,	930.60,	94.47,	'2025-08-02 05:51:02.569',	'2025-08-02 05:51:02.569'),
(777,	395,	38,	2,	156.49,	12.98,	'2025-08-02 05:51:02.595',	'2025-08-02 05:51:02.595'),
(778,	396,	22,	3,	368.89,	11.54,	'2025-08-02 05:51:02.618',	'2025-08-02 05:51:02.618'),
(779,	396,	40,	2,	1787.93,	325.70,	'2025-08-02 05:51:02.635',	'2025-08-02 05:51:02.635'),
(780,	396,	2,	1,	2052.35,	110.19,	'2025-08-02 05:51:02.649',	'2025-08-02 05:51:02.649'),
(781,	397,	13,	3,	539.96,	104.90,	'2025-08-02 05:51:02.659',	'2025-08-02 05:51:02.659'),
(782,	398,	25,	3,	1073.76,	86.82,	'2025-08-02 05:51:02.669',	'2025-08-02 05:51:02.669'),
(783,	399,	35,	1,	708.36,	9.95,	'2025-08-02 05:51:02.678',	'2025-08-02 05:51:02.678'),
(784,	399,	4,	2,	348.36,	6.24,	'2025-08-02 05:51:02.688',	'2025-08-02 05:51:02.688'),
(785,	400,	17,	2,	2383.88,	111.82,	'2025-08-02 05:51:02.703',	'2025-08-02 05:51:02.703'),
(786,	401,	21,	1,	474.51,	94.49,	'2025-08-02 05:51:02.715',	'2025-08-02 05:51:02.715'),
(787,	401,	32,	2,	247.50,	16.18,	'2025-08-02 05:51:02.728',	'2025-08-02 05:51:02.728'),
(788,	401,	39,	2,	338.20,	63.19,	'2025-08-02 05:51:02.742',	'2025-08-02 05:51:02.742'),
(789,	402,	40,	1,	2172.96,	256.86,	'2025-08-02 05:51:02.752',	'2025-08-02 05:51:02.752'),
(790,	403,	31,	1,	2117.03,	64.49,	'2025-08-02 05:51:02.763',	'2025-08-02 05:51:02.763'),
(791,	404,	36,	3,	905.79,	42.49,	'2025-08-02 05:51:02.772',	'2025-08-02 05:51:02.772'),
(792,	404,	18,	3,	565.01,	104.14,	'2025-08-02 05:51:02.780',	'2025-08-02 05:51:02.780'),
(793,	404,	34,	3,	1326.39,	116.41,	'2025-08-02 05:51:02.797',	'2025-08-02 05:51:02.797'),
(794,	405,	20,	2,	1660.78,	301.84,	'2025-08-02 05:51:02.807',	'2025-08-02 05:51:02.807'),
(795,	405,	38,	3,	450.85,	32.98,	'2025-08-02 05:51:02.817',	'2025-08-02 05:51:02.817'),
(796,	406,	10,	3,	465.35,	6.02,	'2025-08-02 05:51:02.833',	'2025-08-02 05:51:02.833'),
(797,	407,	40,	3,	2420.00,	270.26,	'2025-08-02 05:51:02.843',	'2025-08-02 05:51:02.843'),
(798,	407,	12,	1,	1544.39,	212.23,	'2025-08-02 05:51:02.853',	'2025-08-02 05:51:02.853'),
(799,	408,	4,	2,	1650.05,	317.40,	'2025-08-02 05:51:02.862',	'2025-08-02 05:51:02.862'),
(800,	409,	12,	2,	526.84,	58.15,	'2025-08-02 05:51:02.872',	'2025-08-02 05:51:02.872'),
(801,	409,	9,	2,	1386.53,	63.50,	'2025-08-02 05:51:02.885',	'2025-08-02 05:51:02.885'),
(802,	410,	30,	1,	1949.73,	329.66,	'2025-08-02 05:51:02.900',	'2025-08-02 05:51:02.900'),
(803,	410,	27,	1,	1830.84,	9.63,	'2025-08-02 05:51:02.920',	'2025-08-02 05:51:02.920'),
(804,	410,	18,	1,	1570.68,	61.42,	'2025-08-02 05:51:02.931',	'2025-08-02 05:51:02.931'),
(805,	411,	15,	1,	2224.53,	103.26,	'2025-08-02 05:51:02.946',	'2025-08-02 05:51:02.946'),
(806,	412,	36,	1,	1690.60,	32.70,	'2025-08-02 05:51:02.965',	'2025-08-02 05:51:02.965'),
(807,	413,	11,	1,	2164.61,	141.01,	'2025-08-02 05:51:02.980',	'2025-08-02 05:51:02.980'),
(808,	414,	39,	2,	2286.78,	123.88,	'2025-08-02 05:51:02.992',	'2025-08-02 05:51:02.992'),
(809,	415,	26,	2,	334.85,	24.85,	'2025-08-02 05:51:03.003',	'2025-08-02 05:51:03.003'),
(810,	415,	7,	1,	1812.41,	246.56,	'2025-08-02 05:51:03.014',	'2025-08-02 05:51:03.014'),
(811,	416,	3,	3,	63.31,	1.19,	'2025-08-02 05:51:03.077',	'2025-08-02 05:51:03.077'),
(812,	416,	12,	2,	2186.59,	290.19,	'2025-08-02 05:51:03.108',	'2025-08-02 05:51:03.108'),
(813,	417,	37,	1,	883.80,	16.60,	'2025-08-02 05:51:03.132',	'2025-08-02 05:51:03.132'),
(814,	418,	6,	1,	1042.29,	39.33,	'2025-08-02 05:51:03.155',	'2025-08-02 05:51:03.155'),
(815,	418,	32,	1,	874.88,	3.68,	'2025-08-02 05:51:03.175',	'2025-08-02 05:51:03.175'),
(816,	418,	19,	2,	1132.10,	158.70,	'2025-08-02 05:51:03.208',	'2025-08-02 05:51:03.208'),
(817,	419,	36,	1,	1411.52,	254.24,	'2025-08-02 05:51:03.238',	'2025-08-02 05:51:03.238'),
(818,	419,	14,	1,	1222.04,	225.03,	'2025-08-02 05:51:03.270',	'2025-08-02 05:51:03.270'),
(819,	419,	7,	3,	953.11,	140.40,	'2025-08-02 05:51:03.306',	'2025-08-02 05:51:03.306'),
(820,	420,	18,	1,	1207.48,	217.88,	'2025-08-02 05:51:03.332',	'2025-08-02 05:51:03.332'),
(821,	421,	11,	3,	1859.20,	83.16,	'2025-08-02 05:51:03.358',	'2025-08-02 05:51:03.358'),
(822,	421,	24,	1,	1837.57,	35.75,	'2025-08-02 05:51:03.367',	'2025-08-02 05:51:03.367'),
(823,	421,	7,	3,	1337.39,	71.21,	'2025-08-02 05:51:03.377',	'2025-08-02 05:51:03.377'),
(824,	422,	17,	1,	2181.87,	412.32,	'2025-08-02 05:51:03.388',	'2025-08-02 05:51:03.388'),
(825,	422,	34,	3,	1014.19,	46.65,	'2025-08-02 05:51:03.398',	'2025-08-02 05:51:03.398'),
(826,	422,	24,	3,	2066.14,	139.06,	'2025-08-02 05:51:03.408',	'2025-08-02 05:51:03.408'),
(827,	423,	16,	1,	451.42,	41.00,	'2025-08-02 05:51:03.422',	'2025-08-02 05:51:03.422'),
(828,	423,	11,	1,	1287.11,	69.53,	'2025-08-02 05:51:03.434',	'2025-08-02 05:51:03.434'),
(829,	423,	31,	2,	1610.49,	250.66,	'2025-08-02 05:51:03.444',	'2025-08-02 05:51:03.444'),
(830,	424,	16,	3,	64.75,	12.74,	'2025-08-02 05:51:03.456',	'2025-08-02 05:51:03.456'),
(831,	424,	1,	1,	1958.46,	46.53,	'2025-08-02 05:51:03.464',	'2025-08-02 05:51:03.464'),
(832,	425,	35,	3,	1154.50,	18.24,	'2025-08-02 05:51:03.475',	'2025-08-02 05:51:03.475'),
(833,	426,	15,	2,	945.32,	0.99,	'2025-08-02 05:51:03.490',	'2025-08-02 05:51:03.490'),
(834,	426,	34,	1,	185.01,	26.21,	'2025-08-02 05:51:03.500',	'2025-08-02 05:51:03.500'),
(835,	427,	16,	1,	977.71,	117.53,	'2025-08-02 05:51:03.508',	'2025-08-02 05:51:03.508'),
(836,	427,	33,	2,	1451.04,	212.54,	'2025-08-02 05:51:03.517',	'2025-08-02 05:51:03.517'),
(837,	427,	24,	1,	1411.08,	56.02,	'2025-08-02 05:51:03.526',	'2025-08-02 05:51:03.526'),
(838,	428,	22,	1,	693.17,	6.41,	'2025-08-02 05:51:03.539',	'2025-08-02 05:51:03.539'),
(839,	429,	6,	2,	1559.88,	4.27,	'2025-08-02 05:51:03.547',	'2025-08-02 05:51:03.547'),
(840,	429,	5,	3,	1211.08,	46.24,	'2025-08-02 05:51:03.556',	'2025-08-02 05:51:03.556'),
(841,	429,	26,	1,	728.65,	6.16,	'2025-08-02 05:51:03.566',	'2025-08-02 05:51:03.566'),
(842,	430,	31,	3,	805.48,	60.92,	'2025-08-02 05:51:03.575',	'2025-08-02 05:51:03.575'),
(843,	431,	6,	1,	165.54,	20.75,	'2025-08-02 05:51:03.584',	'2025-08-02 05:51:03.584'),
(844,	431,	36,	2,	2025.19,	358.79,	'2025-08-02 05:51:03.593',	'2025-08-02 05:51:03.593'),
(845,	431,	28,	3,	2282.05,	73.11,	'2025-08-02 05:51:03.602',	'2025-08-02 05:51:03.602'),
(846,	432,	28,	3,	76.04,	9.66,	'2025-08-02 05:51:03.610',	'2025-08-02 05:51:03.610'),
(847,	432,	10,	3,	694.20,	8.31,	'2025-08-02 05:51:03.618',	'2025-08-02 05:51:03.618'),
(848,	432,	5,	1,	2257.46,	356.64,	'2025-08-02 05:51:03.626',	'2025-08-02 05:51:03.626'),
(849,	433,	12,	1,	990.05,	19.42,	'2025-08-02 05:51:03.634',	'2025-08-02 05:51:03.634'),
(850,	433,	16,	3,	2087.20,	269.95,	'2025-08-02 05:51:03.642',	'2025-08-02 05:51:03.642'),
(851,	433,	26,	2,	1073.88,	131.64,	'2025-08-02 05:51:03.651',	'2025-08-02 05:51:03.651'),
(852,	434,	34,	3,	2456.84,	306.13,	'2025-08-02 05:51:03.659',	'2025-08-02 05:51:03.659'),
(853,	435,	25,	3,	922.82,	52.03,	'2025-08-02 05:51:03.668',	'2025-08-02 05:51:03.668'),
(854,	436,	40,	2,	1362.27,	11.77,	'2025-08-02 05:51:03.676',	'2025-08-02 05:51:03.676'),
(855,	437,	38,	1,	171.05,	17.56,	'2025-08-02 05:51:03.686',	'2025-08-02 05:51:03.686'),
(856,	438,	21,	1,	1673.29,	315.59,	'2025-08-02 05:51:03.694',	'2025-08-02 05:51:03.694'),
(857,	438,	23,	2,	283.06,	50.87,	'2025-08-02 05:51:03.706',	'2025-08-02 05:51:03.706'),
(858,	439,	28,	2,	2400.25,	259.26,	'2025-08-02 05:51:03.715',	'2025-08-02 05:51:03.715'),
(859,	439,	4,	3,	1034.79,	40.09,	'2025-08-02 05:51:03.723',	'2025-08-02 05:51:03.723'),
(860,	440,	35,	2,	2008.72,	236.71,	'2025-08-02 05:51:03.732',	'2025-08-02 05:51:03.732'),
(861,	441,	38,	3,	1276.24,	186.98,	'2025-08-02 05:51:03.743',	'2025-08-02 05:51:03.743'),
(862,	441,	35,	3,	2221.08,	395.28,	'2025-08-02 05:51:03.752',	'2025-08-02 05:51:03.752'),
(863,	442,	6,	3,	867.46,	36.82,	'2025-08-02 05:51:03.764',	'2025-08-02 05:51:03.764'),
(864,	443,	32,	1,	1088.26,	202.59,	'2025-08-02 05:51:03.773',	'2025-08-02 05:51:03.773'),
(865,	443,	35,	3,	335.57,	31.89,	'2025-08-02 05:51:03.781',	'2025-08-02 05:51:03.781'),
(866,	444,	17,	1,	254.11,	25.55,	'2025-08-02 05:51:03.791',	'2025-08-02 05:51:03.791'),
(867,	444,	5,	1,	1095.67,	61.45,	'2025-08-02 05:51:03.801',	'2025-08-02 05:51:03.801'),
(868,	444,	24,	3,	1177.04,	221.65,	'2025-08-02 05:51:03.811',	'2025-08-02 05:51:03.811'),
(869,	445,	13,	3,	2056.26,	312.62,	'2025-08-02 05:51:03.821',	'2025-08-02 05:51:03.821'),
(870,	446,	18,	3,	1256.60,	98.31,	'2025-08-02 05:51:03.838',	'2025-08-02 05:51:03.838'),
(871,	446,	32,	2,	947.95,	66.76,	'2025-08-02 05:51:03.860',	'2025-08-02 05:51:03.860'),
(872,	447,	31,	1,	1229.91,	117.94,	'2025-08-02 05:51:03.879',	'2025-08-02 05:51:03.879'),
(873,	448,	20,	2,	257.70,	37.03,	'2025-08-02 05:51:03.890',	'2025-08-02 05:51:03.890'),
(874,	448,	17,	1,	2038.79,	20.08,	'2025-08-02 05:51:03.900',	'2025-08-02 05:51:03.900'),
(875,	448,	14,	1,	2230.75,	351.46,	'2025-08-02 05:51:03.911',	'2025-08-02 05:51:03.911'),
(876,	449,	25,	1,	2294.25,	324.87,	'2025-08-02 05:51:03.920',	'2025-08-02 05:51:03.920'),
(877,	449,	13,	2,	2219.11,	110.48,	'2025-08-02 05:51:03.929',	'2025-08-02 05:51:03.929'),
(878,	449,	1,	3,	2039.57,	8.57,	'2025-08-02 05:51:03.938',	'2025-08-02 05:51:03.938'),
(879,	450,	23,	2,	1909.48,	302.01,	'2025-08-02 05:51:03.948',	'2025-08-02 05:51:03.948'),
(880,	450,	30,	3,	335.03,	48.41,	'2025-08-02 05:51:03.956',	'2025-08-02 05:51:03.956'),
(881,	450,	10,	3,	1939.43,	381.59,	'2025-08-02 05:51:03.965',	'2025-08-02 05:51:03.965'),
(882,	451,	19,	3,	1427.79,	145.66,	'2025-08-02 05:51:03.973',	'2025-08-02 05:51:03.973'),
(883,	451,	39,	1,	1150.76,	213.10,	'2025-08-02 05:51:03.981',	'2025-08-02 05:51:03.981'),
(884,	452,	35,	3,	83.57,	1.65,	'2025-08-02 05:51:03.991',	'2025-08-02 05:51:03.991'),
(885,	452,	34,	1,	2474.09,	96.60,	'2025-08-02 05:51:04.002',	'2025-08-02 05:51:04.002'),
(886,	453,	37,	2,	1909.80,	379.42,	'2025-08-02 05:51:04.010',	'2025-08-02 05:51:04.010'),
(887,	454,	2,	3,	829.46,	105.14,	'2025-08-02 05:51:04.020',	'2025-08-02 05:51:04.020'),
(888,	455,	5,	1,	352.08,	7.66,	'2025-08-02 05:51:04.028',	'2025-08-02 05:51:04.028'),
(889,	455,	7,	1,	2478.03,	175.39,	'2025-08-02 05:51:04.038',	'2025-08-02 05:51:04.038'),
(890,	455,	6,	1,	318.16,	18.04,	'2025-08-02 05:51:04.047',	'2025-08-02 05:51:04.047'),
(891,	456,	34,	2,	48.35,	1.20,	'2025-08-02 05:51:04.055',	'2025-08-02 05:51:04.055'),
(892,	456,	8,	2,	1290.69,	208.47,	'2025-08-02 05:51:04.064',	'2025-08-02 05:51:04.064'),
(893,	457,	15,	3,	2377.65,	97.62,	'2025-08-02 05:51:04.073',	'2025-08-02 05:51:04.073'),
(894,	458,	32,	2,	866.39,	65.51,	'2025-08-02 05:51:04.082',	'2025-08-02 05:51:04.082'),
(895,	458,	15,	3,	917.58,	79.38,	'2025-08-02 05:51:04.090',	'2025-08-02 05:51:04.090'),
(896,	459,	17,	2,	1303.18,	198.06,	'2025-08-02 05:51:04.098',	'2025-08-02 05:51:04.098'),
(897,	460,	1,	3,	1597.62,	113.90,	'2025-08-02 05:51:04.106',	'2025-08-02 05:51:04.106'),
(898,	460,	33,	1,	853.57,	61.62,	'2025-08-02 05:51:04.114',	'2025-08-02 05:51:04.114'),
(899,	461,	7,	2,	1453.37,	179.21,	'2025-08-02 05:51:04.122',	'2025-08-02 05:51:04.122'),
(900,	461,	20,	3,	1487.17,	77.18,	'2025-08-02 05:51:04.130',	'2025-08-02 05:51:04.130'),
(901,	462,	12,	2,	2077.80,	21.81,	'2025-08-02 05:51:04.138',	'2025-08-02 05:51:04.138'),
(902,	462,	2,	1,	599.32,	57.18,	'2025-08-02 05:51:04.146',	'2025-08-02 05:51:04.146'),
(903,	463,	27,	1,	2414.12,	482.59,	'2025-08-02 05:51:04.154',	'2025-08-02 05:51:04.154'),
(904,	463,	34,	1,	610.59,	11.60,	'2025-08-02 05:51:04.163',	'2025-08-02 05:51:04.163'),
(905,	464,	16,	2,	1181.54,	146.97,	'2025-08-02 05:51:04.171',	'2025-08-02 05:51:04.171'),
(906,	464,	26,	2,	140.58,	4.11,	'2025-08-02 05:51:04.181',	'2025-08-02 05:51:04.181'),
(907,	464,	36,	1,	1877.52,	1.23,	'2025-08-02 05:51:04.188',	'2025-08-02 05:51:04.188'),
(908,	465,	22,	3,	221.76,	35.43,	'2025-08-02 05:51:04.198',	'2025-08-02 05:51:04.198'),
(909,	466,	4,	3,	491.29,	71.96,	'2025-08-02 05:51:04.207',	'2025-08-02 05:51:04.207'),
(910,	466,	4,	2,	344.93,	3.53,	'2025-08-02 05:51:04.216',	'2025-08-02 05:51:04.216'),
(911,	467,	26,	2,	602.56,	59.10,	'2025-08-02 05:51:04.224',	'2025-08-02 05:51:04.224'),
(912,	467,	32,	3,	2185.86,	64.95,	'2025-08-02 05:51:04.237',	'2025-08-02 05:51:04.237'),
(913,	468,	33,	3,	2096.60,	387.17,	'2025-08-02 05:51:04.248',	'2025-08-02 05:51:04.248'),
(914,	468,	12,	3,	925.31,	118.09,	'2025-08-02 05:51:04.256',	'2025-08-02 05:51:04.256'),
(915,	468,	19,	1,	609.15,	91.37,	'2025-08-02 05:51:04.265',	'2025-08-02 05:51:04.265'),
(916,	469,	8,	1,	858.72,	34.79,	'2025-08-02 05:51:04.273',	'2025-08-02 05:51:04.273'),
(917,	469,	25,	1,	1612.50,	191.28,	'2025-08-02 05:51:04.281',	'2025-08-02 05:51:04.281'),
(918,	470,	32,	3,	228.75,	0.31,	'2025-08-02 05:51:04.290',	'2025-08-02 05:51:04.290'),
(919,	470,	40,	3,	2413.53,	388.35,	'2025-08-02 05:51:04.298',	'2025-08-02 05:51:04.298'),
(920,	470,	25,	1,	1769.26,	170.62,	'2025-08-02 05:51:04.307',	'2025-08-02 05:51:04.307'),
(921,	471,	1,	2,	869.50,	124.05,	'2025-08-02 05:51:04.316',	'2025-08-02 05:51:04.316'),
(922,	471,	5,	3,	166.95,	19.61,	'2025-08-02 05:51:04.325',	'2025-08-02 05:51:04.325'),
(923,	472,	39,	3,	1217.71,	53.25,	'2025-08-02 05:51:04.334',	'2025-08-02 05:51:04.334'),
(924,	472,	8,	1,	876.49,	80.09,	'2025-08-02 05:51:04.342',	'2025-08-02 05:51:04.342'),
(925,	472,	19,	3,	157.50,	4.76,	'2025-08-02 05:51:04.351',	'2025-08-02 05:51:04.351'),
(926,	473,	23,	3,	63.04,	10.42,	'2025-08-02 05:51:04.360',	'2025-08-02 05:51:04.360'),
(927,	473,	37,	3,	981.44,	67.30,	'2025-08-02 05:51:04.369',	'2025-08-02 05:51:04.369'),
(928,	473,	2,	3,	2220.27,	89.90,	'2025-08-02 05:51:04.377',	'2025-08-02 05:51:04.377'),
(929,	474,	15,	1,	2449.31,	151.92,	'2025-08-02 05:51:04.387',	'2025-08-02 05:51:04.387'),
(930,	474,	13,	3,	1979.89,	85.48,	'2025-08-02 05:51:04.393',	'2025-08-02 05:51:04.393'),
(931,	475,	5,	3,	908.62,	146.42,	'2025-08-02 05:51:04.402',	'2025-08-02 05:51:04.402'),
(932,	476,	28,	1,	1542.89,	87.76,	'2025-08-02 05:51:04.410',	'2025-08-02 05:51:04.410'),
(933,	476,	15,	3,	540.09,	38.30,	'2025-08-02 05:51:04.420',	'2025-08-02 05:51:04.420'),
(934,	476,	1,	3,	1486.94,	97.90,	'2025-08-02 05:51:04.428',	'2025-08-02 05:51:04.428'),
(935,	477,	5,	2,	1827.51,	56.61,	'2025-08-02 05:51:04.437',	'2025-08-02 05:51:04.437'),
(936,	478,	24,	1,	986.54,	138.20,	'2025-08-02 05:51:04.445',	'2025-08-02 05:51:04.445'),
(937,	478,	21,	1,	711.70,	108.60,	'2025-08-02 05:51:04.454',	'2025-08-02 05:51:04.454'),
(938,	478,	6,	3,	1236.08,	200.32,	'2025-08-02 05:51:04.463',	'2025-08-02 05:51:04.463'),
(939,	479,	21,	2,	2015.13,	93.91,	'2025-08-02 05:51:04.473',	'2025-08-02 05:51:04.473'),
(940,	480,	11,	3,	1516.72,	177.60,	'2025-08-02 05:51:04.480',	'2025-08-02 05:51:04.480'),
(941,	481,	35,	3,	1671.79,	128.32,	'2025-08-02 05:51:04.490',	'2025-08-02 05:51:04.490'),
(942,	481,	27,	1,	310.37,	55.04,	'2025-08-02 05:51:04.498',	'2025-08-02 05:51:04.498'),
(943,	481,	27,	3,	2017.43,	248.69,	'2025-08-02 05:51:04.506',	'2025-08-02 05:51:04.506'),
(944,	482,	6,	2,	2479.02,	300.47,	'2025-08-02 05:51:04.514',	'2025-08-02 05:51:04.514'),
(945,	482,	16,	3,	466.56,	42.19,	'2025-08-02 05:51:04.523',	'2025-08-02 05:51:04.523'),
(946,	483,	30,	1,	1897.83,	114.01,	'2025-08-02 05:51:04.531',	'2025-08-02 05:51:04.531'),
(947,	484,	35,	1,	218.75,	32.50,	'2025-08-02 05:51:04.540',	'2025-08-02 05:51:04.540'),
(948,	484,	24,	2,	454.21,	45.13,	'2025-08-02 05:51:04.547',	'2025-08-02 05:51:04.547'),
(949,	485,	11,	3,	743.40,	20.91,	'2025-08-02 05:51:04.555',	'2025-08-02 05:51:04.555'),
(950,	485,	16,	2,	2267.09,	20.81,	'2025-08-02 05:51:04.567',	'2025-08-02 05:51:04.567'),
(951,	485,	28,	1,	445.44,	71.89,	'2025-08-02 05:51:04.582',	'2025-08-02 05:51:04.582'),
(952,	486,	9,	2,	1475.42,	118.87,	'2025-08-02 05:51:04.590',	'2025-08-02 05:51:04.590'),
(953,	487,	34,	1,	1203.54,	207.17,	'2025-08-02 05:51:04.598',	'2025-08-02 05:51:04.598'),
(954,	487,	29,	1,	1141.77,	97.75,	'2025-08-02 05:51:04.606',	'2025-08-02 05:51:04.606'),
(955,	488,	5,	2,	1036.53,	52.52,	'2025-08-02 05:51:04.613',	'2025-08-02 05:51:04.613'),
(956,	488,	40,	2,	906.34,	165.67,	'2025-08-02 05:51:04.621',	'2025-08-02 05:51:04.621'),
(957,	489,	13,	1,	2109.18,	112.68,	'2025-08-02 05:51:04.631',	'2025-08-02 05:51:04.631'),
(958,	489,	19,	3,	213.17,	26.32,	'2025-08-02 05:51:04.640',	'2025-08-02 05:51:04.640'),
(959,	490,	24,	3,	1930.50,	72.85,	'2025-08-02 05:51:04.649',	'2025-08-02 05:51:04.649'),
(960,	490,	2,	3,	2254.54,	97.29,	'2025-08-02 05:51:04.658',	'2025-08-02 05:51:04.658'),
(961,	491,	17,	1,	324.07,	16.25,	'2025-08-02 05:51:04.667',	'2025-08-02 05:51:04.667'),
(962,	491,	31,	3,	1111.44,	52.46,	'2025-08-02 05:51:04.675',	'2025-08-02 05:51:04.675'),
(963,	491,	4,	3,	272.66,	30.46,	'2025-08-02 05:51:04.682',	'2025-08-02 05:51:04.682'),
(964,	492,	4,	2,	1652.11,	51.71,	'2025-08-02 05:51:04.690',	'2025-08-02 05:51:04.690'),
(965,	492,	4,	3,	877.06,	10.27,	'2025-08-02 05:51:04.699',	'2025-08-02 05:51:04.699'),
(966,	493,	19,	1,	1668.33,	313.11,	'2025-08-02 05:51:04.707',	'2025-08-02 05:51:04.707'),
(967,	493,	27,	2,	1687.46,	72.32,	'2025-08-02 05:51:04.716',	'2025-08-02 05:51:04.716'),
(968,	493,	9,	1,	1672.77,	172.22,	'2025-08-02 05:51:04.724',	'2025-08-02 05:51:04.724'),
(969,	494,	23,	3,	1005.43,	160.23,	'2025-08-02 05:51:04.732',	'2025-08-02 05:51:04.732'),
(970,	494,	16,	3,	1477.71,	241.54,	'2025-08-02 05:51:04.742',	'2025-08-02 05:51:04.742'),
(971,	494,	28,	3,	21.30,	3.88,	'2025-08-02 05:51:04.751',	'2025-08-02 05:51:04.751'),
(972,	495,	6,	3,	1021.49,	159.58,	'2025-08-02 05:51:04.760',	'2025-08-02 05:51:04.760'),
(973,	495,	28,	3,	74.72,	9.79,	'2025-08-02 05:51:04.770',	'2025-08-02 05:51:04.770'),
(974,	495,	26,	2,	324.45,	17.25,	'2025-08-02 05:51:04.779',	'2025-08-02 05:51:04.779'),
(975,	496,	33,	1,	1116.33,	89.82,	'2025-08-02 05:51:04.788',	'2025-08-02 05:51:04.788'),
(976,	497,	26,	2,	1607.79,	128.77,	'2025-08-02 05:51:04.798',	'2025-08-02 05:51:04.798'),
(977,	498,	35,	1,	1665.07,	74.64,	'2025-08-02 05:51:04.806',	'2025-08-02 05:51:04.806'),
(978,	498,	24,	2,	494.19,	72.21,	'2025-08-02 05:51:04.816',	'2025-08-02 05:51:04.816'),
(979,	499,	10,	1,	345.88,	38.58,	'2025-08-02 05:51:04.824',	'2025-08-02 05:51:04.824'),
(980,	499,	38,	3,	2190.14,	61.98,	'2025-08-02 05:51:04.832',	'2025-08-02 05:51:04.832'),
(981,	499,	12,	1,	490.19,	58.50,	'2025-08-02 05:51:04.840',	'2025-08-02 05:51:04.840'),
(982,	500,	20,	1,	489.46,	18.27,	'2025-08-02 05:51:04.850',	'2025-08-02 05:51:04.850'),
(983,	500,	39,	1,	1097.90,	56.19,	'2025-08-02 05:51:04.858',	'2025-08-02 05:51:04.858'),
(984,	500,	29,	1,	1268.39,	95.58,	'2025-08-02 05:51:04.867',	'2025-08-02 05:51:04.867'),
(985,	501,	32,	2,	2182.04,	151.98,	'2025-08-02 05:51:04.877',	'2025-08-02 05:51:04.877'),
(986,	502,	19,	1,	577.12,	109.67,	'2025-08-02 05:51:04.885',	'2025-08-02 05:51:04.885'),
(987,	503,	21,	3,	1273.60,	116.79,	'2025-08-02 05:51:04.893',	'2025-08-02 05:51:04.893'),
(988,	503,	29,	1,	824.51,	54.87,	'2025-08-02 05:51:04.901',	'2025-08-02 05:51:04.901'),
(989,	503,	10,	3,	1026.94,	38.29,	'2025-08-02 05:51:04.912',	'2025-08-02 05:51:04.912'),
(990,	504,	9,	3,	696.36,	41.32,	'2025-08-02 05:51:04.923',	'2025-08-02 05:51:04.923'),
(991,	505,	8,	3,	1196.98,	66.94,	'2025-08-02 05:51:04.932',	'2025-08-02 05:51:04.932'),
(992,	506,	24,	1,	57.47,	3.35,	'2025-08-02 05:51:04.940',	'2025-08-02 05:51:04.940'),
(993,	507,	4,	1,	1633.85,	175.85,	'2025-08-02 05:51:04.948',	'2025-08-02 05:51:04.948'),
(994,	507,	8,	1,	669.84,	88.59,	'2025-08-02 05:51:04.957',	'2025-08-02 05:51:04.957'),
(995,	507,	12,	1,	2384.07,	370.31,	'2025-08-02 05:51:04.966',	'2025-08-02 05:51:04.966'),
(996,	508,	38,	3,	1024.29,	73.91,	'2025-08-02 05:51:04.974',	'2025-08-02 05:51:04.974'),
(997,	509,	29,	2,	418.34,	21.21,	'2025-08-02 05:51:04.983',	'2025-08-02 05:51:04.983'),
(998,	510,	2,	2,	2180.20,	362.77,	'2025-08-02 05:51:04.994',	'2025-08-02 05:51:04.994'),
(999,	510,	30,	1,	38.10,	5.05,	'2025-08-02 05:51:05.003',	'2025-08-02 05:51:05.003'),
(1000,	511,	12,	3,	2499.14,	219.13,	'2025-08-02 05:51:05.012',	'2025-08-02 05:51:05.012'),
(1001,	511,	15,	1,	679.53,	94.54,	'2025-08-02 05:51:05.019',	'2025-08-02 05:51:05.019'),
(1002,	511,	39,	1,	2049.51,	12.01,	'2025-08-02 05:51:05.026',	'2025-08-02 05:51:05.026'),
(1003,	512,	14,	3,	1024.01,	49.08,	'2025-08-02 05:51:05.033',	'2025-08-02 05:51:05.033'),
(1004,	513,	19,	1,	495.57,	42.33,	'2025-08-02 05:51:05.043',	'2025-08-02 05:51:05.043'),
(1005,	513,	13,	3,	372.61,	69.18,	'2025-08-02 05:51:05.051',	'2025-08-02 05:51:05.051'),
(1006,	514,	26,	3,	905.25,	59.29,	'2025-08-02 05:51:05.060',	'2025-08-02 05:51:05.060'),
(1007,	515,	36,	2,	1876.82,	249.81,	'2025-08-02 05:51:05.068',	'2025-08-02 05:51:05.068'),
(1008,	515,	3,	1,	1668.03,	180.51,	'2025-08-02 05:51:05.076',	'2025-08-02 05:51:05.076'),
(1009,	515,	30,	1,	593.75,	21.20,	'2025-08-02 05:51:05.086',	'2025-08-02 05:51:05.086'),
(1010,	516,	12,	1,	999.16,	147.83,	'2025-08-02 05:51:05.094',	'2025-08-02 05:51:05.094'),
(1011,	516,	28,	2,	42.41,	5.01,	'2025-08-02 05:51:05.104',	'2025-08-02 05:51:05.104'),
(1012,	517,	5,	1,	302.63,	45.47,	'2025-08-02 05:51:05.113',	'2025-08-02 05:51:05.113'),
(1013,	517,	26,	1,	2411.43,	229.06,	'2025-08-02 05:51:05.122',	'2025-08-02 05:51:05.122'),
(1014,	517,	38,	1,	323.74,	44.17,	'2025-08-02 05:51:05.129',	'2025-08-02 05:51:05.129'),
(1015,	518,	19,	1,	2432.06,	138.39,	'2025-08-02 05:51:05.136',	'2025-08-02 05:51:05.136'),
(1016,	519,	2,	3,	1833.80,	0.67,	'2025-08-02 05:51:05.145',	'2025-08-02 05:51:05.145'),
(1017,	519,	12,	3,	645.35,	30.31,	'2025-08-02 05:51:05.153',	'2025-08-02 05:51:05.153'),
(1018,	519,	8,	1,	1884.16,	212.58,	'2025-08-02 05:51:05.162',	'2025-08-02 05:51:05.162'),
(1019,	520,	17,	3,	2133.48,	4.51,	'2025-08-02 05:51:05.170',	'2025-08-02 05:51:05.170'),
(1020,	521,	38,	1,	1993.52,	91.03,	'2025-08-02 05:51:05.178',	'2025-08-02 05:51:05.178'),
(1021,	521,	28,	3,	1773.73,	316.98,	'2025-08-02 05:51:05.187',	'2025-08-02 05:51:05.187'),
(1022,	521,	33,	2,	753.85,	78.08,	'2025-08-02 05:51:05.196',	'2025-08-02 05:51:05.196'),
(1023,	522,	18,	1,	1433.59,	253.96,	'2025-08-02 05:51:05.205',	'2025-08-02 05:51:05.205'),
(1024,	522,	30,	2,	190.75,	13.68,	'2025-08-02 05:51:05.213',	'2025-08-02 05:51:05.213'),
(1025,	523,	35,	2,	1022.29,	102.44,	'2025-08-02 05:51:05.222',	'2025-08-02 05:51:05.222'),
(1026,	523,	21,	3,	524.25,	86.38,	'2025-08-02 05:51:05.231',	'2025-08-02 05:51:05.231'),
(1027,	524,	14,	1,	617.61,	92.67,	'2025-08-02 05:51:05.242',	'2025-08-02 05:51:05.242'),
(1028,	525,	10,	2,	1627.49,	262.47,	'2025-08-02 05:51:05.251',	'2025-08-02 05:51:05.251'),
(1029,	525,	35,	3,	2088.65,	278.54,	'2025-08-02 05:51:05.260',	'2025-08-02 05:51:05.260'),
(1030,	525,	28,	3,	87.23,	6.32,	'2025-08-02 05:51:05.271',	'2025-08-02 05:51:05.271'),
(1031,	526,	39,	2,	897.99,	79.58,	'2025-08-02 05:51:05.280',	'2025-08-02 05:51:05.280'),
(1032,	527,	13,	1,	1716.15,	6.53,	'2025-08-02 05:51:05.289',	'2025-08-02 05:51:05.289'),
(1033,	527,	6,	2,	550.97,	106.05,	'2025-08-02 05:51:05.298',	'2025-08-02 05:51:05.298'),
(1034,	527,	4,	1,	2400.51,	437.41,	'2025-08-02 05:51:05.308',	'2025-08-02 05:51:05.308'),
(1035,	528,	19,	2,	1408.55,	222.65,	'2025-08-02 05:51:05.317',	'2025-08-02 05:51:05.317'),
(1036,	528,	26,	2,	1647.40,	225.40,	'2025-08-02 05:51:05.328',	'2025-08-02 05:51:05.328'),
(1037,	529,	17,	3,	1579.60,	145.68,	'2025-08-02 05:51:05.337',	'2025-08-02 05:51:05.337'),
(1038,	530,	18,	2,	1133.68,	29.19,	'2025-08-02 05:51:05.351',	'2025-08-02 05:51:05.351'),
(1039,	531,	5,	3,	1564.84,	178.60,	'2025-08-02 05:51:05.361',	'2025-08-02 05:51:05.361'),
(1040,	532,	20,	2,	1913.22,	205.09,	'2025-08-02 05:51:05.371',	'2025-08-02 05:51:05.371'),
(1041,	532,	14,	2,	1044.67,	62.18,	'2025-08-02 05:51:05.380',	'2025-08-02 05:51:05.380'),
(1042,	532,	40,	2,	2143.84,	290.45,	'2025-08-02 05:51:05.388',	'2025-08-02 05:51:05.388'),
(1043,	533,	38,	1,	1105.91,	0.76,	'2025-08-02 05:51:05.409',	'2025-08-02 05:51:05.409'),
(1044,	533,	13,	3,	1819.56,	57.35,	'2025-08-02 05:51:05.418',	'2025-08-02 05:51:05.418'),
(1045,	534,	4,	2,	2361.52,	398.97,	'2025-08-02 05:51:05.427',	'2025-08-02 05:51:05.427'),
(1046,	534,	12,	3,	1735.88,	137.45,	'2025-08-02 05:51:05.437',	'2025-08-02 05:51:05.437'),
(1047,	535,	29,	2,	1443.51,	265.03,	'2025-08-02 05:51:05.445',	'2025-08-02 05:51:05.445'),
(1048,	535,	29,	1,	1634.30,	75.23,	'2025-08-02 05:51:05.453',	'2025-08-02 05:51:05.453'),
(1049,	535,	17,	3,	563.25,	38.09,	'2025-08-02 05:51:05.463',	'2025-08-02 05:51:05.463'),
(1050,	536,	3,	2,	1542.79,	299.10,	'2025-08-02 05:51:05.472',	'2025-08-02 05:51:05.472'),
(1051,	536,	30,	1,	1869.87,	87.31,	'2025-08-02 05:51:05.480',	'2025-08-02 05:51:05.480'),
(1052,	537,	28,	3,	2479.49,	473.78,	'2025-08-02 05:51:05.492',	'2025-08-02 05:51:05.492'),
(1053,	538,	32,	2,	1046.88,	39.92,	'2025-08-02 05:51:05.502',	'2025-08-02 05:51:05.502'),
(1054,	538,	23,	3,	869.55,	73.70,	'2025-08-02 05:51:05.512',	'2025-08-02 05:51:05.512'),
(1055,	538,	17,	2,	254.80,	46.07,	'2025-08-02 05:51:05.522',	'2025-08-02 05:51:05.522'),
(1056,	539,	38,	3,	1252.91,	208.24,	'2025-08-02 05:51:05.530',	'2025-08-02 05:51:05.530'),
(1057,	539,	6,	3,	342.53,	67.60,	'2025-08-02 05:51:05.538',	'2025-08-02 05:51:05.538'),
(1058,	540,	40,	1,	150.78,	25.05,	'2025-08-02 05:51:05.547',	'2025-08-02 05:51:05.547'),
(1059,	540,	23,	3,	1897.63,	115.32,	'2025-08-02 05:51:05.558',	'2025-08-02 05:51:05.558'),
(1060,	541,	28,	3,	2433.46,	311.27,	'2025-08-02 05:51:05.568',	'2025-08-02 05:51:05.568'),
(1061,	542,	25,	2,	1029.73,	179.43,	'2025-08-02 05:51:05.577',	'2025-08-02 05:51:05.577'),
(1062,	543,	15,	1,	689.57,	36.81,	'2025-08-02 05:51:05.585',	'2025-08-02 05:51:05.585'),
(1063,	543,	31,	1,	1046.45,	12.57,	'2025-08-02 05:51:05.593',	'2025-08-02 05:51:05.593'),
(1064,	544,	17,	2,	1334.87,	24.52,	'2025-08-02 05:51:05.602',	'2025-08-02 05:51:05.602'),
(1065,	544,	28,	2,	2230.30,	355.22,	'2025-08-02 05:51:05.610',	'2025-08-02 05:51:05.610'),
(1066,	544,	9,	3,	2330.14,	373.83,	'2025-08-02 05:51:05.619',	'2025-08-02 05:51:05.619'),
(1067,	545,	25,	3,	1044.42,	200.30,	'2025-08-02 05:51:05.627',	'2025-08-02 05:51:05.627'),
(1068,	545,	16,	3,	460.30,	10.85,	'2025-08-02 05:51:05.637',	'2025-08-02 05:51:05.637'),
(1069,	546,	39,	2,	2194.43,	292.09,	'2025-08-02 05:51:05.645',	'2025-08-02 05:51:05.645'),
(1070,	546,	16,	3,	177.64,	22.11,	'2025-08-02 05:51:05.654',	'2025-08-02 05:51:05.654'),
(1071,	547,	6,	3,	962.12,	75.24,	'2025-08-02 05:51:05.663',	'2025-08-02 05:51:05.663'),
(1072,	548,	15,	1,	1060.64,	73.81,	'2025-08-02 05:51:05.671',	'2025-08-02 05:51:05.671'),
(1073,	548,	13,	3,	2092.38,	273.31,	'2025-08-02 05:51:05.679',	'2025-08-02 05:51:05.679'),
(1074,	549,	23,	3,	301.78,	45.26,	'2025-08-02 05:51:05.687',	'2025-08-02 05:51:05.687'),
(1075,	549,	31,	3,	1804.72,	247.41,	'2025-08-02 05:51:05.696',	'2025-08-02 05:51:05.696'),
(1076,	549,	4,	1,	1131.47,	36.50,	'2025-08-02 05:51:05.706',	'2025-08-02 05:51:05.706'),
(1077,	550,	37,	1,	1001.76,	19.90,	'2025-08-02 05:51:05.715',	'2025-08-02 05:51:05.715'),
(1078,	551,	7,	2,	190.39,	5.04,	'2025-08-02 05:51:05.723',	'2025-08-02 05:51:05.723'),
(1079,	551,	21,	1,	722.42,	81.82,	'2025-08-02 05:51:05.732',	'2025-08-02 05:51:05.732'),
(1080,	551,	37,	3,	284.55,	36.23,	'2025-08-02 05:51:05.740',	'2025-08-02 05:51:05.740'),
(1081,	552,	31,	3,	471.60,	78.84,	'2025-08-02 05:51:05.750',	'2025-08-02 05:51:05.750'),
(1082,	552,	13,	3,	1052.02,	51.37,	'2025-08-02 05:51:05.758',	'2025-08-02 05:51:05.758'),
(1083,	553,	17,	1,	274.18,	18.97,	'2025-08-02 05:51:05.767',	'2025-08-02 05:51:05.767'),
(1084,	553,	24,	3,	536.79,	59.03,	'2025-08-02 05:51:05.775',	'2025-08-02 05:51:05.775'),
(1085,	553,	14,	3,	1008.35,	147.24,	'2025-08-02 05:51:05.782',	'2025-08-02 05:51:05.782'),
(1086,	554,	37,	1,	1527.21,	137.38,	'2025-08-02 05:51:05.791',	'2025-08-02 05:51:05.791'),
(1087,	554,	29,	2,	509.73,	83.15,	'2025-08-02 05:51:05.799',	'2025-08-02 05:51:05.799'),
(1088,	554,	32,	3,	758.69,	151.48,	'2025-08-02 05:51:05.807',	'2025-08-02 05:51:05.807'),
(1089,	555,	39,	3,	1376.19,	266.03,	'2025-08-02 05:51:05.816',	'2025-08-02 05:51:05.816'),
(1090,	555,	9,	1,	848.13,	11.02,	'2025-08-02 05:51:05.824',	'2025-08-02 05:51:05.824'),
(1091,	555,	32,	3,	252.86,	45.47,	'2025-08-02 05:51:05.833',	'2025-08-02 05:51:05.833'),
(1092,	556,	30,	3,	126.66,	5.41,	'2025-08-02 05:51:05.840',	'2025-08-02 05:51:05.840'),
(1093,	557,	10,	1,	1198.71,	128.80,	'2025-08-02 05:51:05.849',	'2025-08-02 05:51:05.849'),
(1094,	558,	24,	2,	1564.33,	162.74,	'2025-08-02 05:51:05.857',	'2025-08-02 05:51:05.857'),
(1095,	559,	26,	2,	1777.06,	16.71,	'2025-08-02 05:51:05.865',	'2025-08-02 05:51:05.865'),
(1096,	559,	23,	3,	1845.07,	104.11,	'2025-08-02 05:51:05.872',	'2025-08-02 05:51:05.872'),
(1097,	559,	1,	3,	1760.48,	230.02,	'2025-08-02 05:51:05.880',	'2025-08-02 05:51:05.880'),
(1098,	560,	39,	1,	2452.12,	279.23,	'2025-08-02 05:51:05.889',	'2025-08-02 05:51:05.889'),
(1099,	560,	5,	2,	1830.02,	57.62,	'2025-08-02 05:51:05.898',	'2025-08-02 05:51:05.898'),
(1100,	560,	3,	2,	2179.33,	80.61,	'2025-08-02 05:51:05.913',	'2025-08-02 05:51:05.913'),
(1101,	561,	23,	2,	65.17,	8.42,	'2025-08-02 05:51:05.921',	'2025-08-02 05:51:05.921'),
(1102,	562,	28,	3,	1477.52,	168.39,	'2025-08-02 05:51:05.931',	'2025-08-02 05:51:05.931'),
(1103,	563,	7,	3,	127.62,	18.30,	'2025-08-02 05:51:05.940',	'2025-08-02 05:51:05.940'),
(1104,	563,	2,	2,	22.57,	1.73,	'2025-08-02 05:51:05.950',	'2025-08-02 05:51:05.950'),
(1105,	564,	7,	3,	1137.97,	156.08,	'2025-08-02 05:51:05.959',	'2025-08-02 05:51:05.959'),
(1106,	565,	32,	3,	174.77,	2.40,	'2025-08-02 05:51:05.968',	'2025-08-02 05:51:05.968'),
(1107,	565,	8,	2,	473.84,	58.10,	'2025-08-02 05:51:05.980',	'2025-08-02 05:51:05.980'),
(1108,	565,	25,	3,	2169.68,	53.89,	'2025-08-02 05:51:05.989',	'2025-08-02 05:51:05.989'),
(1109,	566,	14,	3,	125.31,	17.33,	'2025-08-02 05:51:05.999',	'2025-08-02 05:51:05.999'),
(1110,	566,	13,	1,	2268.02,	86.91,	'2025-08-02 05:51:06.008',	'2025-08-02 05:51:06.008'),
(1111,	567,	13,	3,	1877.07,	13.71,	'2025-08-02 05:51:06.017',	'2025-08-02 05:51:06.017'),
(1112,	567,	11,	1,	50.68,	3.26,	'2025-08-02 05:51:06.027',	'2025-08-02 05:51:06.027'),
(1113,	567,	7,	1,	2180.23,	435.90,	'2025-08-02 05:51:06.037',	'2025-08-02 05:51:06.037'),
(1114,	568,	16,	2,	1956.91,	164.22,	'2025-08-02 05:51:06.047',	'2025-08-02 05:51:06.047'),
(1115,	568,	16,	3,	2229.80,	183.13,	'2025-08-02 05:51:06.057',	'2025-08-02 05:51:06.057'),
(1116,	569,	5,	1,	836.34,	9.38,	'2025-08-02 05:51:06.065',	'2025-08-02 05:51:06.065'),
(1117,	569,	15,	3,	501.55,	8.60,	'2025-08-02 05:51:06.075',	'2025-08-02 05:51:06.075'),
(1118,	570,	35,	2,	2389.04,	335.30,	'2025-08-02 05:51:06.083',	'2025-08-02 05:51:06.083'),
(1119,	570,	3,	2,	806.46,	20.98,	'2025-08-02 05:51:06.093',	'2025-08-02 05:51:06.093'),
(1120,	571,	31,	1,	1545.75,	65.60,	'2025-08-02 05:51:06.102',	'2025-08-02 05:51:06.102'),
(1121,	571,	3,	1,	348.78,	52.93,	'2025-08-02 05:51:06.111',	'2025-08-02 05:51:06.111'),
(1122,	571,	11,	1,	2365.68,	360.57,	'2025-08-02 05:51:06.121',	'2025-08-02 05:51:06.121'),
(1123,	572,	4,	2,	393.53,	76.92,	'2025-08-02 05:51:06.130',	'2025-08-02 05:51:06.130'),
(1124,	573,	25,	2,	1450.01,	126.74,	'2025-08-02 05:51:06.140',	'2025-08-02 05:51:06.140'),
(1125,	573,	20,	1,	1945.67,	388.72,	'2025-08-02 05:51:06.149',	'2025-08-02 05:51:06.149'),
(1126,	574,	4,	3,	2261.32,	76.14,	'2025-08-02 05:51:06.157',	'2025-08-02 05:51:06.157'),
(1127,	574,	19,	3,	1443.66,	276.11,	'2025-08-02 05:51:06.166',	'2025-08-02 05:51:06.166'),
(1128,	575,	7,	2,	258.32,	32.25,	'2025-08-02 05:51:06.174',	'2025-08-02 05:51:06.174'),
(1129,	575,	19,	3,	666.45,	119.83,	'2025-08-02 05:51:06.183',	'2025-08-02 05:51:06.183'),
(1130,	575,	31,	2,	2136.21,	186.79,	'2025-08-02 05:51:06.191',	'2025-08-02 05:51:06.191'),
(1131,	576,	16,	1,	2078.13,	219.08,	'2025-08-02 05:51:06.199',	'2025-08-02 05:51:06.199'),
(1132,	576,	21,	2,	1079.29,	168.68,	'2025-08-02 05:51:06.208',	'2025-08-02 05:51:06.208'),
(1133,	577,	19,	3,	1824.52,	313.52,	'2025-08-02 05:51:06.217',	'2025-08-02 05:51:06.217'),
(1134,	577,	19,	3,	986.65,	33.73,	'2025-08-02 05:51:06.226',	'2025-08-02 05:51:06.226'),
(1135,	578,	12,	2,	2141.88,	417.53,	'2025-08-02 05:51:06.235',	'2025-08-02 05:51:06.235'),
(1136,	578,	9,	3,	1843.74,	356.26,	'2025-08-02 05:51:06.246',	'2025-08-02 05:51:06.246'),
(1137,	579,	39,	3,	312.26,	25.72,	'2025-08-02 05:51:06.254',	'2025-08-02 05:51:06.254'),
(1138,	579,	28,	1,	2072.17,	302.65,	'2025-08-02 05:51:06.264',	'2025-08-02 05:51:06.264'),
(1139,	580,	36,	1,	2226.23,	164.83,	'2025-08-02 05:51:06.272',	'2025-08-02 05:51:06.272'),
(1140,	580,	26,	1,	685.06,	68.30,	'2025-08-02 05:51:06.280',	'2025-08-02 05:51:06.280'),
(1141,	581,	17,	1,	986.55,	154.26,	'2025-08-02 05:51:06.289',	'2025-08-02 05:51:06.289'),
(1142,	581,	20,	2,	207.72,	0.35,	'2025-08-02 05:51:06.297',	'2025-08-02 05:51:06.297'),
(1143,	581,	16,	2,	1708.79,	190.80,	'2025-08-02 05:51:06.307',	'2025-08-02 05:51:06.307'),
(1144,	582,	8,	1,	808.71,	130.51,	'2025-08-02 05:51:06.316',	'2025-08-02 05:51:06.316'),
(1145,	583,	10,	1,	1117.42,	150.87,	'2025-08-02 05:51:06.325',	'2025-08-02 05:51:06.325'),
(1146,	584,	33,	1,	1500.13,	113.58,	'2025-08-02 05:51:06.336',	'2025-08-02 05:51:06.336'),
(1147,	584,	20,	3,	1552.28,	68.99,	'2025-08-02 05:51:06.345',	'2025-08-02 05:51:06.345'),
(1148,	585,	39,	1,	1687.32,	336.79,	'2025-08-02 05:51:06.356',	'2025-08-02 05:51:06.356'),
(1149,	585,	8,	3,	2220.66,	264.87,	'2025-08-02 05:51:06.364',	'2025-08-02 05:51:06.364'),
(1150,	586,	9,	3,	971.06,	18.67,	'2025-08-02 05:51:06.373',	'2025-08-02 05:51:06.373'),
(1151,	586,	29,	1,	1986.36,	245.00,	'2025-08-02 05:51:06.382',	'2025-08-02 05:51:06.382'),
(1152,	586,	29,	1,	231.81,	29.68,	'2025-08-02 05:51:06.392',	'2025-08-02 05:51:06.392'),
(1153,	587,	32,	3,	1132.05,	196.51,	'2025-08-02 05:51:06.400',	'2025-08-02 05:51:06.400'),
(1154,	588,	18,	1,	137.28,	11.53,	'2025-08-02 05:51:06.409',	'2025-08-02 05:51:06.409'),
(1155,	588,	7,	2,	1211.20,	174.95,	'2025-08-02 05:51:06.417',	'2025-08-02 05:51:06.417'),
(1156,	588,	33,	1,	2119.31,	214.83,	'2025-08-02 05:51:06.426',	'2025-08-02 05:51:06.426'),
(1157,	589,	16,	3,	1352.82,	241.37,	'2025-08-02 05:51:06.437',	'2025-08-02 05:51:06.437'),
(1158,	589,	17,	2,	2151.20,	238.42,	'2025-08-02 05:51:06.447',	'2025-08-02 05:51:06.447'),
(1159,	589,	28,	3,	229.21,	33.47,	'2025-08-02 05:51:06.456',	'2025-08-02 05:51:06.456'),
(1160,	590,	6,	1,	1727.99,	300.55,	'2025-08-02 05:51:06.465',	'2025-08-02 05:51:06.465'),
(1161,	590,	15,	2,	1040.43,	80.08,	'2025-08-02 05:51:06.473',	'2025-08-02 05:51:06.473'),
(1162,	590,	10,	1,	774.55,	81.74,	'2025-08-02 05:51:06.483',	'2025-08-02 05:51:06.483'),
(1163,	591,	6,	1,	1648.96,	103.79,	'2025-08-02 05:51:06.495',	'2025-08-02 05:51:06.495'),
(1164,	592,	26,	1,	736.99,	111.54,	'2025-08-02 05:51:06.504',	'2025-08-02 05:51:06.504'),
(1165,	592,	7,	1,	150.24,	5.47,	'2025-08-02 05:51:06.512',	'2025-08-02 05:51:06.512'),
(1166,	593,	10,	1,	1692.77,	96.20,	'2025-08-02 05:51:06.521',	'2025-08-02 05:51:06.521'),
(1167,	593,	25,	3,	853.81,	35.33,	'2025-08-02 05:51:06.530',	'2025-08-02 05:51:06.530'),
(1168,	594,	15,	1,	1390.03,	135.80,	'2025-08-02 05:51:06.540',	'2025-08-02 05:51:06.540'),
(1169,	594,	40,	2,	1830.25,	312.63,	'2025-08-02 05:51:06.550',	'2025-08-02 05:51:06.550'),
(1170,	594,	5,	1,	576.54,	23.03,	'2025-08-02 05:51:06.559',	'2025-08-02 05:51:06.559'),
(1171,	595,	39,	1,	1341.71,	191.15,	'2025-08-02 05:51:06.568',	'2025-08-02 05:51:06.568'),
(1172,	595,	2,	1,	2048.23,	340.08,	'2025-08-02 05:51:06.579',	'2025-08-02 05:51:06.579'),
(1173,	595,	33,	2,	877.20,	1.72,	'2025-08-02 05:51:06.588',	'2025-08-02 05:51:06.588'),
(1174,	596,	2,	1,	1338.79,	7.22,	'2025-08-02 05:51:06.597',	'2025-08-02 05:51:06.597'),
(1175,	596,	3,	1,	1426.87,	111.97,	'2025-08-02 05:51:06.609',	'2025-08-02 05:51:06.609'),
(1176,	596,	7,	1,	854.11,	121.78,	'2025-08-02 05:51:06.627',	'2025-08-02 05:51:06.627'),
(1177,	597,	29,	2,	2125.30,	151.79,	'2025-08-02 05:51:06.638',	'2025-08-02 05:51:06.638'),
(1178,	597,	12,	3,	2300.78,	365.35,	'2025-08-02 05:51:06.647',	'2025-08-02 05:51:06.647'),
(1179,	597,	36,	3,	1201.78,	158.20,	'2025-08-02 05:51:06.657',	'2025-08-02 05:51:06.657'),
(1180,	598,	28,	3,	1690.56,	275.48,	'2025-08-02 05:51:06.666',	'2025-08-02 05:51:06.666'),
(1181,	598,	20,	3,	1244.83,	175.82,	'2025-08-02 05:51:06.676',	'2025-08-02 05:51:06.676'),
(1182,	599,	30,	1,	2179.49,	243.20,	'2025-08-02 05:51:06.684',	'2025-08-02 05:51:06.684'),
(1183,	600,	3,	3,	712.59,	48.89,	'2025-08-02 05:51:06.693',	'2025-08-02 05:51:06.693'),
(1184,	601,	8,	1,	545.44,	21.69,	'2025-08-02 05:51:06.701',	'2025-08-02 05:51:06.701'),
(1185,	602,	8,	1,	1000.26,	62.39,	'2025-08-02 05:51:06.710',	'2025-08-02 05:51:06.710'),
(1186,	603,	38,	2,	1306.96,	144.61,	'2025-08-02 05:51:06.719',	'2025-08-02 05:51:06.719'),
(1187,	604,	34,	1,	1970.78,	228.89,	'2025-08-02 05:51:06.728',	'2025-08-02 05:51:06.728'),
(1188,	604,	8,	3,	257.35,	35.59,	'2025-08-02 05:51:06.737',	'2025-08-02 05:51:06.737'),
(1189,	604,	29,	3,	1285.59,	240.42,	'2025-08-02 05:51:06.747',	'2025-08-02 05:51:06.747'),
(1190,	605,	25,	2,	1399.85,	75.19,	'2025-08-02 05:51:06.756',	'2025-08-02 05:51:06.756'),
(1191,	605,	29,	1,	1374.94,	264.05,	'2025-08-02 05:51:06.765',	'2025-08-02 05:51:06.765'),
(1192,	605,	9,	3,	2221.96,	267.59,	'2025-08-02 05:51:06.774',	'2025-08-02 05:51:06.774'),
(1193,	606,	23,	2,	1047.71,	52.84,	'2025-08-02 05:51:06.782',	'2025-08-02 05:51:06.782'),
(1194,	607,	39,	1,	1809.21,	280.75,	'2025-08-02 05:51:06.791',	'2025-08-02 05:51:06.791'),
(1195,	608,	32,	1,	2440.14,	11.07,	'2025-08-02 05:51:06.799',	'2025-08-02 05:51:06.799'),
(1196,	608,	27,	2,	465.69,	3.16,	'2025-08-02 05:51:06.808',	'2025-08-02 05:51:06.808'),
(1197,	609,	9,	3,	312.81,	48.07,	'2025-08-02 05:51:06.819',	'2025-08-02 05:51:06.819'),
(1198,	609,	29,	1,	2246.22,	33.11,	'2025-08-02 05:51:06.828',	'2025-08-02 05:51:06.828'),
(1199,	609,	34,	1,	353.96,	17.09,	'2025-08-02 05:51:06.836',	'2025-08-02 05:51:06.836'),
(1200,	610,	38,	1,	2018.61,	96.82,	'2025-08-02 05:51:06.845',	'2025-08-02 05:51:06.845'),
(1201,	610,	18,	3,	769.96,	28.34,	'2025-08-02 05:51:06.855',	'2025-08-02 05:51:06.855'),
(1202,	610,	13,	1,	2377.21,	113.49,	'2025-08-02 05:51:06.863',	'2025-08-02 05:51:06.863'),
(1203,	611,	38,	2,	495.22,	62.42,	'2025-08-02 05:51:06.873',	'2025-08-02 05:51:06.873'),
(1204,	611,	3,	2,	533.46,	11.85,	'2025-08-02 05:51:06.882',	'2025-08-02 05:51:06.882'),
(1205,	611,	19,	1,	2454.65,	305.04,	'2025-08-02 05:51:06.904',	'2025-08-02 05:51:06.904'),
(1206,	612,	19,	1,	634.76,	102.02,	'2025-08-02 05:51:06.913',	'2025-08-02 05:51:06.913'),
(1207,	612,	2,	1,	461.33,	73.99,	'2025-08-02 05:51:06.921',	'2025-08-02 05:51:06.921'),
(1208,	612,	23,	3,	322.14,	18.04,	'2025-08-02 05:51:06.931',	'2025-08-02 05:51:06.931'),
(1209,	613,	5,	1,	2236.59,	366.61,	'2025-08-02 05:51:06.940',	'2025-08-02 05:51:06.940'),
(1210,	614,	22,	3,	1964.55,	52.02,	'2025-08-02 05:51:06.950',	'2025-08-02 05:51:06.950'),
(1211,	614,	15,	2,	2001.39,	295.74,	'2025-08-02 05:51:06.972',	'2025-08-02 05:51:06.972'),
(1212,	615,	14,	3,	28.21,	4.66,	'2025-08-02 05:51:06.995',	'2025-08-02 05:51:06.995'),
(1213,	616,	10,	2,	810.46,	94.88,	'2025-08-02 05:51:07.019',	'2025-08-02 05:51:07.019'),
(1214,	616,	9,	2,	234.98,	34.88,	'2025-08-02 05:51:07.032',	'2025-08-02 05:51:07.032'),
(1215,	616,	21,	2,	724.73,	51.83,	'2025-08-02 05:51:07.045',	'2025-08-02 05:51:07.045'),
(1216,	617,	35,	3,	2296.96,	196.18,	'2025-08-02 05:51:07.055',	'2025-08-02 05:51:07.055'),
(1217,	617,	10,	3,	1234.30,	225.80,	'2025-08-02 05:51:07.062',	'2025-08-02 05:51:07.062'),
(1218,	618,	2,	1,	2168.67,	365.84,	'2025-08-02 05:51:07.069',	'2025-08-02 05:51:07.069'),
(1219,	619,	20,	3,	1642.42,	142.42,	'2025-08-02 05:51:07.077',	'2025-08-02 05:51:07.077'),
(1220,	619,	9,	2,	712.81,	120.11,	'2025-08-02 05:51:07.083',	'2025-08-02 05:51:07.083'),
(1221,	619,	29,	1,	1142.85,	219.19,	'2025-08-02 05:51:07.091',	'2025-08-02 05:51:07.091'),
(1222,	620,	40,	1,	2329.07,	121.88,	'2025-08-02 05:51:07.097',	'2025-08-02 05:51:07.097'),
(1223,	620,	2,	1,	1223.41,	21.99,	'2025-08-02 05:51:07.104',	'2025-08-02 05:51:07.104'),
(1224,	621,	22,	3,	1351.10,	143.31,	'2025-08-02 05:51:07.111',	'2025-08-02 05:51:07.111'),
(1225,	621,	17,	2,	1207.90,	57.24,	'2025-08-02 05:51:07.118',	'2025-08-02 05:51:07.118'),
(1226,	621,	39,	3,	987.66,	147.63,	'2025-08-02 05:51:07.124',	'2025-08-02 05:51:07.124'),
(1227,	622,	5,	1,	2109.50,	125.82,	'2025-08-02 05:51:07.131',	'2025-08-02 05:51:07.131'),
(1228,	623,	40,	3,	1716.14,	30.50,	'2025-08-02 05:51:07.137',	'2025-08-02 05:51:07.137'),
(1229,	624,	3,	3,	1930.26,	340.60,	'2025-08-02 05:51:07.144',	'2025-08-02 05:51:07.144'),
(1230,	624,	39,	1,	369.73,	70.40,	'2025-08-02 05:51:07.150',	'2025-08-02 05:51:07.150'),
(1231,	625,	10,	3,	1602.03,	32.38,	'2025-08-02 05:51:07.157',	'2025-08-02 05:51:07.157'),
(1232,	625,	19,	3,	2208.55,	404.49,	'2025-08-02 05:51:07.165',	'2025-08-02 05:51:07.165'),
(1233,	626,	1,	3,	1374.60,	132.97,	'2025-08-02 05:51:07.171',	'2025-08-02 05:51:07.171'),
(1234,	626,	22,	3,	1387.85,	7.17,	'2025-08-02 05:51:07.178',	'2025-08-02 05:51:07.178'),
(1235,	627,	25,	3,	2242.66,	27.84,	'2025-08-02 05:51:07.185',	'2025-08-02 05:51:07.185'),
(1236,	627,	40,	2,	538.97,	4.43,	'2025-08-02 05:51:07.191',	'2025-08-02 05:51:07.191'),
(1237,	627,	25,	2,	2388.49,	399.56,	'2025-08-02 05:51:07.198',	'2025-08-02 05:51:07.198'),
(1238,	628,	20,	2,	2456.30,	399.50,	'2025-08-02 05:51:07.204',	'2025-08-02 05:51:07.204'),
(1239,	628,	4,	3,	105.42,	11.26,	'2025-08-02 05:51:07.212',	'2025-08-02 05:51:07.212'),
(1240,	629,	13,	1,	43.38,	3.42,	'2025-08-02 05:51:07.220',	'2025-08-02 05:51:07.220'),
(1241,	630,	13,	1,	184.30,	28.46,	'2025-08-02 05:51:07.228',	'2025-08-02 05:51:07.228'),
(1242,	631,	1,	1,	279.42,	0.26,	'2025-08-02 05:51:07.237',	'2025-08-02 05:51:07.237'),
(1243,	631,	25,	3,	715.40,	46.47,	'2025-08-02 05:51:07.245',	'2025-08-02 05:51:07.245'),
(1244,	631,	40,	3,	1631.00,	287.47,	'2025-08-02 05:51:07.255',	'2025-08-02 05:51:07.255'),
(1245,	632,	3,	2,	1184.24,	195.84,	'2025-08-02 05:51:07.264',	'2025-08-02 05:51:07.264'),
(1246,	632,	12,	3,	2380.49,	331.74,	'2025-08-02 05:51:07.274',	'2025-08-02 05:51:07.274'),
(1247,	632,	3,	3,	565.21,	26.98,	'2025-08-02 05:51:07.283',	'2025-08-02 05:51:07.283'),
(1248,	633,	3,	3,	622.81,	102.11,	'2025-08-02 05:51:07.291',	'2025-08-02 05:51:07.291'),
(1249,	633,	27,	1,	1152.10,	135.57,	'2025-08-02 05:51:07.300',	'2025-08-02 05:51:07.300'),
(1250,	633,	13,	1,	968.82,	117.44,	'2025-08-02 05:51:07.309',	'2025-08-02 05:51:07.309'),
(1251,	634,	33,	2,	781.34,	118.06,	'2025-08-02 05:51:07.317',	'2025-08-02 05:51:07.317'),
(1252,	634,	12,	3,	1155.16,	49.42,	'2025-08-02 05:51:07.325',	'2025-08-02 05:51:07.325');

DROP TABLE IF EXISTS `orders`;
CREATE TABLE `orders` (
  `id` int NOT NULL AUTO_INCREMENT,
  `order_code` varchar(50) CHARACTER SET utf8mb4 COLLATE utf8mb4_unicode_ci NOT NULL,
  `customer_id` int NOT NULL,
  `shipping_location` varchar(255) CHARACTER SET utf8mb4 COLLATE utf8mb4_unicode_ci DEFAULT NULL,
  `platform` varchar(50) CHARACTER SET utf8mb4 COLLATE utf8mb4_unicode_ci NOT NULL,
  `order_date` timestamp(6) NOT NULL DEFAULT CURRENT_TIMESTAMP(6),
  `status` varchar(50) CHARACTER SET utf8mb4 COLLATE utf8mb4_unicode_ci NOT NULL,
  `refund_reason` varchar(255) CHARACTER SET utf8mb4 COLLATE utf8mb4_unicode_ci DEFAULT NULL,
  `created_at` datetime(3) NOT NULL DEFAULT CURRENT_TIMESTAMP(3),
  `updated_at` datetime(3) NOT NULL,
  PRIMARY KEY (`id`),
  UNIQUE KEY `orders_order_code_key` (`order_code`),
  KEY `orders_customer_id_fkey` (`customer_id`),
  CONSTRAINT `orders_customer_id_fkey` FOREIGN KEY (`customer_id`) REFERENCES `customers` (`id`) ON DELETE CASCADE ON UPDATE CASCADE
) ENGINE=InnoDB DEFAULT CHARSET=utf8mb4 COLLATE=utf8mb4_unicode_ci;

INSERT INTO `orders` (`id`, `order_code`, `customer_id`, `shipping_location`, `platform`, `order_date`, `status`, `refund_reason`, `created_at`, `updated_at`) VALUES
(1,	'ORD-2024-101',	9,	'Address 101, City 7',	'Website',	'2024-01-01 08:05:00.000000',	'refunded',	NULL,	'2025-08-02 05:50:49.137',	'2025-08-02 05:50:49.137'),
(2,	'ORD-2024-102',	10,	'Address 102, City 58',	'Lazada',	'2024-01-02 09:42:00.000000',	'completed',	NULL,	'2025-08-02 05:50:49.154',	'2025-08-02 05:50:49.154'),
(3,	'ORD-2024-103',	18,	'Address 103, City 17',	'Shopee',	'2024-01-03 06:40:00.000000',	'completed',	NULL,	'2025-08-02 05:50:49.163',	'2025-08-02 05:50:49.163'),
(4,	'ORD-2024-104',	14,	'Address 104, City 58',	'Website',	'2024-01-04 08:16:00.000000',	'completed',	NULL,	'2025-08-02 05:50:49.176',	'2025-08-02 05:50:49.176'),
(5,	'ORD-2024-105',	38,	'Address 105, City 50',	'Website',	'2024-01-05 02:01:00.000000',	'completed',	NULL,	'2025-08-02 05:50:49.183',	'2025-08-02 05:50:49.183'),
(6,	'ORD-2024-106',	34,	'Address 106, City 1',	'Website',	'2024-01-06 03:44:00.000000',	'completed',	NULL,	'2025-08-02 05:50:49.191',	'2025-08-02 05:50:49.191'),
(7,	'ORD-2024-107',	37,	'Address 107, City 8',	'Website',	'2024-01-07 01:17:00.000000',	'completed',	NULL,	'2025-08-02 05:50:49.199',	'2025-08-02 05:50:49.199'),
(8,	'ORD-2024-108',	33,	'Address 108, City 27',	'Website',	'2024-01-08 09:16:00.000000',	'completed',	NULL,	'2025-08-02 05:50:49.207',	'2025-08-02 05:50:49.207'),
(9,	'ORD-2024-109',	16,	'Address 109, City 48',	'Shopee',	'2024-01-09 04:51:00.000000',	'completed',	NULL,	'2025-08-02 05:50:49.215',	'2025-08-02 05:50:49.215'),
(10,	'ORD-2024-110',	25,	'Address 110, City 14',	'Website',	'2024-01-10 03:58:00.000000',	'completed',	NULL,	'2025-08-02 05:50:49.223',	'2025-08-02 05:50:49.223'),
(11,	'ORD-2024-111',	2,	'Address 111, City 24',	'Lazada',	'2024-01-11 08:31:00.000000',	'completed',	NULL,	'2025-08-02 05:50:49.232',	'2025-08-02 05:50:49.232'),
(12,	'ORD-2024-112',	38,	'Address 112, City 40',	'Lazada',	'2024-01-12 05:30:00.000000',	'completed',	NULL,	'2025-08-02 05:50:49.241',	'2025-08-02 05:50:49.241'),
(13,	'ORD-2024-113',	41,	'Address 113, City 39',	'Shopee',	'2024-01-13 03:03:00.000000',	'completed',	NULL,	'2025-08-02 05:50:49.249',	'2025-08-02 05:50:49.249'),
(14,	'ORD-2024-114',	40,	'Address 114, City 18',	'Website',	'2024-01-14 07:55:00.000000',	'completed',	NULL,	'2025-08-02 05:50:49.257',	'2025-08-02 05:50:49.257'),
(15,	'ORD-2024-115',	2,	'Address 115, City 21',	'Shopee',	'2024-01-15 09:50:00.000000',	'completed',	NULL,	'2025-08-02 05:50:49.266',	'2025-08-02 05:50:49.266'),
(16,	'ORD-2024-116',	26,	'Address 116, City 36',	'Shopee',	'2024-01-16 09:59:00.000000',	'completed',	NULL,	'2025-08-02 05:50:49.275',	'2025-08-02 05:50:49.275'),
(17,	'ORD-2024-117',	42,	'Address 117, City 34',	'Shopee',	'2024-01-17 09:26:00.000000',	'completed',	NULL,	'2025-08-02 05:50:49.283',	'2025-08-02 05:50:49.283'),
(18,	'ORD-2024-118',	29,	'Address 118, City 19',	'Lazada',	'2024-01-18 11:32:00.000000',	'completed',	NULL,	'2025-08-02 05:50:49.292',	'2025-08-02 05:50:49.292'),
(19,	'ORD-2024-119',	42,	'Address 119, City 30',	'Shopee',	'2024-01-19 10:34:00.000000',	'completed',	NULL,	'2025-08-02 05:50:49.302',	'2025-08-02 05:50:49.302'),
(20,	'ORD-2024-120',	1,	'Address 120, City 20',	'Shopee',	'2024-01-20 05:15:00.000000',	'refunded',	NULL,	'2025-08-02 05:50:49.309',	'2025-08-02 05:50:49.309'),
(21,	'ORD-2024-121',	49,	'Address 121, City 5',	'Shopee',	'2024-01-21 02:15:00.000000',	'completed',	NULL,	'2025-08-02 05:50:49.317',	'2025-08-02 05:50:49.317'),
(22,	'ORD-2024-122',	34,	'Address 122, City 21',	'Website',	'2024-01-22 10:05:00.000000',	'refunded',	NULL,	'2025-08-02 05:50:49.325',	'2025-08-02 05:50:49.325'),
(23,	'ORD-2024-123',	48,	'Address 123, City 8',	'Shopee',	'2024-01-23 04:56:00.000000',	'completed',	NULL,	'2025-08-02 05:50:49.333',	'2025-08-02 05:50:49.333'),
(24,	'ORD-2024-124',	27,	'Address 124, City 62',	'Website',	'2024-01-24 10:56:00.000000',	'completed',	NULL,	'2025-08-02 05:50:49.341',	'2025-08-02 05:50:49.341'),
(25,	'ORD-2024-125',	6,	'Address 125, City 32',	'Lazada',	'2024-01-25 03:19:00.000000',	'completed',	NULL,	'2025-08-02 05:50:49.351',	'2025-08-02 05:50:49.351'),
(26,	'ORD-2024-126',	7,	'Address 126, City 33',	'Website',	'2024-01-26 09:31:00.000000',	'refunded',	NULL,	'2025-08-02 05:50:49.362',	'2025-08-02 05:50:49.362'),
(27,	'ORD-2024-127',	30,	'Address 127, City 24',	'Lazada',	'2024-01-27 06:57:00.000000',	'completed',	NULL,	'2025-08-02 05:50:49.371',	'2025-08-02 05:50:49.371'),
(28,	'ORD-2024-128',	45,	'Address 128, City 42',	'Lazada',	'2024-01-28 02:51:00.000000',	'completed',	NULL,	'2025-08-02 05:50:49.380',	'2025-08-02 05:50:49.380'),
(29,	'ORD-2024-129',	45,	'Address 129, City 42',	'Website',	'2024-01-29 01:53:00.000000',	'refunded',	NULL,	'2025-08-02 05:50:49.389',	'2025-08-02 05:50:49.389'),
(30,	'ORD-2024-130',	44,	'Address 130, City 40',	'Shopee',	'2024-01-30 09:23:00.000000',	'completed',	NULL,	'2025-08-02 05:50:49.398',	'2025-08-02 05:50:49.398'),
(31,	'ORD-2024-131',	50,	'Address 131, City 61',	'Lazada',	'2024-01-31 06:00:00.000000',	'completed',	NULL,	'2025-08-02 05:50:49.406',	'2025-08-02 05:50:49.406'),
(32,	'ORD-2024-132',	34,	'Address 132, City 28',	'Shopee',	'2024-02-01 06:20:00.000000',	'completed',	NULL,	'2025-08-02 05:50:49.414',	'2025-08-02 05:50:49.414'),
(33,	'ORD-2024-133',	10,	'Address 133, City 61',	'Shopee',	'2024-02-01 05:37:00.000000',	'completed',	NULL,	'2025-08-02 05:50:49.425',	'2025-08-02 05:50:49.425'),
(34,	'ORD-2024-134',	46,	'Address 134, City 17',	'Lazada',	'2024-02-02 02:53:00.000000',	'completed',	NULL,	'2025-08-02 05:50:49.433',	'2025-08-02 05:50:49.433'),
(35,	'ORD-2024-135',	18,	'Address 135, City 16',	'Website',	'2024-02-02 01:43:00.000000',	'refunded',	NULL,	'2025-08-02 05:50:49.443',	'2025-08-02 05:50:49.443'),
(36,	'ORD-2024-136',	5,	'Address 136, City 63',	'Website',	'2024-02-03 02:42:00.000000',	'completed',	NULL,	'2025-08-02 05:50:49.451',	'2025-08-02 05:50:49.451'),
(37,	'ORD-2024-137',	28,	'Address 137, City 45',	'Shopee',	'2024-02-03 03:07:00.000000',	'completed',	NULL,	'2025-08-02 05:50:49.462',	'2025-08-02 05:50:49.462'),
(38,	'ORD-2024-138',	42,	'Address 138, City 10',	'Shopee',	'2024-02-04 08:23:00.000000',	'refunded',	NULL,	'2025-08-02 05:50:49.472',	'2025-08-02 05:50:49.472'),
(39,	'ORD-2024-139',	30,	'Address 139, City 12',	'Shopee',	'2024-02-04 06:49:00.000000',	'completed',	NULL,	'2025-08-02 05:50:49.479',	'2025-08-02 05:50:49.479'),
(40,	'ORD-2024-140',	35,	'Address 140, City 39',	'Shopee',	'2024-02-05 03:29:00.000000',	'completed',	NULL,	'2025-08-02 05:50:49.488',	'2025-08-02 05:50:49.488'),
(41,	'ORD-2024-141',	44,	'Address 141, City 32',	'Lazada',	'2024-02-05 08:31:00.000000',	'completed',	NULL,	'2025-08-02 05:50:49.495',	'2025-08-02 05:50:49.495'),
(42,	'ORD-2024-142',	20,	'Address 142, City 27',	'Website',	'2024-02-06 07:22:00.000000',	'completed',	NULL,	'2025-08-02 05:50:49.503',	'2025-08-02 05:50:49.503'),
(43,	'ORD-2024-143',	44,	'Address 143, City 15',	'Lazada',	'2024-02-06 02:53:00.000000',	'refunded',	NULL,	'2025-08-02 05:50:49.512',	'2025-08-02 05:50:49.512'),
(44,	'ORD-2024-144',	35,	'Address 144, City 29',	'Shopee',	'2024-02-07 08:17:00.000000',	'completed',	NULL,	'2025-08-02 05:50:49.522',	'2025-08-02 05:50:49.522'),
(45,	'ORD-2024-145',	27,	'Address 145, City 25',	'Website',	'2024-02-07 10:38:00.000000',	'completed',	NULL,	'2025-08-02 05:50:49.529',	'2025-08-02 05:50:49.529'),
(46,	'ORD-2024-146',	30,	'Address 146, City 63',	'Lazada',	'2024-02-08 03:34:00.000000',	'refunded',	NULL,	'2025-08-02 05:50:49.537',	'2025-08-02 05:50:49.537'),
(47,	'ORD-2024-147',	38,	'Address 147, City 54',	'Shopee',	'2024-02-08 03:23:00.000000',	'completed',	NULL,	'2025-08-02 05:50:49.546',	'2025-08-02 05:50:49.546'),
(48,	'ORD-2024-148',	8,	'Address 148, City 60',	'Website',	'2024-02-09 11:53:00.000000',	'completed',	NULL,	'2025-08-02 05:50:49.554',	'2025-08-02 05:50:49.554'),
(49,	'ORD-2024-149',	45,	'Address 149, City 22',	'Shopee',	'2024-02-09 01:50:00.000000',	'completed',	NULL,	'2025-08-02 05:50:49.561',	'2025-08-02 05:50:49.561'),
(50,	'ORD-2024-150',	45,	'Address 150, City 25',	'Website',	'2024-02-10 04:45:00.000000',	'completed',	NULL,	'2025-08-02 05:50:49.569',	'2025-08-02 05:50:49.569'),
(51,	'ORD-2024-151',	48,	'Address 151, City 24',	'Lazada',	'2024-02-10 11:44:00.000000',	'completed',	NULL,	'2025-08-02 05:50:49.577',	'2025-08-02 05:50:49.577'),
(52,	'ORD-2024-152',	10,	'Address 152, City 60',	'Website',	'2024-02-10 02:39:00.000000',	'completed',	NULL,	'2025-08-02 05:50:49.585',	'2025-08-02 05:50:49.585'),
(53,	'ORD-2024-153',	22,	'Address 153, City 38',	'Lazada',	'2024-02-10 11:27:00.000000',	'completed',	NULL,	'2025-08-02 05:50:49.594',	'2025-08-02 05:50:49.594'),
(54,	'ORD-2024-154',	49,	'Address 154, City 36',	'Lazada',	'2024-02-10 06:36:00.000000',	'completed',	NULL,	'2025-08-02 05:50:49.602',	'2025-08-02 05:50:49.602'),
(55,	'ORD-2024-155',	44,	'Address 155, City 2',	'Lazada',	'2024-02-10 11:21:00.000000',	'completed',	NULL,	'2025-08-02 05:50:49.611',	'2025-08-02 05:50:49.611'),
(56,	'ORD-2024-156',	14,	'Address 156, City 16',	'Lazada',	'2024-02-10 07:17:00.000000',	'completed',	NULL,	'2025-08-02 05:50:49.619',	'2025-08-02 05:50:49.619'),
(57,	'ORD-2024-157',	47,	'Address 157, City 22',	'Website',	'2024-02-10 10:37:00.000000',	'completed',	NULL,	'2025-08-02 05:50:49.628',	'2025-08-02 05:50:49.628'),
(58,	'ORD-2024-158',	35,	'Address 158, City 5',	'Lazada',	'2024-02-11 08:53:00.000000',	'completed',	NULL,	'2025-08-02 05:50:49.637',	'2025-08-02 05:50:49.637'),
(59,	'ORD-2024-159',	41,	'Address 159, City 5',	'Website',	'2024-02-11 08:05:00.000000',	'completed',	NULL,	'2025-08-02 05:50:49.644',	'2025-08-02 05:50:49.644'),
(60,	'ORD-2024-160',	11,	'Address 160, City 19',	'Shopee',	'2024-02-11 06:22:00.000000',	'completed',	NULL,	'2025-08-02 05:50:49.653',	'2025-08-02 05:50:49.653'),
(61,	'ORD-2024-161',	33,	'Address 161, City 47',	'Website',	'2024-02-11 08:47:00.000000',	'completed',	NULL,	'2025-08-02 05:50:49.662',	'2025-08-02 05:50:49.662'),
(62,	'ORD-2024-162',	15,	'Address 162, City 54',	'Website',	'2024-02-11 07:41:00.000000',	'completed',	NULL,	'2025-08-02 05:50:49.674',	'2025-08-02 05:50:49.674'),
(63,	'ORD-2024-163',	12,	'Address 163, City 21',	'Lazada',	'2024-02-11 07:19:00.000000',	'completed',	NULL,	'2025-08-02 05:50:49.682',	'2025-08-02 05:50:49.682'),
(64,	'ORD-2024-164',	32,	'Address 164, City 42',	'Website',	'2024-02-11 01:08:00.000000',	'completed',	NULL,	'2025-08-02 05:50:49.692',	'2025-08-02 05:50:49.692'),
(65,	'ORD-2024-165',	16,	'Address 165, City 45',	'Website',	'2024-02-11 01:10:00.000000',	'completed',	NULL,	'2025-08-02 05:50:49.702',	'2025-08-02 05:50:49.702'),
(66,	'ORD-2024-166',	26,	'Address 166, City 26',	'Website',	'2024-02-12 08:46:00.000000',	'completed',	NULL,	'2025-08-02 05:50:49.711',	'2025-08-02 05:50:49.711'),
(67,	'ORD-2024-167',	5,	'Address 167, City 11',	'Shopee',	'2024-02-12 10:39:00.000000',	'completed',	NULL,	'2025-08-02 05:50:49.719',	'2025-08-02 05:50:49.719'),
(68,	'ORD-2024-168',	48,	'Address 168, City 5',	'Shopee',	'2024-02-12 01:14:00.000000',	'completed',	NULL,	'2025-08-02 05:50:49.728',	'2025-08-02 05:50:49.728'),
(69,	'ORD-2024-169',	50,	'Address 169, City 34',	'Website',	'2024-02-12 09:10:00.000000',	'completed',	NULL,	'2025-08-02 05:50:49.808',	'2025-08-02 05:50:49.808'),
(70,	'ORD-2024-170',	40,	'Address 170, City 24',	'Website',	'2024-02-12 03:07:00.000000',	'completed',	NULL,	'2025-08-02 05:50:49.932',	'2025-08-02 05:50:49.932'),
(71,	'ORD-2024-171',	29,	'Address 171, City 37',	'Website',	'2024-02-12 04:35:00.000000',	'completed',	NULL,	'2025-08-02 05:50:49.966',	'2025-08-02 05:50:49.966'),
(72,	'ORD-2024-172',	39,	'Address 172, City 27',	'Website',	'2024-02-12 09:02:00.000000',	'completed',	NULL,	'2025-08-02 05:50:49.981',	'2025-08-02 05:50:49.981'),
(73,	'ORD-2024-173',	8,	'Address 173, City 40',	'Website',	'2024-02-12 07:43:00.000000',	'completed',	NULL,	'2025-08-02 05:50:49.994',	'2025-08-02 05:50:49.994'),
(74,	'ORD-2024-174',	25,	'Address 174, City 9',	'Website',	'2024-02-13 02:02:00.000000',	'completed',	NULL,	'2025-08-02 05:50:50.006',	'2025-08-02 05:50:50.006'),
(75,	'ORD-2024-175',	41,	'Address 175, City 12',	'Lazada',	'2024-02-13 05:59:00.000000',	'completed',	NULL,	'2025-08-02 05:50:50.019',	'2025-08-02 05:50:50.019'),
(76,	'ORD-2024-176',	11,	'Address 176, City 49',	'Shopee',	'2024-02-13 04:38:00.000000',	'completed',	NULL,	'2025-08-02 05:50:50.056',	'2025-08-02 05:50:50.056'),
(77,	'ORD-2024-177',	21,	'Address 177, City 27',	'Lazada',	'2024-02-13 11:04:00.000000',	'completed',	NULL,	'2025-08-02 05:50:50.078',	'2025-08-02 05:50:50.078'),
(78,	'ORD-2024-178',	2,	'Address 178, City 44',	'Shopee',	'2024-02-13 04:18:00.000000',	'completed',	NULL,	'2025-08-02 05:50:50.100',	'2025-08-02 05:50:50.100'),
(79,	'ORD-2024-179',	42,	'Address 179, City 36',	'Shopee',	'2024-02-13 07:25:00.000000',	'completed',	NULL,	'2025-08-02 05:50:50.113',	'2025-08-02 05:50:50.113'),
(80,	'ORD-2024-180',	39,	'Address 180, City 44',	'Lazada',	'2024-02-13 11:11:00.000000',	'completed',	NULL,	'2025-08-02 05:50:50.128',	'2025-08-02 05:50:50.128'),
(81,	'ORD-2024-181',	17,	'Address 181, City 54',	'Lazada',	'2024-02-13 02:19:00.000000',	'completed',	NULL,	'2025-08-02 05:50:50.139',	'2025-08-02 05:50:50.139'),
(82,	'ORD-2024-182',	4,	'Address 182, City 23',	'Website',	'2024-02-14 11:24:00.000000',	'completed',	NULL,	'2025-08-02 05:50:50.152',	'2025-08-02 05:50:50.152'),
(83,	'ORD-2024-183',	28,	'Address 183, City 2',	'Website',	'2024-02-14 01:19:00.000000',	'completed',	NULL,	'2025-08-02 05:50:50.165',	'2025-08-02 05:50:50.165'),
(84,	'ORD-2024-184',	36,	'Address 184, City 62',	'Shopee',	'2024-02-14 06:10:00.000000',	'completed',	NULL,	'2025-08-02 05:50:50.178',	'2025-08-02 05:50:50.178'),
(85,	'ORD-2024-185',	30,	'Address 185, City 26',	'Lazada',	'2024-02-14 03:53:00.000000',	'completed',	NULL,	'2025-08-02 05:50:50.188',	'2025-08-02 05:50:50.188'),
(86,	'ORD-2024-186',	11,	'Address 186, City 26',	'Shopee',	'2024-02-14 02:08:00.000000',	'completed',	NULL,	'2025-08-02 05:50:50.200',	'2025-08-02 05:50:50.200'),
(87,	'ORD-2024-187',	14,	'Address 187, City 43',	'Shopee',	'2024-02-14 04:58:00.000000',	'completed',	NULL,	'2025-08-02 05:50:50.212',	'2025-08-02 05:50:50.212'),
(88,	'ORD-2024-188',	17,	'Address 188, City 8',	'Website',	'2024-02-14 08:30:00.000000',	'completed',	NULL,	'2025-08-02 05:50:50.221',	'2025-08-02 05:50:50.221'),
(89,	'ORD-2024-189',	37,	'Address 189, City 27',	'Lazada',	'2024-02-14 02:31:00.000000',	'completed',	NULL,	'2025-08-02 05:50:50.233',	'2025-08-02 05:50:50.233'),
(90,	'ORD-2024-190',	29,	'Address 190, City 6',	'Website',	'2024-02-15 09:19:00.000000',	'completed',	NULL,	'2025-08-02 05:50:50.245',	'2025-08-02 05:50:50.245'),
(91,	'ORD-2024-191',	26,	'Address 191, City 54',	'Lazada',	'2024-02-15 08:43:00.000000',	'completed',	NULL,	'2025-08-02 05:50:50.270',	'2025-08-02 05:50:50.270'),
(92,	'ORD-2024-192',	48,	'Address 192, City 48',	'Lazada',	'2024-02-15 08:10:00.000000',	'completed',	NULL,	'2025-08-02 05:50:50.292',	'2025-08-02 05:50:50.292'),
(93,	'ORD-2024-193',	26,	'Address 193, City 28',	'Website',	'2024-02-15 10:04:00.000000',	'completed',	NULL,	'2025-08-02 05:50:50.303',	'2025-08-02 05:50:50.303'),
(94,	'ORD-2024-194',	18,	'Address 194, City 33',	'Website',	'2024-02-15 07:30:00.000000',	'completed',	NULL,	'2025-08-02 05:50:50.314',	'2025-08-02 05:50:50.314'),
(95,	'ORD-2024-195',	2,	'Address 195, City 51',	'Lazada',	'2024-02-15 01:25:00.000000',	'completed',	NULL,	'2025-08-02 05:50:50.325',	'2025-08-02 05:50:50.325'),
(96,	'ORD-2024-196',	23,	'Address 196, City 38',	'Lazada',	'2024-02-15 01:17:00.000000',	'completed',	NULL,	'2025-08-02 05:50:50.332',	'2025-08-02 05:50:50.332'),
(97,	'ORD-2024-197',	17,	'Address 197, City 51',	'Lazada',	'2024-02-15 10:51:00.000000',	'completed',	NULL,	'2025-08-02 05:50:50.340',	'2025-08-02 05:50:50.340'),
(98,	'ORD-2024-198',	9,	'Address 198, City 17',	'Lazada',	'2024-02-16 04:16:00.000000',	'completed',	NULL,	'2025-08-02 05:50:50.353',	'2025-08-02 05:50:50.353'),
(99,	'ORD-2024-199',	33,	'Address 199, City 26',	'Website',	'2024-02-16 07:12:00.000000',	'completed',	NULL,	'2025-08-02 05:50:50.363',	'2025-08-02 05:50:50.363'),
(100,	'ORD-2024-200',	48,	'Address 200, City 38',	'Shopee',	'2024-02-16 07:16:00.000000',	'completed',	NULL,	'2025-08-02 05:50:50.370',	'2025-08-02 05:50:50.370'),
(101,	'ORD-2024-201',	14,	'Address 201, City 44',	'Website',	'2024-02-16 07:39:00.000000',	'completed',	NULL,	'2025-08-02 05:50:50.380',	'2025-08-02 05:50:50.380'),
(102,	'ORD-2024-202',	32,	'Address 202, City 35',	'Lazada',	'2024-02-16 09:54:00.000000',	'completed',	NULL,	'2025-08-02 05:50:50.388',	'2025-08-02 05:50:50.388'),
(103,	'ORD-2024-203',	25,	'Address 203, City 47',	'Shopee',	'2024-02-16 02:18:00.000000',	'completed',	NULL,	'2025-08-02 05:50:50.396',	'2025-08-02 05:50:50.396'),
(104,	'ORD-2024-204',	39,	'Address 204, City 41',	'Website',	'2024-02-16 06:49:00.000000',	'completed',	NULL,	'2025-08-02 05:50:50.404',	'2025-08-02 05:50:50.404'),
(105,	'ORD-2024-205',	15,	'Address 205, City 27',	'Shopee',	'2024-02-16 11:08:00.000000',	'completed',	NULL,	'2025-08-02 05:50:50.412',	'2025-08-02 05:50:50.412'),
(106,	'ORD-2024-206',	14,	'Address 206, City 36',	'Shopee',	'2024-02-17 03:55:00.000000',	'completed',	NULL,	'2025-08-02 05:50:50.419',	'2025-08-02 05:50:50.419'),
(107,	'ORD-2024-207',	20,	'Address 207, City 23',	'Lazada',	'2024-02-17 01:02:00.000000',	'completed',	NULL,	'2025-08-02 05:50:50.428',	'2025-08-02 05:50:50.428'),
(108,	'ORD-2024-208',	24,	'Address 208, City 23',	'Shopee',	'2024-02-17 09:26:00.000000',	'completed',	NULL,	'2025-08-02 05:50:50.436',	'2025-08-02 05:50:50.436'),
(109,	'ORD-2024-209',	5,	'Address 209, City 26',	'Lazada',	'2024-02-17 10:38:00.000000',	'completed',	NULL,	'2025-08-02 05:50:50.444',	'2025-08-02 05:50:50.444'),
(110,	'ORD-2024-210',	9,	'Address 210, City 43',	'Shopee',	'2024-02-17 06:09:00.000000',	'completed',	NULL,	'2025-08-02 05:50:50.454',	'2025-08-02 05:50:50.454'),
(111,	'ORD-2024-211',	27,	'Address 211, City 45',	'Shopee',	'2024-02-17 02:48:00.000000',	'completed',	NULL,	'2025-08-02 05:50:50.462',	'2025-08-02 05:50:50.462'),
(112,	'ORD-2024-212',	9,	'Address 212, City 28',	'Shopee',	'2024-02-17 06:55:00.000000',	'completed',	NULL,	'2025-08-02 05:50:50.469',	'2025-08-02 05:50:50.469'),
(113,	'ORD-2024-213',	46,	'Address 213, City 53',	'Shopee',	'2024-02-17 04:26:00.000000',	'completed',	NULL,	'2025-08-02 05:50:50.478',	'2025-08-02 05:50:50.478'),
(114,	'ORD-2024-214',	46,	'Address 214, City 47',	'Website',	'2024-02-18 06:40:00.000000',	'completed',	NULL,	'2025-08-02 05:50:50.485',	'2025-08-02 05:50:50.485'),
(115,	'ORD-2024-215',	7,	'Address 215, City 36',	'Website',	'2024-02-18 11:57:00.000000',	'completed',	NULL,	'2025-08-02 05:50:50.495',	'2025-08-02 05:50:50.495'),
(116,	'ORD-2024-216',	8,	'Address 216, City 48',	'Shopee',	'2024-02-18 08:48:00.000000',	'completed',	NULL,	'2025-08-02 05:50:50.503',	'2025-08-02 05:50:50.503'),
(117,	'ORD-2024-217',	22,	'Address 217, City 3',	'Lazada',	'2024-02-18 11:06:00.000000',	'completed',	NULL,	'2025-08-02 05:50:50.511',	'2025-08-02 05:50:50.511'),
(118,	'ORD-2024-218',	38,	'Address 218, City 58',	'Website',	'2024-02-18 10:55:00.000000',	'completed',	NULL,	'2025-08-02 05:50:50.519',	'2025-08-02 05:50:50.519'),
(119,	'ORD-2024-219',	20,	'Address 219, City 34',	'Lazada',	'2024-02-18 08:04:00.000000',	'completed',	NULL,	'2025-08-02 05:50:50.529',	'2025-08-02 05:50:50.529'),
(120,	'ORD-2024-220',	48,	'Address 220, City 13',	'Lazada',	'2024-02-18 10:35:00.000000',	'completed',	NULL,	'2025-08-02 05:50:50.536',	'2025-08-02 05:50:50.536'),
(121,	'ORD-2024-221',	13,	'Address 221, City 9',	'Website',	'2024-02-18 02:02:00.000000',	'completed',	NULL,	'2025-08-02 05:50:50.544',	'2025-08-02 05:50:50.544'),
(122,	'ORD-2024-222',	25,	'Address 222, City 13',	'Shopee',	'2024-02-19 03:29:00.000000',	'completed',	NULL,	'2025-08-02 05:50:50.551',	'2025-08-02 05:50:50.551'),
(123,	'ORD-2024-223',	46,	'Address 223, City 25',	'Website',	'2024-02-19 09:29:00.000000',	'completed',	NULL,	'2025-08-02 05:50:50.563',	'2025-08-02 05:50:50.563'),
(124,	'ORD-2024-224',	5,	'Address 224, City 29',	'Lazada',	'2024-02-19 09:12:00.000000',	'completed',	NULL,	'2025-08-02 05:50:50.572',	'2025-08-02 05:50:50.572'),
(125,	'ORD-2024-225',	2,	'Address 225, City 38',	'Website',	'2024-02-19 02:37:00.000000',	'completed',	NULL,	'2025-08-02 05:50:50.580',	'2025-08-02 05:50:50.580'),
(126,	'ORD-2024-226',	31,	'Address 226, City 4',	'Website',	'2024-02-19 11:32:00.000000',	'completed',	NULL,	'2025-08-02 05:50:50.589',	'2025-08-02 05:50:50.589'),
(127,	'ORD-2024-227',	18,	'Address 227, City 56',	'Lazada',	'2024-02-19 11:55:00.000000',	'completed',	NULL,	'2025-08-02 05:50:50.596',	'2025-08-02 05:50:50.596'),
(128,	'ORD-2024-228',	35,	'Address 228, City 45',	'Shopee',	'2024-02-19 04:06:00.000000',	'completed',	NULL,	'2025-08-02 05:50:50.604',	'2025-08-02 05:50:50.604'),
(129,	'ORD-2024-229',	39,	'Address 229, City 37',	'Website',	'2024-02-19 01:01:00.000000',	'completed',	NULL,	'2025-08-02 05:50:50.611',	'2025-08-02 05:50:50.611'),
(130,	'ORD-2024-230',	35,	'Address 230, City 39',	'Lazada',	'2024-02-20 07:31:00.000000',	'completed',	NULL,	'2025-08-02 05:50:50.617',	'2025-08-02 05:50:50.617'),
(131,	'ORD-2024-231',	48,	'Address 231, City 50',	'Website',	'2024-02-20 11:13:00.000000',	'completed',	NULL,	'2025-08-02 05:50:50.625',	'2025-08-02 05:50:50.625'),
(132,	'ORD-2024-232',	13,	'Address 232, City 17',	'Shopee',	'2024-02-20 08:44:00.000000',	'completed',	NULL,	'2025-08-02 05:50:50.633',	'2025-08-02 05:50:50.633'),
(133,	'ORD-2024-233',	16,	'Address 233, City 19',	'Website',	'2024-02-20 01:56:00.000000',	'completed',	NULL,	'2025-08-02 05:50:50.641',	'2025-08-02 05:50:50.641'),
(134,	'ORD-2024-234',	2,	'Address 234, City 19',	'Website',	'2024-02-20 10:25:00.000000',	'completed',	NULL,	'2025-08-02 05:50:50.649',	'2025-08-02 05:50:50.649'),
(135,	'ORD-2024-235',	12,	'Address 235, City 51',	'Website',	'2024-02-20 09:49:00.000000',	'completed',	NULL,	'2025-08-02 05:50:50.659',	'2025-08-02 05:50:50.659'),
(136,	'ORD-2024-236',	18,	'Address 236, City 52',	'Website',	'2024-02-20 01:05:00.000000',	'completed',	NULL,	'2025-08-02 05:50:50.670',	'2025-08-02 05:50:50.670'),
(137,	'ORD-2024-237',	21,	'Address 237, City 49',	'Shopee',	'2024-02-20 06:37:00.000000',	'completed',	NULL,	'2025-08-02 05:50:50.679',	'2025-08-02 05:50:50.679'),
(138,	'ORD-2024-238',	5,	'Address 238, City 30',	'Shopee',	'2024-02-21 03:11:00.000000',	'completed',	NULL,	'2025-08-02 05:50:50.689',	'2025-08-02 05:50:50.689'),
(139,	'ORD-2024-239',	45,	'Address 239, City 47',	'Website',	'2024-02-21 06:27:00.000000',	'completed',	NULL,	'2025-08-02 05:50:50.698',	'2025-08-02 05:50:50.698'),
(140,	'ORD-2024-240',	45,	'Address 240, City 25',	'Shopee',	'2024-02-22 10:47:00.000000',	'completed',	NULL,	'2025-08-02 05:50:50.707',	'2025-08-02 05:50:50.707'),
(141,	'ORD-2024-241',	17,	'Address 241, City 58',	'Lazada',	'2024-02-22 01:02:00.000000',	'completed',	NULL,	'2025-08-02 05:50:50.716',	'2025-08-02 05:50:50.716'),
(142,	'ORD-2024-242',	38,	'Address 242, City 12',	'Website',	'2024-02-23 04:33:00.000000',	'completed',	NULL,	'2025-08-02 05:50:50.724',	'2025-08-02 05:50:50.724'),
(143,	'ORD-2024-243',	12,	'Address 243, City 26',	'Shopee',	'2024-02-23 07:10:00.000000',	'completed',	NULL,	'2025-08-02 05:50:50.731',	'2025-08-02 05:50:50.731'),
(144,	'ORD-2024-244',	24,	'Address 244, City 17',	'Lazada',	'2024-02-24 07:46:00.000000',	'completed',	NULL,	'2025-08-02 05:50:50.739',	'2025-08-02 05:50:50.739'),
(145,	'ORD-2024-245',	47,	'Address 245, City 9',	'Lazada',	'2024-02-24 03:00:00.000000',	'completed',	NULL,	'2025-08-02 05:50:50.747',	'2025-08-02 05:50:50.747'),
(146,	'ORD-2024-246',	30,	'Address 246, City 13',	'Lazada',	'2024-02-25 10:44:00.000000',	'completed',	NULL,	'2025-08-02 05:50:50.756',	'2025-08-02 05:50:50.756'),
(147,	'ORD-2024-247',	36,	'Address 247, City 23',	'Website',	'2024-02-25 07:29:00.000000',	'completed',	NULL,	'2025-08-02 05:50:50.766',	'2025-08-02 05:50:50.766'),
(148,	'ORD-2024-248',	21,	'Address 248, City 36',	'Lazada',	'2024-02-26 05:26:00.000000',	'completed',	NULL,	'2025-08-02 05:50:50.775',	'2025-08-02 05:50:50.775'),
(149,	'ORD-2024-249',	39,	'Address 249, City 31',	'Website',	'2024-02-26 07:21:00.000000',	'completed',	NULL,	'2025-08-02 05:50:50.784',	'2025-08-02 05:50:50.784'),
(150,	'ORD-2024-250',	15,	'Address 250, City 39',	'Shopee',	'2024-02-27 01:34:00.000000',	'completed',	NULL,	'2025-08-02 05:50:50.792',	'2025-08-02 05:50:50.792'),
(151,	'ORD-2024-251',	35,	'Address 251, City 44',	'Lazada',	'2024-02-27 09:37:00.000000',	'completed',	NULL,	'2025-08-02 05:50:50.801',	'2025-08-02 05:50:50.801'),
(152,	'ORD-2024-252',	44,	'Address 252, City 12',	'Shopee',	'2024-02-28 10:01:00.000000',	'completed',	NULL,	'2025-08-02 05:50:50.810',	'2025-08-02 05:50:50.810'),
(153,	'ORD-2024-253',	25,	'Address 253, City 47',	'Website',	'2024-02-28 03:29:00.000000',	'completed',	NULL,	'2025-08-02 05:50:50.821',	'2025-08-02 05:50:50.821'),
(154,	'ORD-2024-254',	13,	'Address 254, City 3',	'Lazada',	'2024-02-29 07:00:00.000000',	'completed',	NULL,	'2025-08-02 05:50:50.834',	'2025-08-02 05:50:50.834'),
(155,	'ORD-2024-255',	47,	'Address 255, City 16',	'Website',	'2024-02-29 05:38:00.000000',	'completed',	NULL,	'2025-08-02 05:50:50.843',	'2025-08-02 05:50:50.843'),
(156,	'ORD-2024-256',	48,	'Address 256, City 28',	'Website',	'2024-03-01 06:18:00.000000',	'completed',	NULL,	'2025-08-02 05:50:50.851',	'2025-08-02 05:50:50.851'),
(157,	'ORD-2024-257',	26,	'Address 257, City 9',	'Shopee',	'2024-03-02 01:00:00.000000',	'completed',	NULL,	'2025-08-02 05:50:50.859',	'2025-08-02 05:50:50.859'),
(158,	'ORD-2024-258',	26,	'Address 258, City 13',	'Website',	'2024-03-03 03:05:00.000000',	'completed',	NULL,	'2025-08-02 05:50:50.868',	'2025-08-02 05:50:50.868'),
(159,	'ORD-2024-259',	21,	'Address 259, City 40',	'Shopee',	'2024-03-04 03:57:00.000000',	'completed',	NULL,	'2025-08-02 05:50:50.876',	'2025-08-02 05:50:50.876'),
(160,	'ORD-2024-260',	29,	'Address 260, City 17',	'Website',	'2024-03-05 10:56:00.000000',	'completed',	NULL,	'2025-08-02 05:50:50.885',	'2025-08-02 05:50:50.885'),
(161,	'ORD-2024-261',	27,	'Address 261, City 23',	'Website',	'2024-03-06 03:43:00.000000',	'completed',	NULL,	'2025-08-02 05:50:50.894',	'2025-08-02 05:50:50.894'),
(162,	'ORD-2024-262',	49,	'Address 262, City 57',	'Shopee',	'2024-03-07 08:16:00.000000',	'completed',	NULL,	'2025-08-02 05:50:50.905',	'2025-08-02 05:50:50.905'),
(163,	'ORD-2024-263',	31,	'Address 263, City 58',	'Lazada',	'2024-03-08 08:30:00.000000',	'completed',	NULL,	'2025-08-02 05:50:50.913',	'2025-08-02 05:50:50.913'),
(164,	'ORD-2024-264',	21,	'Address 264, City 38',	'Lazada',	'2024-03-09 09:20:00.000000',	'completed',	NULL,	'2025-08-02 05:50:50.922',	'2025-08-02 05:50:50.922'),
(165,	'ORD-2024-265',	33,	'Address 265, City 30',	'Lazada',	'2024-03-10 07:36:00.000000',	'completed',	NULL,	'2025-08-02 05:50:50.932',	'2025-08-02 05:50:50.932'),
(166,	'ORD-2024-266',	40,	'Address 266, City 14',	'Website',	'2024-03-11 08:19:00.000000',	'completed',	NULL,	'2025-08-02 05:50:50.943',	'2025-08-02 05:50:50.943'),
(167,	'ORD-2024-267',	26,	'Address 267, City 44',	'Lazada',	'2024-03-12 02:04:00.000000',	'completed',	NULL,	'2025-08-02 05:50:50.953',	'2025-08-02 05:50:50.953'),
(168,	'ORD-2024-268',	3,	'Address 268, City 24',	'Website',	'2024-03-13 08:03:00.000000',	'completed',	NULL,	'2025-08-02 05:50:50.962',	'2025-08-02 05:50:50.962'),
(169,	'ORD-2024-269',	38,	'Address 269, City 43',	'Website',	'2024-03-14 07:56:00.000000',	'completed',	NULL,	'2025-08-02 05:50:50.971',	'2025-08-02 05:50:50.971'),
(170,	'ORD-2024-270',	39,	'Address 270, City 18',	'Shopee',	'2024-03-15 08:36:00.000000',	'completed',	NULL,	'2025-08-02 05:50:50.979',	'2025-08-02 05:50:50.979'),
(171,	'ORD-2024-271',	45,	'Address 271, City 43',	'Website',	'2024-03-15 05:25:00.000000',	'completed',	NULL,	'2025-08-02 05:50:50.987',	'2025-08-02 05:50:50.987'),
(172,	'ORD-2024-272',	34,	'Address 272, City 4',	'Lazada',	'2024-03-16 04:32:00.000000',	'completed',	NULL,	'2025-08-02 05:50:50.996',	'2025-08-02 05:50:50.996'),
(173,	'ORD-2024-273',	2,	'Address 273, City 23',	'Lazada',	'2024-03-16 11:23:00.000000',	'completed',	NULL,	'2025-08-02 05:50:51.005',	'2025-08-02 05:50:51.005'),
(174,	'ORD-2024-274',	9,	'Address 274, City 16',	'Shopee',	'2024-03-17 10:35:00.000000',	'completed',	NULL,	'2025-08-02 05:50:51.013',	'2025-08-02 05:50:51.013'),
(175,	'ORD-2024-275',	46,	'Address 275, City 38',	'Lazada',	'2024-03-17 08:09:00.000000',	'completed',	NULL,	'2025-08-02 05:50:51.024',	'2025-08-02 05:50:51.024'),
(176,	'ORD-2024-276',	7,	'Address 276, City 57',	'Shopee',	'2024-03-18 03:15:00.000000',	'completed',	NULL,	'2025-08-02 05:50:51.048',	'2025-08-02 05:50:51.048'),
(177,	'ORD-2024-277',	24,	'Address 277, City 50',	'Lazada',	'2024-03-18 03:50:00.000000',	'completed',	NULL,	'2025-08-02 05:50:51.067',	'2025-08-02 05:50:51.067'),
(178,	'ORD-2024-278',	23,	'Address 278, City 24',	'Lazada',	'2024-03-19 07:52:00.000000',	'completed',	NULL,	'2025-08-02 05:50:51.083',	'2025-08-02 05:50:51.083'),
(179,	'ORD-2024-279',	40,	'Address 279, City 42',	'Website',	'2024-03-19 08:09:00.000000',	'completed',	NULL,	'2025-08-02 05:50:51.092',	'2025-08-02 05:50:51.092'),
(180,	'ORD-2024-280',	16,	'Address 280, City 21',	'Shopee',	'2024-03-20 05:10:00.000000',	'completed',	NULL,	'2025-08-02 05:50:51.101',	'2025-08-02 05:50:51.101'),
(181,	'ORD-2024-281',	38,	'Address 281, City 27',	'Lazada',	'2024-03-20 05:36:00.000000',	'completed',	NULL,	'2025-08-02 05:50:51.110',	'2025-08-02 05:50:51.110'),
(182,	'ORD-2024-282',	50,	'Address 282, City 9',	'Shopee',	'2024-03-21 01:28:00.000000',	'completed',	NULL,	'2025-08-02 05:50:51.119',	'2025-08-02 05:50:51.119'),
(183,	'ORD-2024-283',	9,	'Address 283, City 24',	'Lazada',	'2024-03-21 05:37:00.000000',	'completed',	NULL,	'2025-08-02 05:50:51.127',	'2025-08-02 05:50:51.127'),
(184,	'ORD-2024-284',	14,	'Address 284, City 36',	'Lazada',	'2024-03-22 07:34:00.000000',	'completed',	NULL,	'2025-08-02 05:50:51.136',	'2025-08-02 05:50:51.136'),
(185,	'ORD-2024-285',	17,	'Address 285, City 25',	'Lazada',	'2024-03-22 02:38:00.000000',	'completed',	NULL,	'2025-08-02 05:50:51.144',	'2025-08-02 05:50:51.144'),
(186,	'ORD-2024-286',	4,	'Address 286, City 61',	'Website',	'2024-03-23 11:46:00.000000',	'completed',	NULL,	'2025-08-02 05:50:51.154',	'2025-08-02 05:50:51.154'),
(187,	'ORD-2024-287',	35,	'Address 287, City 19',	'Shopee',	'2024-03-23 05:58:00.000000',	'completed',	NULL,	'2025-08-02 05:50:51.163',	'2025-08-02 05:50:51.163'),
(188,	'ORD-2024-288',	28,	'Address 288, City 42',	'Lazada',	'2024-03-24 06:08:00.000000',	'completed',	NULL,	'2025-08-02 05:50:51.175',	'2025-08-02 05:50:51.175'),
(189,	'ORD-2024-289',	9,	'Address 289, City 62',	'Lazada',	'2024-03-24 07:58:00.000000',	'completed',	NULL,	'2025-08-02 05:50:51.184',	'2025-08-02 05:50:51.184'),
(190,	'ORD-2024-290',	43,	'Address 290, City 50',	'Website',	'2024-03-25 06:05:00.000000',	'completed',	NULL,	'2025-08-02 05:50:51.192',	'2025-08-02 05:50:51.192'),
(191,	'ORD-2024-291',	26,	'Address 291, City 57',	'Website',	'2024-03-25 11:41:00.000000',	'completed',	NULL,	'2025-08-02 05:50:51.201',	'2025-08-02 05:50:51.201'),
(192,	'ORD-2024-292',	48,	'Address 292, City 15',	'Lazada',	'2024-03-26 06:31:00.000000',	'completed',	NULL,	'2025-08-02 05:50:51.210',	'2025-08-02 05:50:51.210'),
(193,	'ORD-2024-293',	43,	'Address 293, City 47',	'Lazada',	'2024-03-26 05:21:00.000000',	'completed',	NULL,	'2025-08-02 05:50:51.218',	'2025-08-02 05:50:51.218'),
(194,	'ORD-2024-294',	7,	'Address 294, City 43',	'Lazada',	'2024-03-27 01:34:00.000000',	'completed',	NULL,	'2025-08-02 05:50:51.226',	'2025-08-02 05:50:51.226'),
(195,	'ORD-2024-295',	23,	'Address 295, City 45',	'Website',	'2024-03-27 06:37:00.000000',	'completed',	NULL,	'2025-08-02 05:50:51.234',	'2025-08-02 05:50:51.234'),
(196,	'ORD-2024-296',	50,	'Address 296, City 46',	'Shopee',	'2024-03-28 09:04:00.000000',	'completed',	NULL,	'2025-08-02 05:50:51.244',	'2025-08-02 05:50:51.244'),
(197,	'ORD-2024-297',	11,	'Address 297, City 15',	'Lazada',	'2024-03-28 07:59:00.000000',	'completed',	NULL,	'2025-08-02 05:50:51.257',	'2025-08-02 05:50:51.257'),
(198,	'ORD-2024-298',	14,	'Address 298, City 3',	'Lazada',	'2024-03-29 02:49:00.000000',	'completed',	NULL,	'2025-08-02 05:50:51.265',	'2025-08-02 05:50:51.265'),
(199,	'ORD-2024-299',	18,	'Address 299, City 53',	'Website',	'2024-03-29 09:21:00.000000',	'completed',	NULL,	'2025-08-02 05:50:51.273',	'2025-08-02 05:50:51.273'),
(200,	'ORD-2024-300',	27,	'Address 300, City 54',	'Website',	'2024-03-30 04:31:00.000000',	'completed',	NULL,	'2025-08-02 05:50:51.282',	'2025-08-02 05:50:51.282'),
(201,	'ORD-2024-301',	32,	'Address 301, City 2',	'Website',	'2024-03-30 02:39:00.000000',	'completed',	NULL,	'2025-08-02 05:50:51.291',	'2025-08-02 05:50:51.291'),
(202,	'ORD-2024-302',	50,	'Address 302, City 56',	'Shopee',	'2024-03-31 08:41:00.000000',	'completed',	NULL,	'2025-08-02 05:50:51.298',	'2025-08-02 05:50:51.298'),
(203,	'ORD-2024-303',	16,	'Address 303, City 4',	'Lazada',	'2024-03-31 03:31:00.000000',	'completed',	NULL,	'2025-08-02 05:50:51.306',	'2025-08-02 05:50:51.306'),
(204,	'ORD-2024-304',	30,	'Address 304, City 55',	'Shopee',	'2024-04-01 02:42:00.000000',	'completed',	NULL,	'2025-08-02 05:50:51.314',	'2025-08-02 05:50:51.314'),
(205,	'ORD-2024-305',	15,	'Address 305, City 50',	'Website',	'2024-04-01 04:55:00.000000',	'completed',	NULL,	'2025-08-02 05:50:51.323',	'2025-08-02 05:50:51.323'),
(206,	'ORD-2024-306',	35,	'Address 306, City 40',	'Lazada',	'2024-04-01 01:05:00.000000',	'completed',	NULL,	'2025-08-02 05:50:51.331',	'2025-08-02 05:50:51.331'),
(207,	'ORD-2024-307',	28,	'Address 307, City 41',	'Lazada',	'2024-04-02 09:47:00.000000',	'completed',	NULL,	'2025-08-02 05:50:51.339',	'2025-08-02 05:50:51.339'),
(208,	'ORD-2024-308',	28,	'Address 308, City 20',	'Lazada',	'2024-04-02 05:20:00.000000',	'completed',	NULL,	'2025-08-02 05:50:51.347',	'2025-08-02 05:50:51.347'),
(209,	'ORD-2024-309',	10,	'Address 309, City 1',	'Lazada',	'2024-04-02 10:39:00.000000',	'completed',	NULL,	'2025-08-02 05:50:51.355',	'2025-08-02 05:50:51.355'),
(210,	'ORD-2024-310',	36,	'Address 310, City 60',	'Lazada',	'2024-04-03 03:47:00.000000',	'completed',	NULL,	'2025-08-02 05:50:51.364',	'2025-08-02 05:50:51.364'),
(211,	'ORD-2024-311',	34,	'Address 311, City 54',	'Shopee',	'2024-04-03 01:40:00.000000',	'completed',	NULL,	'2025-08-02 05:50:51.437',	'2025-08-02 05:50:51.437'),
(212,	'ORD-2024-312',	41,	'Address 312, City 9',	'Lazada',	'2024-04-03 11:24:00.000000',	'completed',	NULL,	'2025-08-02 05:50:51.445',	'2025-08-02 05:50:51.445'),
(213,	'ORD-2024-313',	21,	'Address 313, City 10',	'Shopee',	'2024-04-04 06:26:00.000000',	'completed',	NULL,	'2025-08-02 05:50:51.454',	'2025-08-02 05:50:51.454'),
(214,	'ORD-2024-314',	26,	'Address 314, City 35',	'Website',	'2024-04-04 01:49:00.000000',	'completed',	NULL,	'2025-08-02 05:50:51.465',	'2025-08-02 05:50:51.465'),
(215,	'ORD-2024-315',	23,	'Address 315, City 21',	'Website',	'2024-04-04 09:21:00.000000',	'completed',	NULL,	'2025-08-02 05:50:51.474',	'2025-08-02 05:50:51.474'),
(216,	'ORD-2024-316',	48,	'Address 316, City 54',	'Shopee',	'2024-04-05 09:41:00.000000',	'completed',	NULL,	'2025-08-02 05:50:51.483',	'2025-08-02 05:50:51.483'),
(217,	'ORD-2024-317',	17,	'Address 317, City 24',	'Lazada',	'2024-04-05 05:16:00.000000',	'completed',	NULL,	'2025-08-02 05:50:51.492',	'2025-08-02 05:50:51.492'),
(218,	'ORD-2024-318',	42,	'Address 318, City 63',	'Website',	'2024-04-05 08:27:00.000000',	'completed',	NULL,	'2025-08-02 05:50:51.501',	'2025-08-02 05:50:51.501'),
(219,	'ORD-2024-319',	5,	'Address 319, City 31',	'Lazada',	'2024-04-06 06:50:00.000000',	'completed',	NULL,	'2025-08-02 05:50:51.509',	'2025-08-02 05:50:51.509'),
(220,	'ORD-2024-320',	17,	'Address 320, City 7',	'Website',	'2024-04-06 09:50:00.000000',	'completed',	NULL,	'2025-08-02 05:50:51.517',	'2025-08-02 05:50:51.517'),
(221,	'ORD-2024-321',	50,	'Address 321, City 53',	'Shopee',	'2024-04-06 01:24:00.000000',	'completed',	NULL,	'2025-08-02 05:50:51.524',	'2025-08-02 05:50:51.524'),
(222,	'ORD-2024-322',	43,	'Address 322, City 2',	'Website',	'2024-04-07 01:09:00.000000',	'completed',	NULL,	'2025-08-02 05:50:51.531',	'2025-08-02 05:50:51.531'),
(223,	'ORD-2024-323',	31,	'Address 323, City 30',	'Lazada',	'2024-04-07 04:54:00.000000',	'completed',	NULL,	'2025-08-02 05:50:51.538',	'2025-08-02 05:50:51.538'),
(224,	'ORD-2024-324',	42,	'Address 324, City 35',	'Shopee',	'2024-04-07 07:29:00.000000',	'completed',	NULL,	'2025-08-02 05:50:51.546',	'2025-08-02 05:50:51.546'),
(225,	'ORD-2024-325',	43,	'Address 325, City 61',	'Lazada',	'2024-04-08 09:22:00.000000',	'completed',	NULL,	'2025-08-02 05:50:51.554',	'2025-08-02 05:50:51.554'),
(226,	'ORD-2024-326',	25,	'Address 326, City 6',	'Shopee',	'2024-04-08 01:14:00.000000',	'completed',	NULL,	'2025-08-02 05:50:51.562',	'2025-08-02 05:50:51.562'),
(227,	'ORD-2024-327',	19,	'Address 327, City 55',	'Shopee',	'2024-04-08 03:44:00.000000',	'completed',	NULL,	'2025-08-02 05:50:51.570',	'2025-08-02 05:50:51.570'),
(228,	'ORD-2024-328',	22,	'Address 328, City 17',	'Lazada',	'2024-04-09 09:05:00.000000',	'completed',	NULL,	'2025-08-02 05:50:51.578',	'2025-08-02 05:50:51.578'),
(229,	'ORD-2024-329',	18,	'Address 329, City 57',	'Shopee',	'2024-04-09 07:14:00.000000',	'completed',	NULL,	'2025-08-02 05:50:51.585',	'2025-08-02 05:50:51.585'),
(230,	'ORD-2024-330',	49,	'Address 330, City 2',	'Lazada',	'2024-04-09 02:09:00.000000',	'completed',	NULL,	'2025-08-02 05:50:51.595',	'2025-08-02 05:50:51.595'),
(231,	'ORD-2024-331',	36,	'Address 331, City 12',	'Website',	'2024-04-10 11:12:00.000000',	'completed',	NULL,	'2025-08-02 05:50:51.604',	'2025-08-02 05:50:51.604'),
(232,	'ORD-2024-332',	3,	'Address 332, City 57',	'Website',	'2024-04-10 03:59:00.000000',	'completed',	NULL,	'2025-08-02 05:50:51.612',	'2025-08-02 05:50:51.612'),
(233,	'ORD-2024-333',	45,	'Address 333, City 33',	'Lazada',	'2024-04-10 07:35:00.000000',	'completed',	NULL,	'2025-08-02 05:50:51.619',	'2025-08-02 05:50:51.619'),
(234,	'ORD-2024-334',	26,	'Address 334, City 62',	'Website',	'2024-04-11 11:55:00.000000',	'completed',	NULL,	'2025-08-02 05:50:51.628',	'2025-08-02 05:50:51.628'),
(235,	'ORD-2024-335',	20,	'Address 335, City 1',	'Shopee',	'2024-04-11 09:55:00.000000',	'completed',	NULL,	'2025-08-02 05:50:51.638',	'2025-08-02 05:50:51.638'),
(236,	'ORD-2024-336',	2,	'Address 336, City 43',	'Shopee',	'2024-04-11 01:57:00.000000',	'completed',	NULL,	'2025-08-02 05:50:51.646',	'2025-08-02 05:50:51.646'),
(237,	'ORD-2024-337',	7,	'Address 337, City 21',	'Website',	'2024-04-12 08:13:00.000000',	'completed',	NULL,	'2025-08-02 05:50:51.654',	'2025-08-02 05:50:51.654'),
(238,	'ORD-2024-338',	25,	'Address 338, City 17',	'Website',	'2024-04-12 11:24:00.000000',	'completed',	NULL,	'2025-08-02 05:50:51.662',	'2025-08-02 05:50:51.662'),
(239,	'ORD-2024-339',	21,	'Address 339, City 32',	'Website',	'2024-04-12 05:02:00.000000',	'completed',	NULL,	'2025-08-02 05:50:51.672',	'2025-08-02 05:50:51.672'),
(240,	'ORD-2024-340',	26,	'Address 340, City 56',	'Website',	'2024-04-13 09:12:00.000000',	'completed',	NULL,	'2025-08-02 05:50:51.680',	'2025-08-02 05:50:51.680'),
(241,	'ORD-2024-341',	16,	'Address 341, City 57',	'Website',	'2024-04-13 10:14:00.000000',	'completed',	NULL,	'2025-08-02 05:50:51.690',	'2025-08-02 05:50:51.690'),
(242,	'ORD-2024-342',	49,	'Address 342, City 51',	'Lazada',	'2024-04-13 11:12:00.000000',	'completed',	NULL,	'2025-08-02 05:50:51.698',	'2025-08-02 05:50:51.698'),
(243,	'ORD-2024-343',	10,	'Address 343, City 44',	'Shopee',	'2024-04-14 06:08:00.000000',	'completed',	NULL,	'2025-08-02 05:50:51.708',	'2025-08-02 05:50:51.708'),
(244,	'ORD-2024-344',	15,	'Address 344, City 51',	'Lazada',	'2024-04-14 04:59:00.000000',	'completed',	NULL,	'2025-08-02 05:50:51.716',	'2025-08-02 05:50:51.716'),
(245,	'ORD-2024-345',	50,	'Address 345, City 42',	'Shopee',	'2024-04-14 11:55:00.000000',	'completed',	NULL,	'2025-08-02 05:50:51.724',	'2025-08-02 05:50:51.724'),
(246,	'ORD-2024-346',	7,	'Address 346, City 54',	'Shopee',	'2024-04-15 02:10:00.000000',	'completed',	NULL,	'2025-08-02 05:50:51.732',	'2025-08-02 05:50:51.732'),
(247,	'ORD-2024-347',	48,	'Address 347, City 17',	'Shopee',	'2024-04-15 08:13:00.000000',	'completed',	NULL,	'2025-08-02 05:50:51.740',	'2025-08-02 05:50:51.740'),
(248,	'ORD-2024-348',	33,	'Address 348, City 27',	'Website',	'2024-04-15 10:58:00.000000',	'completed',	NULL,	'2025-08-02 05:50:51.749',	'2025-08-02 05:50:51.749'),
(249,	'ORD-2024-349',	11,	'Address 349, City 42',	'Shopee',	'2024-04-15 03:18:00.000000',	'completed',	NULL,	'2025-08-02 05:50:51.758',	'2025-08-02 05:50:51.758'),
(250,	'ORD-2024-350',	27,	'Address 350, City 56',	'Lazada',	'2024-04-15 01:37:00.000000',	'completed',	NULL,	'2025-08-02 05:50:51.765',	'2025-08-02 05:50:51.765'),
(251,	'ORD-2024-351',	27,	'Address 351, City 20',	'Shopee',	'2024-04-16 02:28:00.000000',	'completed',	NULL,	'2025-08-02 05:50:51.773',	'2025-08-02 05:50:51.773'),
(252,	'ORD-2024-352',	36,	'Address 352, City 58',	'Lazada',	'2024-04-16 08:14:00.000000',	'completed',	NULL,	'2025-08-02 05:50:51.782',	'2025-08-02 05:50:51.782'),
(253,	'ORD-2024-353',	20,	'Address 353, City 51',	'Website',	'2024-04-16 07:23:00.000000',	'completed',	NULL,	'2025-08-02 05:50:51.790',	'2025-08-02 05:50:51.790'),
(254,	'ORD-2024-354',	50,	'Address 354, City 43',	'Lazada',	'2024-04-16 11:33:00.000000',	'completed',	NULL,	'2025-08-02 05:50:51.798',	'2025-08-02 05:50:51.798'),
(255,	'ORD-2024-355',	37,	'Address 355, City 27',	'Shopee',	'2024-04-16 04:54:00.000000',	'completed',	NULL,	'2025-08-02 05:50:51.808',	'2025-08-02 05:50:51.808'),
(256,	'ORD-2024-356',	37,	'Address 356, City 49',	'Shopee',	'2024-04-17 01:24:00.000000',	'completed',	NULL,	'2025-08-02 05:50:51.816',	'2025-08-02 05:50:51.816'),
(257,	'ORD-2024-357',	7,	'Address 357, City 57',	'Lazada',	'2024-04-17 01:37:00.000000',	'completed',	NULL,	'2025-08-02 05:50:51.824',	'2025-08-02 05:50:51.824'),
(258,	'ORD-2024-358',	48,	'Address 358, City 6',	'Shopee',	'2024-04-17 06:59:00.000000',	'completed',	NULL,	'2025-08-02 05:50:51.832',	'2025-08-02 05:50:51.832'),
(259,	'ORD-2024-359',	13,	'Address 359, City 41',	'Website',	'2024-04-17 02:45:00.000000',	'completed',	NULL,	'2025-08-02 05:50:51.839',	'2025-08-02 05:50:51.839'),
(260,	'ORD-2024-360',	20,	'Address 360, City 1',	'Website',	'2024-04-17 06:57:00.000000',	'completed',	NULL,	'2025-08-02 05:50:51.847',	'2025-08-02 05:50:51.847'),
(261,	'ORD-2024-361',	45,	'Address 361, City 25',	'Shopee',	'2024-04-18 06:39:00.000000',	'completed',	NULL,	'2025-08-02 05:50:51.856',	'2025-08-02 05:50:51.856'),
(262,	'ORD-2024-362',	37,	'Address 362, City 23',	'Website',	'2024-04-18 03:40:00.000000',	'completed',	NULL,	'2025-08-02 05:50:51.864',	'2025-08-02 05:50:51.864'),
(263,	'ORD-2024-363',	20,	'Address 363, City 50',	'Website',	'2024-04-18 01:42:00.000000',	'completed',	NULL,	'2025-08-02 05:50:51.872',	'2025-08-02 05:50:51.872'),
(264,	'ORD-2024-364',	42,	'Address 364, City 47',	'Website',	'2024-04-18 06:15:00.000000',	'completed',	NULL,	'2025-08-02 05:50:51.889',	'2025-08-02 05:50:51.889'),
(265,	'ORD-2024-365',	25,	'Address 365, City 4',	'Website',	'2024-04-18 07:30:00.000000',	'completed',	NULL,	'2025-08-02 05:50:51.900',	'2025-08-02 05:50:51.900'),
(266,	'ORD-2024-366',	15,	'Address 366, City 34',	'Lazada',	'2024-04-19 02:45:00.000000',	'completed',	NULL,	'2025-08-02 05:50:51.914',	'2025-08-02 05:50:51.914'),
(267,	'ORD-2024-367',	49,	'Address 367, City 7',	'Lazada',	'2024-04-19 07:37:00.000000',	'completed',	NULL,	'2025-08-02 05:50:51.933',	'2025-08-02 05:50:51.933'),
(268,	'ORD-2024-368',	44,	'Address 368, City 60',	'Lazada',	'2024-04-19 11:00:00.000000',	'completed',	NULL,	'2025-08-02 05:50:51.944',	'2025-08-02 05:50:51.944'),
(269,	'ORD-2024-369',	24,	'Address 369, City 44',	'Shopee',	'2024-04-19 11:13:00.000000',	'completed',	NULL,	'2025-08-02 05:50:51.953',	'2025-08-02 05:50:51.953'),
(270,	'ORD-2024-370',	24,	'Address 370, City 60',	'Lazada',	'2024-04-19 10:14:00.000000',	'completed',	NULL,	'2025-08-02 05:50:51.962',	'2025-08-02 05:50:51.962'),
(271,	'ORD-2024-371',	18,	'Address 371, City 30',	'Website',	'2024-04-20 02:47:00.000000',	'completed',	NULL,	'2025-08-02 05:50:51.972',	'2025-08-02 05:50:51.972'),
(272,	'ORD-2024-372',	14,	'Address 372, City 6',	'Website',	'2024-04-20 03:00:00.000000',	'completed',	NULL,	'2025-08-02 05:50:51.980',	'2025-08-02 05:50:51.980'),
(273,	'ORD-2024-373',	36,	'Address 373, City 3',	'Website',	'2024-04-20 10:51:00.000000',	'completed',	NULL,	'2025-08-02 05:50:51.989',	'2025-08-02 05:50:51.989'),
(274,	'ORD-2024-374',	19,	'Address 374, City 10',	'Website',	'2024-04-20 02:36:00.000000',	'completed',	NULL,	'2025-08-02 05:50:51.999',	'2025-08-02 05:50:51.999'),
(275,	'ORD-2024-375',	28,	'Address 375, City 9',	'Shopee',	'2024-04-20 07:09:00.000000',	'completed',	NULL,	'2025-08-02 05:50:52.009',	'2025-08-02 05:50:52.009'),
(276,	'ORD-2024-376',	1,	'Address 376, City 51',	'Lazada',	'2024-04-21 10:30:00.000000',	'completed',	NULL,	'2025-08-02 05:50:52.018',	'2025-08-02 05:50:52.018'),
(277,	'ORD-2024-377',	7,	'Address 377, City 59',	'Lazada',	'2024-04-21 09:27:00.000000',	'completed',	NULL,	'2025-08-02 05:50:52.027',	'2025-08-02 05:50:52.027'),
(278,	'ORD-2024-378',	15,	'Address 378, City 11',	'Lazada',	'2024-04-21 05:53:00.000000',	'completed',	NULL,	'2025-08-02 05:50:52.036',	'2025-08-02 05:50:52.036'),
(279,	'ORD-2024-379',	30,	'Address 379, City 58',	'Shopee',	'2024-04-21 10:59:00.000000',	'completed',	NULL,	'2025-08-02 05:50:52.059',	'2025-08-02 05:50:52.059'),
(280,	'ORD-2024-380',	18,	'Address 380, City 28',	'Website',	'2024-04-21 06:11:00.000000',	'completed',	NULL,	'2025-08-02 05:50:52.070',	'2025-08-02 05:50:52.070'),
(281,	'ORD-2024-381',	24,	'Address 381, City 44',	'Shopee',	'2024-04-22 04:53:00.000000',	'completed',	NULL,	'2025-08-02 05:50:52.082',	'2025-08-02 05:50:52.082'),
(282,	'ORD-2024-382',	35,	'Address 382, City 50',	'Website',	'2024-04-22 04:53:00.000000',	'completed',	NULL,	'2025-08-02 05:50:52.101',	'2025-08-02 05:50:52.101'),
(283,	'ORD-2024-383',	39,	'Address 383, City 36',	'Lazada',	'2024-04-22 11:38:00.000000',	'completed',	NULL,	'2025-08-02 05:50:52.117',	'2025-08-02 05:50:52.117'),
(284,	'ORD-2024-384',	6,	'Address 384, City 32',	'Shopee',	'2024-04-22 01:24:00.000000',	'completed',	NULL,	'2025-08-02 05:50:52.127',	'2025-08-02 05:50:52.127'),
(285,	'ORD-2024-385',	13,	'Address 385, City 35',	'Shopee',	'2024-04-22 01:29:00.000000',	'completed',	NULL,	'2025-08-02 05:50:52.145',	'2025-08-02 05:50:52.145'),
(286,	'ORD-2024-386',	38,	'Address 386, City 62',	'Website',	'2024-04-23 04:03:00.000000',	'completed',	NULL,	'2025-08-02 05:50:52.155',	'2025-08-02 05:50:52.155'),
(287,	'ORD-2024-387',	12,	'Address 387, City 55',	'Shopee',	'2024-04-23 09:47:00.000000',	'completed',	NULL,	'2025-08-02 05:50:52.163',	'2025-08-02 05:50:52.163'),
(288,	'ORD-2024-388',	3,	'Address 388, City 62',	'Shopee',	'2024-04-23 11:31:00.000000',	'completed',	NULL,	'2025-08-02 05:50:52.172',	'2025-08-02 05:50:52.172'),
(289,	'ORD-2024-389',	35,	'Address 389, City 32',	'Shopee',	'2024-04-23 01:08:00.000000',	'completed',	NULL,	'2025-08-02 05:50:52.187',	'2025-08-02 05:50:52.187'),
(290,	'ORD-2024-390',	20,	'Address 390, City 61',	'Shopee',	'2024-04-23 10:59:00.000000',	'completed',	NULL,	'2025-08-02 05:50:52.199',	'2025-08-02 05:50:52.199'),
(291,	'ORD-2024-391',	3,	'Address 391, City 11',	'Website',	'2024-04-24 01:19:00.000000',	'completed',	NULL,	'2025-08-02 05:50:52.209',	'2025-08-02 05:50:52.209'),
(292,	'ORD-2024-392',	7,	'Address 392, City 43',	'Lazada',	'2024-04-24 03:55:00.000000',	'completed',	NULL,	'2025-08-02 05:50:52.219',	'2025-08-02 05:50:52.219'),
(293,	'ORD-2024-393',	40,	'Address 393, City 48',	'Shopee',	'2024-04-24 09:30:00.000000',	'completed',	NULL,	'2025-08-02 05:50:52.235',	'2025-08-02 05:50:52.235'),
(294,	'ORD-2024-394',	4,	'Address 394, City 15',	'Lazada',	'2024-04-24 02:05:00.000000',	'completed',	NULL,	'2025-08-02 05:50:52.246',	'2025-08-02 05:50:52.246'),
(295,	'ORD-2024-395',	24,	'Address 395, City 19',	'Website',	'2024-04-24 10:06:00.000000',	'completed',	NULL,	'2025-08-02 05:50:52.256',	'2025-08-02 05:50:52.256'),
(296,	'ORD-2024-396',	22,	'Address 396, City 30',	'Shopee',	'2024-04-25 11:58:00.000000',	'completed',	NULL,	'2025-08-02 05:50:52.270',	'2025-08-02 05:50:52.270'),
(297,	'ORD-2024-397',	15,	'Address 397, City 24',	'Website',	'2024-04-25 04:13:00.000000',	'completed',	NULL,	'2025-08-02 05:50:52.291',	'2025-08-02 05:50:52.291'),
(298,	'ORD-2024-398',	34,	'Address 398, City 2',	'Lazada',	'2024-04-25 01:54:00.000000',	'completed',	NULL,	'2025-08-02 05:50:52.311',	'2025-08-02 05:50:52.311'),
(299,	'ORD-2024-399',	20,	'Address 399, City 32',	'Shopee',	'2024-04-25 01:36:00.000000',	'completed',	NULL,	'2025-08-02 05:50:52.330',	'2025-08-02 05:50:52.330'),
(300,	'ORD-2024-400',	45,	'Address 400, City 18',	'Lazada',	'2024-04-25 05:45:00.000000',	'completed',	NULL,	'2025-08-02 05:50:52.355',	'2025-08-02 05:50:52.355'),
(301,	'ORD-2024-401',	37,	'Address 401, City 8',	'Website',	'2024-04-26 05:13:00.000000',	'completed',	NULL,	'2025-08-02 05:50:52.364',	'2025-08-02 05:50:52.364'),
(302,	'ORD-2024-402',	27,	'Address 402, City 48',	'Website',	'2024-04-26 03:14:00.000000',	'completed',	NULL,	'2025-08-02 05:50:52.375',	'2025-08-02 05:50:52.375'),
(303,	'ORD-2024-403',	13,	'Address 403, City 29',	'Website',	'2024-04-26 08:47:00.000000',	'completed',	NULL,	'2025-08-02 05:50:52.406',	'2025-08-02 05:50:52.406'),
(304,	'ORD-2024-404',	20,	'Address 404, City 31',	'Shopee',	'2024-04-26 07:05:00.000000',	'completed',	NULL,	'2025-08-02 05:50:52.422',	'2025-08-02 05:50:52.422'),
(305,	'ORD-2024-405',	12,	'Address 405, City 15',	'Shopee',	'2024-04-26 05:46:00.000000',	'completed',	NULL,	'2025-08-02 05:50:52.438',	'2025-08-02 05:50:52.438'),
(306,	'ORD-2024-406',	26,	'Address 406, City 17',	'Shopee',	'2024-04-27 08:17:00.000000',	'completed',	NULL,	'2025-08-02 05:50:52.452',	'2025-08-02 05:50:52.452'),
(307,	'ORD-2024-407',	47,	'Address 407, City 50',	'Lazada',	'2024-04-27 01:42:00.000000',	'completed',	NULL,	'2025-08-02 05:50:52.466',	'2025-08-02 05:50:52.466'),
(308,	'ORD-2024-408',	31,	'Address 408, City 63',	'Website',	'2024-04-27 09:34:00.000000',	'completed',	NULL,	'2025-08-02 05:50:52.476',	'2025-08-02 05:50:52.476'),
(309,	'ORD-2024-409',	9,	'Address 409, City 20',	'Shopee',	'2024-04-27 01:20:00.000000',	'completed',	NULL,	'2025-08-02 05:50:52.486',	'2025-08-02 05:50:52.486'),
(310,	'ORD-2024-410',	40,	'Address 410, City 60',	'Shopee',	'2024-04-27 11:02:00.000000',	'completed',	NULL,	'2025-08-02 05:50:52.499',	'2025-08-02 05:50:52.499'),
(311,	'ORD-2024-411',	4,	'Address 411, City 52',	'Shopee',	'2024-04-28 01:31:00.000000',	'completed',	NULL,	'2025-08-02 05:50:52.509',	'2025-08-02 05:50:52.509'),
(312,	'ORD-2024-412',	25,	'Address 412, City 14',	'Lazada',	'2024-04-28 08:06:00.000000',	'completed',	NULL,	'2025-08-02 05:50:52.517',	'2025-08-02 05:50:52.517'),
(313,	'ORD-2024-413',	47,	'Address 413, City 12',	'Shopee',	'2024-04-28 06:53:00.000000',	'completed',	NULL,	'2025-08-02 05:50:52.528',	'2025-08-02 05:50:52.528'),
(314,	'ORD-2024-414',	21,	'Address 414, City 27',	'Website',	'2024-04-28 09:51:00.000000',	'completed',	NULL,	'2025-08-02 05:50:52.536',	'2025-08-02 05:50:52.536'),
(315,	'ORD-2024-415',	36,	'Address 415, City 1',	'Shopee',	'2024-04-28 05:05:00.000000',	'completed',	NULL,	'2025-08-02 05:50:52.546',	'2025-08-02 05:50:52.546'),
(316,	'ORD-2024-416',	50,	'Address 416, City 31',	'Website',	'2024-04-29 11:59:00.000000',	'completed',	NULL,	'2025-08-02 05:50:52.561',	'2025-08-02 05:50:52.561'),
(317,	'ORD-2024-417',	24,	'Address 417, City 58',	'Shopee',	'2024-04-29 11:44:00.000000',	'completed',	NULL,	'2025-08-02 05:50:52.571',	'2025-08-02 05:50:52.571'),
(318,	'ORD-2024-418',	46,	'Address 418, City 51',	'Website',	'2024-04-29 08:28:00.000000',	'completed',	NULL,	'2025-08-02 05:50:52.579',	'2025-08-02 05:50:52.579'),
(319,	'ORD-2024-419',	3,	'Address 419, City 27',	'Lazada',	'2024-04-29 03:23:00.000000',	'completed',	NULL,	'2025-08-02 05:50:52.588',	'2025-08-02 05:50:52.588'),
(320,	'ORD-2024-420',	40,	'Address 420, City 17',	'Shopee',	'2024-04-29 09:56:00.000000',	'completed',	NULL,	'2025-08-02 05:50:52.596',	'2025-08-02 05:50:52.596'),
(321,	'ORD-2024-421',	11,	'Address 421, City 43',	'Shopee',	'2024-04-30 06:42:00.000000',	'completed',	NULL,	'2025-08-02 05:50:52.604',	'2025-08-02 05:50:52.604'),
(322,	'ORD-2024-422',	3,	'Address 422, City 36',	'Lazada',	'2024-04-30 09:00:00.000000',	'completed',	NULL,	'2025-08-02 05:50:52.613',	'2025-08-02 05:50:52.613'),
(323,	'ORD-2024-423',	44,	'Address 423, City 58',	'Shopee',	'2024-04-30 10:00:00.000000',	'completed',	NULL,	'2025-08-02 05:50:52.621',	'2025-08-02 05:50:52.621'),
(324,	'ORD-2024-424',	16,	'Address 424, City 15',	'Website',	'2024-04-30 01:23:00.000000',	'completed',	NULL,	'2025-08-02 05:50:52.629',	'2025-08-02 05:50:52.629'),
(325,	'ORD-2024-425',	37,	'Address 425, City 17',	'Lazada',	'2024-04-30 08:17:00.000000',	'completed',	NULL,	'2025-08-02 05:50:52.637',	'2025-08-02 05:50:52.637'),
(326,	'ORD-2024-426',	40,	'Address 426, City 25',	'Lazada',	'2024-05-01 03:33:00.000000',	'completed',	NULL,	'2025-08-02 05:50:52.645',	'2025-08-02 05:50:52.645'),
(327,	'ORD-2024-427',	4,	'Address 427, City 62',	'Shopee',	'2024-05-01 06:47:00.000000',	'completed',	NULL,	'2025-08-02 05:50:52.653',	'2025-08-02 05:50:52.653'),
(328,	'ORD-2024-428',	25,	'Address 428, City 58',	'Lazada',	'2024-05-01 06:47:00.000000',	'completed',	NULL,	'2025-08-02 05:50:52.661',	'2025-08-02 05:50:52.661'),
(329,	'ORD-2024-429',	49,	'Address 429, City 6',	'Website',	'2024-05-02 02:22:00.000000',	'completed',	NULL,	'2025-08-02 05:50:52.670',	'2025-08-02 05:50:52.670'),
(330,	'ORD-2024-430',	5,	'Address 430, City 57',	'Lazada',	'2024-05-02 10:19:00.000000',	'completed',	NULL,	'2025-08-02 05:50:52.679',	'2025-08-02 05:50:52.679'),
(331,	'ORD-2024-431',	4,	'Address 431, City 52',	'Website',	'2024-05-02 08:42:00.000000',	'completed',	NULL,	'2025-08-02 05:50:52.691',	'2025-08-02 05:50:52.691'),
(332,	'ORD-2024-432',	27,	'Address 432, City 50',	'Website',	'2024-05-03 03:54:00.000000',	'completed',	NULL,	'2025-08-02 05:50:52.702',	'2025-08-02 05:50:52.702'),
(333,	'ORD-2024-433',	28,	'Address 433, City 52',	'Lazada',	'2024-05-03 01:42:00.000000',	'completed',	NULL,	'2025-08-02 05:50:52.711',	'2025-08-02 05:50:52.711'),
(334,	'ORD-2024-434',	41,	'Address 434, City 41',	'Lazada',	'2024-05-03 08:01:00.000000',	'completed',	NULL,	'2025-08-02 05:50:52.720',	'2025-08-02 05:50:52.720'),
(335,	'ORD-2024-435',	7,	'Address 435, City 47',	'Website',	'2024-05-04 11:50:00.000000',	'completed',	NULL,	'2025-08-02 05:50:52.729',	'2025-08-02 05:50:52.729'),
(336,	'ORD-2024-436',	20,	'Address 436, City 4',	'Lazada',	'2024-05-04 07:53:00.000000',	'completed',	NULL,	'2025-08-02 05:50:52.738',	'2025-08-02 05:50:52.738'),
(337,	'ORD-2024-437',	24,	'Address 437, City 7',	'Website',	'2024-05-04 03:01:00.000000',	'completed',	NULL,	'2025-08-02 05:50:52.746',	'2025-08-02 05:50:52.746'),
(338,	'ORD-2024-438',	42,	'Address 438, City 4',	'Lazada',	'2024-05-05 09:48:00.000000',	'completed',	NULL,	'2025-08-02 05:50:52.754',	'2025-08-02 05:50:52.754'),
(339,	'ORD-2024-439',	2,	'Address 439, City 9',	'Lazada',	'2024-05-05 10:05:00.000000',	'completed',	NULL,	'2025-08-02 05:50:52.763',	'2025-08-02 05:50:52.763'),
(340,	'ORD-2024-440',	28,	'Address 440, City 40',	'Website',	'2024-05-05 04:09:00.000000',	'completed',	NULL,	'2025-08-02 05:50:52.771',	'2025-08-02 05:50:52.771'),
(341,	'ORD-2024-441',	10,	'Address 441, City 48',	'Website',	'2024-05-06 05:36:00.000000',	'completed',	NULL,	'2025-08-02 05:50:52.779',	'2025-08-02 05:50:52.779'),
(342,	'ORD-2024-442',	34,	'Address 442, City 10',	'Website',	'2024-05-06 05:25:00.000000',	'completed',	NULL,	'2025-08-02 05:50:52.787',	'2025-08-02 05:50:52.787'),
(343,	'ORD-2024-443',	15,	'Address 443, City 4',	'Shopee',	'2024-05-06 10:24:00.000000',	'completed',	NULL,	'2025-08-02 05:50:52.796',	'2025-08-02 05:50:52.796'),
(344,	'ORD-2024-444',	1,	'Address 444, City 21',	'Shopee',	'2024-05-07 03:29:00.000000',	'completed',	NULL,	'2025-08-02 05:50:52.805',	'2025-08-02 05:50:52.805'),
(345,	'ORD-2024-445',	36,	'Address 445, City 3',	'Lazada',	'2024-05-07 01:16:00.000000',	'completed',	NULL,	'2025-08-02 05:50:52.813',	'2025-08-02 05:50:52.813'),
(346,	'ORD-2024-446',	43,	'Address 446, City 29',	'Lazada',	'2024-05-07 11:29:00.000000',	'completed',	NULL,	'2025-08-02 05:50:52.821',	'2025-08-02 05:50:52.821'),
(347,	'ORD-2024-447',	19,	'Address 447, City 3',	'Lazada',	'2024-05-08 03:08:00.000000',	'completed',	NULL,	'2025-08-02 05:50:52.830',	'2025-08-02 05:50:52.830'),
(348,	'ORD-2024-448',	34,	'Address 448, City 55',	'Shopee',	'2024-05-08 06:41:00.000000',	'completed',	NULL,	'2025-08-02 05:50:52.838',	'2025-08-02 05:50:52.838'),
(349,	'ORD-2024-449',	28,	'Address 449, City 23',	'Website',	'2024-05-08 05:07:00.000000',	'completed',	NULL,	'2025-08-02 05:50:52.845',	'2025-08-02 05:50:52.845'),
(350,	'ORD-2024-450',	27,	'Address 450, City 12',	'Shopee',	'2024-05-09 01:59:00.000000',	'completed',	NULL,	'2025-08-02 05:50:52.853',	'2025-08-02 05:50:52.853'),
(351,	'ORD-2024-451',	1,	'Address 451, City 34',	'Shopee',	'2024-05-09 09:46:00.000000',	'completed',	NULL,	'2025-08-02 05:50:52.861',	'2025-08-02 05:50:52.861'),
(352,	'ORD-2024-452',	34,	'Address 452, City 54',	'Lazada',	'2024-05-09 09:36:00.000000',	'completed',	NULL,	'2025-08-02 05:50:52.871',	'2025-08-02 05:50:52.871'),
(353,	'ORD-2024-453',	42,	'Address 453, City 22',	'Shopee',	'2024-05-10 05:26:00.000000',	'completed',	NULL,	'2025-08-02 05:50:52.880',	'2025-08-02 05:50:52.880'),
(354,	'ORD-2024-454',	19,	'Address 454, City 6',	'Shopee',	'2024-05-10 08:08:00.000000',	'completed',	NULL,	'2025-08-02 05:50:52.888',	'2025-08-02 05:50:52.888'),
(355,	'ORD-2024-455',	2,	'Address 455, City 38',	'Website',	'2024-05-10 04:05:00.000000',	'completed',	NULL,	'2025-08-02 05:50:52.897',	'2025-08-02 05:50:52.897'),
(356,	'ORD-2024-456',	3,	'Address 456, City 48',	'Shopee',	'2024-05-11 11:50:00.000000',	'completed',	NULL,	'2025-08-02 05:50:52.907',	'2025-08-02 05:50:52.907'),
(357,	'ORD-2024-457',	15,	'Address 457, City 5',	'Shopee',	'2024-05-11 05:08:00.000000',	'completed',	NULL,	'2025-08-02 05:50:52.916',	'2025-08-02 05:50:52.916'),
(358,	'ORD-2024-458',	12,	'Address 458, City 50',	'Shopee',	'2024-05-11 11:13:00.000000',	'completed',	NULL,	'2025-08-02 05:50:52.927',	'2025-08-02 05:50:52.927'),
(359,	'ORD-2024-459',	38,	'Address 459, City 54',	'Website',	'2024-05-12 06:07:00.000000',	'completed',	NULL,	'2025-08-02 05:50:52.939',	'2025-08-02 05:50:52.939'),
(360,	'ORD-2024-460',	18,	'Address 460, City 62',	'Website',	'2024-05-12 01:07:00.000000',	'completed',	NULL,	'2025-08-02 05:50:52.948',	'2025-08-02 05:50:52.948'),
(361,	'ORD-2024-461',	12,	'Address 461, City 21',	'Lazada',	'2024-05-12 11:35:00.000000',	'completed',	NULL,	'2025-08-02 05:50:52.957',	'2025-08-02 05:50:52.957'),
(362,	'ORD-2024-462',	45,	'Address 462, City 5',	'Website',	'2024-05-13 11:52:00.000000',	'completed',	NULL,	'2025-08-02 05:50:52.965',	'2025-08-02 05:50:52.965'),
(363,	'ORD-2024-463',	23,	'Address 463, City 43',	'Website',	'2024-05-13 05:29:00.000000',	'completed',	NULL,	'2025-08-02 05:50:52.973',	'2025-08-02 05:50:52.973'),
(364,	'ORD-2024-464',	12,	'Address 464, City 16',	'Shopee',	'2024-05-13 08:06:00.000000',	'completed',	NULL,	'2025-08-02 05:50:52.981',	'2025-08-02 05:50:52.981'),
(365,	'ORD-2024-465',	45,	'Address 465, City 16',	'Website',	'2024-05-14 11:07:00.000000',	'completed',	NULL,	'2025-08-02 05:50:52.990',	'2025-08-02 05:50:52.990'),
(366,	'ORD-2024-466',	9,	'Address 466, City 35',	'Website',	'2024-05-14 05:56:00.000000',	'completed',	NULL,	'2025-08-02 05:50:52.998',	'2025-08-02 05:50:52.998'),
(367,	'ORD-2024-467',	39,	'Address 467, City 46',	'Lazada',	'2024-05-14 11:16:00.000000',	'completed',	NULL,	'2025-08-02 05:50:53.006',	'2025-08-02 05:50:53.006'),
(368,	'ORD-2024-468',	24,	'Address 468, City 25',	'Website',	'2024-05-15 10:25:00.000000',	'completed',	NULL,	'2025-08-02 05:50:53.014',	'2025-08-02 05:50:53.014'),
(369,	'ORD-2024-469',	36,	'Address 469, City 21',	'Lazada',	'2024-05-15 05:51:00.000000',	'completed',	NULL,	'2025-08-02 05:50:53.022',	'2025-08-02 05:50:53.022'),
(370,	'ORD-2024-470',	3,	'Address 470, City 32',	'Shopee',	'2024-05-15 04:04:00.000000',	'completed',	NULL,	'2025-08-02 05:50:53.030',	'2025-08-02 05:50:53.030'),
(371,	'ORD-2024-471',	29,	'Address 471, City 33',	'Website',	'2024-05-16 08:52:00.000000',	'completed',	NULL,	'2025-08-02 05:50:53.039',	'2025-08-02 05:50:53.039'),
(372,	'ORD-2024-472',	13,	'Address 472, City 59',	'Lazada',	'2024-05-16 07:14:00.000000',	'completed',	NULL,	'2025-08-02 05:50:53.048',	'2025-08-02 05:50:53.048'),
(373,	'ORD-2024-473',	7,	'Address 473, City 35',	'Shopee',	'2024-05-16 07:10:00.000000',	'completed',	NULL,	'2025-08-02 05:50:53.056',	'2025-08-02 05:50:53.056'),
(374,	'ORD-2024-474',	29,	'Address 474, City 18',	'Website',	'2024-05-17 05:18:00.000000',	'completed',	NULL,	'2025-08-02 05:50:53.063',	'2025-08-02 05:50:53.063'),
(375,	'ORD-2024-475',	7,	'Address 475, City 63',	'Website',	'2024-05-17 10:16:00.000000',	'completed',	NULL,	'2025-08-02 05:50:53.071',	'2025-08-02 05:50:53.071'),
(376,	'ORD-2024-476',	46,	'Address 476, City 7',	'Website',	'2024-05-17 07:00:00.000000',	'completed',	NULL,	'2025-08-02 05:50:53.079',	'2025-08-02 05:50:53.079'),
(377,	'ORD-2024-477',	28,	'Address 477, City 19',	'Shopee',	'2024-05-18 07:32:00.000000',	'completed',	NULL,	'2025-08-02 05:50:53.088',	'2025-08-02 05:50:53.088'),
(378,	'ORD-2024-478',	4,	'Address 478, City 42',	'Shopee',	'2024-05-18 01:59:00.000000',	'completed',	NULL,	'2025-08-02 05:50:53.096',	'2025-08-02 05:50:53.096'),
(379,	'ORD-2024-479',	39,	'Address 479, City 21',	'Lazada',	'2024-05-18 09:13:00.000000',	'completed',	NULL,	'2025-08-02 05:50:53.104',	'2025-08-02 05:50:53.104'),
(380,	'ORD-2024-480',	47,	'Address 480, City 5',	'Lazada',	'2024-05-19 01:20:00.000000',	'completed',	NULL,	'2025-08-02 05:50:53.112',	'2025-08-02 05:50:53.112'),
(381,	'ORD-2024-481',	39,	'Address 481, City 30',	'Lazada',	'2024-05-19 04:46:00.000000',	'completed',	NULL,	'2025-08-02 05:50:53.120',	'2025-08-02 05:50:53.120'),
(382,	'ORD-2024-482',	27,	'Address 482, City 33',	'Shopee',	'2024-05-19 01:50:00.000000',	'completed',	NULL,	'2025-08-02 05:50:53.129',	'2025-08-02 05:50:53.129'),
(383,	'ORD-2024-483',	38,	'Address 483, City 27',	'Website',	'2024-05-20 09:59:00.000000',	'completed',	NULL,	'2025-08-02 05:50:53.137',	'2025-08-02 05:50:53.137'),
(384,	'ORD-2024-484',	23,	'Address 484, City 8',	'Shopee',	'2024-05-20 05:17:00.000000',	'completed',	NULL,	'2025-08-02 05:50:53.144',	'2025-08-02 05:50:53.144'),
(385,	'ORD-2024-485',	49,	'Address 485, City 11',	'Shopee',	'2024-05-20 09:06:00.000000',	'completed',	NULL,	'2025-08-02 05:50:53.154',	'2025-08-02 05:50:53.154'),
(386,	'ORD-2024-486',	48,	'Address 486, City 56',	'Shopee',	'2024-05-20 07:17:00.000000',	'completed',	NULL,	'2025-08-02 05:50:53.161',	'2025-08-02 05:50:53.161'),
(387,	'ORD-2024-487',	11,	'Address 487, City 12',	'Shopee',	'2024-05-20 05:07:00.000000',	'completed',	NULL,	'2025-08-02 05:50:53.172',	'2025-08-02 05:50:53.172'),
(388,	'ORD-2024-488',	27,	'Address 488, City 20',	'Lazada',	'2024-05-20 08:18:00.000000',	'completed',	NULL,	'2025-08-02 05:50:53.180',	'2025-08-02 05:50:53.180'),
(389,	'ORD-2024-489',	4,	'Address 489, City 54',	'Website',	'2024-05-20 01:26:00.000000',	'completed',	NULL,	'2025-08-02 05:50:53.191',	'2025-08-02 05:50:53.191'),
(390,	'ORD-2024-490',	31,	'Address 490, City 33',	'Lazada',	'2024-05-20 04:17:00.000000',	'completed',	NULL,	'2025-08-02 05:50:53.200',	'2025-08-02 05:50:53.200'),
(391,	'ORD-2024-491',	38,	'Address 491, City 59',	'Shopee',	'2024-05-20 06:08:00.000000',	'completed',	NULL,	'2025-08-02 05:50:53.208',	'2025-08-02 05:50:53.208'),
(392,	'ORD-2024-492',	26,	'Address 492, City 43',	'Shopee',	'2024-05-20 04:20:00.000000',	'completed',	NULL,	'2025-08-02 05:50:53.216',	'2025-08-02 05:50:53.216'),
(393,	'ORD-2024-493',	40,	'Address 493, City 10',	'Website',	'2024-05-20 11:29:00.000000',	'completed',	NULL,	'2025-08-02 05:50:53.224',	'2025-08-02 05:50:53.224'),
(394,	'ORD-2024-494',	19,	'Address 494, City 10',	'Website',	'2024-05-20 05:10:00.000000',	'completed',	NULL,	'2025-08-02 05:50:53.232',	'2025-08-02 05:50:53.232'),
(395,	'ORD-2024-495',	10,	'Address 495, City 41',	'Lazada',	'2024-05-20 04:20:00.000000',	'completed',	NULL,	'2025-08-02 05:50:53.241',	'2025-08-02 05:50:53.241'),
(396,	'ORD-2024-496',	41,	'Address 496, City 24',	'Lazada',	'2024-05-20 07:09:00.000000',	'completed',	NULL,	'2025-08-02 05:50:53.249',	'2025-08-02 05:50:53.249'),
(397,	'ORD-2024-497',	13,	'Address 497, City 47',	'Shopee',	'2024-05-20 09:31:00.000000',	'completed',	NULL,	'2025-08-02 05:50:53.258',	'2025-08-02 05:50:53.258'),
(398,	'ORD-2024-498',	48,	'Address 498, City 18',	'Shopee',	'2024-05-21 07:11:00.000000',	'completed',	NULL,	'2025-08-02 05:50:53.266',	'2025-08-02 05:50:53.266'),
(399,	'ORD-2024-499',	25,	'Address 499, City 55',	'Lazada',	'2024-05-21 07:00:00.000000',	'completed',	NULL,	'2025-08-02 05:50:53.274',	'2025-08-02 05:50:53.274'),
(400,	'ORD-2024-500',	13,	'Address 500, City 21',	'Shopee',	'2024-05-21 10:18:00.000000',	'completed',	NULL,	'2025-08-02 05:50:53.283',	'2025-08-02 05:50:53.283'),
(401,	'ORD-2024-501',	12,	'Address 501, City 4',	'Website',	'2024-05-21 08:10:00.000000',	'completed',	NULL,	'2025-08-02 05:50:53.292',	'2025-08-02 05:50:53.292'),
(402,	'ORD-2024-502',	48,	'Address 502, City 8',	'Website',	'2024-05-21 08:50:00.000000',	'completed',	NULL,	'2025-08-02 05:50:53.301',	'2025-08-02 05:50:53.301'),
(403,	'ORD-2024-503',	33,	'Address 503, City 46',	'Shopee',	'2024-05-21 09:32:00.000000',	'completed',	NULL,	'2025-08-02 05:50:53.309',	'2025-08-02 05:50:53.309'),
(404,	'ORD-2024-504',	1,	'Address 504, City 15',	'Website',	'2024-05-21 08:50:00.000000',	'completed',	NULL,	'2025-08-02 05:50:53.317',	'2025-08-02 05:50:53.317'),
(405,	'ORD-2024-505',	47,	'Address 505, City 32',	'Website',	'2024-05-21 05:19:00.000000',	'completed',	NULL,	'2025-08-02 05:50:53.325',	'2025-08-02 05:50:53.325'),
(406,	'ORD-2024-506',	44,	'Address 506, City 37',	'Website',	'2024-05-21 06:14:00.000000',	'completed',	NULL,	'2025-08-02 05:50:53.334',	'2025-08-02 05:50:53.334'),
(407,	'ORD-2024-507',	26,	'Address 507, City 41',	'Website',	'2024-05-21 06:53:00.000000',	'completed',	NULL,	'2025-08-02 05:50:53.342',	'2025-08-02 05:50:53.342'),
(408,	'ORD-2024-508',	44,	'Address 508, City 59',	'Lazada',	'2024-05-21 06:51:00.000000',	'completed',	NULL,	'2025-08-02 05:50:53.350',	'2025-08-02 05:50:53.350'),
(409,	'ORD-2024-509',	32,	'Address 509, City 10',	'Shopee',	'2024-05-21 08:37:00.000000',	'completed',	NULL,	'2025-08-02 05:50:53.359',	'2025-08-02 05:50:53.359'),
(410,	'ORD-2024-510',	9,	'Address 510, City 9',	'Shopee',	'2024-05-21 06:15:00.000000',	'completed',	NULL,	'2025-08-02 05:50:53.367',	'2025-08-02 05:50:53.367'),
(411,	'ORD-2024-511',	23,	'Address 511, City 37',	'Lazada',	'2024-05-21 03:01:00.000000',	'completed',	NULL,	'2025-08-02 05:50:53.376',	'2025-08-02 05:50:53.376'),
(412,	'ORD-2024-512',	39,	'Address 512, City 21',	'Lazada',	'2024-05-21 03:06:00.000000',	'completed',	NULL,	'2025-08-02 05:50:53.384',	'2025-08-02 05:50:53.384'),
(413,	'ORD-2024-513',	32,	'Address 513, City 49',	'Shopee',	'2024-05-22 05:24:00.000000',	'completed',	NULL,	'2025-08-02 05:50:53.393',	'2025-08-02 05:50:53.393'),
(414,	'ORD-2024-514',	33,	'Address 514, City 2',	'Lazada',	'2024-05-22 04:43:00.000000',	'completed',	NULL,	'2025-08-02 05:50:53.402',	'2025-08-02 05:50:53.402'),
(415,	'ORD-2024-515',	14,	'Address 515, City 13',	'Shopee',	'2024-05-22 10:07:00.000000',	'completed',	NULL,	'2025-08-02 05:50:53.411',	'2025-08-02 05:50:53.411'),
(416,	'ORD-2024-516',	12,	'Address 516, City 62',	'Lazada',	'2024-05-22 08:30:00.000000',	'completed',	NULL,	'2025-08-02 05:50:53.419',	'2025-08-02 05:50:53.419'),
(417,	'ORD-2024-517',	3,	'Address 517, City 38',	'Lazada',	'2024-05-22 07:33:00.000000',	'completed',	NULL,	'2025-08-02 05:50:53.428',	'2025-08-02 05:50:53.428'),
(418,	'ORD-2024-518',	49,	'Address 518, City 28',	'Website',	'2024-05-22 03:09:00.000000',	'completed',	NULL,	'2025-08-02 05:50:53.438',	'2025-08-02 05:50:53.438'),
(419,	'ORD-2024-519',	27,	'Address 519, City 45',	'Lazada',	'2024-05-22 06:36:00.000000',	'completed',	NULL,	'2025-08-02 05:50:53.447',	'2025-08-02 05:50:53.447'),
(420,	'ORD-2024-520',	47,	'Address 520, City 34',	'Website',	'2024-05-22 02:41:00.000000',	'completed',	NULL,	'2025-08-02 05:50:53.455',	'2025-08-02 05:50:53.455'),
(421,	'ORD-2024-521',	2,	'Address 521, City 37',	'Shopee',	'2024-05-22 06:40:00.000000',	'completed',	NULL,	'2025-08-02 05:50:53.462',	'2025-08-02 05:50:53.462'),
(422,	'ORD-2024-522',	25,	'Address 522, City 63',	'Website',	'2024-05-22 10:00:00.000000',	'completed',	NULL,	'2025-08-02 05:50:53.471',	'2025-08-02 05:50:53.471'),
(423,	'ORD-2024-523',	14,	'Address 523, City 61',	'Lazada',	'2024-05-22 06:20:00.000000',	'completed',	NULL,	'2025-08-02 05:50:53.478',	'2025-08-02 05:50:53.478'),
(424,	'ORD-2024-524',	15,	'Address 524, City 2',	'Shopee',	'2024-05-22 01:14:00.000000',	'completed',	NULL,	'2025-08-02 05:50:53.488',	'2025-08-02 05:50:53.488'),
(425,	'ORD-2024-525',	33,	'Address 525, City 21',	'Lazada',	'2024-05-22 02:19:00.000000',	'completed',	NULL,	'2025-08-02 05:50:53.496',	'2025-08-02 05:50:53.496'),
(426,	'ORD-2024-526',	8,	'Address 526, City 41',	'Lazada',	'2024-05-22 11:30:00.000000',	'completed',	NULL,	'2025-08-02 05:50:53.505',	'2025-08-02 05:50:53.505'),
(427,	'ORD-2024-527',	30,	'Address 527, City 20',	'Shopee',	'2024-05-22 08:53:00.000000',	'completed',	NULL,	'2025-08-02 05:50:53.512',	'2025-08-02 05:50:53.512'),
(428,	'ORD-2024-528',	40,	'Address 528, City 57',	'Website',	'2024-05-23 06:02:00.000000',	'completed',	NULL,	'2025-08-02 05:50:53.519',	'2025-08-02 05:50:53.519'),
(429,	'ORD-2024-529',	23,	'Address 529, City 19',	'Website',	'2024-05-23 01:41:00.000000',	'completed',	NULL,	'2025-08-02 05:50:53.526',	'2025-08-02 05:50:53.526'),
(430,	'ORD-2024-530',	13,	'Address 530, City 40',	'Website',	'2024-05-23 04:37:00.000000',	'completed',	NULL,	'2025-08-02 05:50:53.534',	'2025-08-02 05:50:53.534'),
(431,	'ORD-2024-531',	17,	'Address 531, City 25',	'Shopee',	'2024-05-23 02:41:00.000000',	'completed',	NULL,	'2025-08-02 05:50:53.541',	'2025-08-02 05:50:53.541'),
(432,	'ORD-2024-532',	29,	'Address 532, City 19',	'Lazada',	'2024-05-23 11:22:00.000000',	'completed',	NULL,	'2025-08-02 05:50:53.549',	'2025-08-02 05:50:53.549'),
(433,	'ORD-2024-533',	3,	'Address 533, City 42',	'Shopee',	'2024-05-23 01:34:00.000000',	'completed',	NULL,	'2025-08-02 05:50:53.557',	'2025-08-02 05:50:53.557'),
(434,	'ORD-2024-534',	7,	'Address 534, City 30',	'Lazada',	'2024-05-23 01:16:00.000000',	'completed',	NULL,	'2025-08-02 05:50:53.565',	'2025-08-02 05:50:53.565'),
(435,	'ORD-2024-535',	5,	'Address 535, City 41',	'Website',	'2024-05-23 05:08:00.000000',	'completed',	NULL,	'2025-08-02 05:50:53.573',	'2025-08-02 05:50:53.573'),
(436,	'ORD-2024-536',	31,	'Address 536, City 60',	'Lazada',	'2024-05-23 02:24:00.000000',	'completed',	NULL,	'2025-08-02 05:50:53.580',	'2025-08-02 05:50:53.580'),
(437,	'ORD-2024-537',	5,	'Address 537, City 22',	'Lazada',	'2024-05-23 03:48:00.000000',	'completed',	NULL,	'2025-08-02 05:50:53.587',	'2025-08-02 05:50:53.587'),
(438,	'ORD-2024-538',	32,	'Address 538, City 55',	'Shopee',	'2024-05-23 08:55:00.000000',	'completed',	NULL,	'2025-08-02 05:50:53.595',	'2025-08-02 05:50:53.595'),
(439,	'ORD-2024-539',	36,	'Address 539, City 45',	'Website',	'2024-05-23 04:31:00.000000',	'completed',	NULL,	'2025-08-02 05:50:53.603',	'2025-08-02 05:50:53.603'),
(440,	'ORD-2024-540',	43,	'Address 540, City 28',	'Website',	'2024-05-23 04:08:00.000000',	'completed',	NULL,	'2025-08-02 05:50:53.610',	'2025-08-02 05:50:53.610'),
(441,	'ORD-2024-541',	49,	'Address 541, City 18',	'Lazada',	'2024-05-23 03:47:00.000000',	'completed',	NULL,	'2025-08-02 05:50:53.618',	'2025-08-02 05:50:53.618'),
(442,	'ORD-2024-542',	48,	'Address 542, City 37',	'Shopee',	'2024-05-23 09:43:00.000000',	'completed',	NULL,	'2025-08-02 05:50:53.626',	'2025-08-02 05:50:53.626'),
(443,	'ORD-2024-543',	6,	'Address 543, City 35',	'Shopee',	'2024-05-24 10:04:00.000000',	'completed',	NULL,	'2025-08-02 05:50:53.635',	'2025-08-02 05:50:53.635'),
(444,	'ORD-2024-544',	11,	'Address 544, City 51',	'Lazada',	'2024-05-24 04:35:00.000000',	'completed',	NULL,	'2025-08-02 05:50:53.643',	'2025-08-02 05:50:53.643'),
(445,	'ORD-2024-545',	24,	'Address 545, City 1',	'Lazada',	'2024-05-24 09:57:00.000000',	'completed',	NULL,	'2025-08-02 05:50:53.651',	'2025-08-02 05:50:53.651'),
(446,	'ORD-2024-546',	3,	'Address 546, City 36',	'Lazada',	'2024-05-24 07:37:00.000000',	'completed',	NULL,	'2025-08-02 05:50:53.660',	'2025-08-02 05:50:53.660'),
(447,	'ORD-2024-547',	7,	'Address 547, City 2',	'Shopee',	'2024-05-24 08:02:00.000000',	'completed',	NULL,	'2025-08-02 05:50:53.668',	'2025-08-02 05:50:53.668'),
(448,	'ORD-2024-548',	7,	'Address 548, City 39',	'Lazada',	'2024-05-24 09:50:00.000000',	'completed',	NULL,	'2025-08-02 05:50:53.677',	'2025-08-02 05:50:53.677'),
(449,	'ORD-2024-549',	5,	'Address 549, City 18',	'Lazada',	'2024-05-24 01:21:00.000000',	'completed',	NULL,	'2025-08-02 05:50:53.689',	'2025-08-02 05:50:53.689'),
(450,	'ORD-2024-550',	22,	'Address 550, City 7',	'Website',	'2024-05-24 03:38:00.000000',	'completed',	NULL,	'2025-08-02 05:50:53.699',	'2025-08-02 05:50:53.699'),
(451,	'ORD-2024-551',	12,	'Address 551, City 26',	'Website',	'2024-05-24 11:32:00.000000',	'completed',	NULL,	'2025-08-02 05:50:53.709',	'2025-08-02 05:50:53.709'),
(452,	'ORD-2024-552',	17,	'Address 552, City 40',	'Shopee',	'2024-05-24 05:51:00.000000',	'completed',	NULL,	'2025-08-02 05:50:53.716',	'2025-08-02 05:50:53.716'),
(453,	'ORD-2024-553',	48,	'Address 553, City 47',	'Shopee',	'2024-05-24 05:29:00.000000',	'completed',	NULL,	'2025-08-02 05:50:53.724',	'2025-08-02 05:50:53.724'),
(454,	'ORD-2024-554',	43,	'Address 554, City 43',	'Website',	'2024-05-24 05:23:00.000000',	'completed',	NULL,	'2025-08-02 05:50:53.731',	'2025-08-02 05:50:53.731'),
(455,	'ORD-2024-555',	1,	'Address 555, City 3',	'Shopee',	'2024-05-24 08:57:00.000000',	'completed',	NULL,	'2025-08-02 05:50:53.739',	'2025-08-02 05:50:53.739'),
(456,	'ORD-2024-556',	17,	'Address 556, City 13',	'Website',	'2024-05-24 11:36:00.000000',	'completed',	NULL,	'2025-08-02 05:50:53.747',	'2025-08-02 05:50:53.747'),
(457,	'ORD-2024-557',	4,	'Address 557, City 49',	'Shopee',	'2024-05-24 08:02:00.000000',	'completed',	NULL,	'2025-08-02 05:50:53.757',	'2025-08-02 05:50:53.757'),
(458,	'ORD-2024-558',	29,	'Address 558, City 34',	'Shopee',	'2024-05-25 04:33:00.000000',	'completed',	NULL,	'2025-08-02 05:50:53.765',	'2025-08-02 05:50:53.765'),
(459,	'ORD-2024-559',	42,	'Address 559, City 52',	'Lazada',	'2024-05-25 07:55:00.000000',	'completed',	NULL,	'2025-08-02 05:50:53.774',	'2025-08-02 05:50:53.774'),
(460,	'ORD-2024-560',	38,	'Address 560, City 49',	'Lazada',	'2024-05-25 05:01:00.000000',	'completed',	NULL,	'2025-08-02 05:50:53.781',	'2025-08-02 05:50:53.781'),
(461,	'ORD-2024-561',	5,	'Address 561, City 32',	'Shopee',	'2024-05-25 01:35:00.000000',	'completed',	NULL,	'2025-08-02 05:50:53.789',	'2025-08-02 05:50:53.789'),
(462,	'ORD-2024-562',	15,	'Address 562, City 9',	'Shopee',	'2024-05-25 10:15:00.000000',	'completed',	NULL,	'2025-08-02 05:50:53.797',	'2025-08-02 05:50:53.797'),
(463,	'ORD-2024-563',	50,	'Address 563, City 31',	'Shopee',	'2024-05-25 03:53:00.000000',	'completed',	NULL,	'2025-08-02 05:50:53.805',	'2025-08-02 05:50:53.805'),
(464,	'ORD-2024-564',	9,	'Address 564, City 42',	'Website',	'2024-05-25 04:12:00.000000',	'completed',	NULL,	'2025-08-02 05:50:53.815',	'2025-08-02 05:50:53.815'),
(465,	'ORD-2024-565',	29,	'Address 565, City 30',	'Lazada',	'2024-05-25 04:30:00.000000',	'completed',	NULL,	'2025-08-02 05:50:53.824',	'2025-08-02 05:50:53.824'),
(466,	'ORD-2024-566',	14,	'Address 566, City 18',	'Shopee',	'2024-05-25 09:05:00.000000',	'completed',	NULL,	'2025-08-02 05:50:53.832',	'2025-08-02 05:50:53.832'),
(467,	'ORD-2024-567',	38,	'Address 567, City 10',	'Shopee',	'2024-05-25 04:12:00.000000',	'completed',	NULL,	'2025-08-02 05:50:53.840',	'2025-08-02 05:50:53.840'),
(468,	'ORD-2024-568',	12,	'Address 568, City 27',	'Shopee',	'2024-05-25 02:22:00.000000',	'completed',	NULL,	'2025-08-02 05:50:53.848',	'2025-08-02 05:50:53.848'),
(469,	'ORD-2024-569',	18,	'Address 569, City 56',	'Lazada',	'2024-05-25 10:42:00.000000',	'completed',	NULL,	'2025-08-02 05:50:53.857',	'2025-08-02 05:50:53.857'),
(470,	'ORD-2024-570',	4,	'Address 570, City 18',	'Lazada',	'2024-05-25 03:13:00.000000',	'completed',	NULL,	'2025-08-02 05:50:53.866',	'2025-08-02 05:50:53.866'),
(471,	'ORD-2024-571',	13,	'Address 571, City 56',	'Website',	'2024-05-25 05:16:00.000000',	'completed',	NULL,	'2025-08-02 05:50:53.881',	'2025-08-02 05:50:53.881'),
(472,	'ORD-2024-572',	12,	'Address 572, City 20',	'Lazada',	'2024-05-25 10:47:00.000000',	'completed',	NULL,	'2025-08-02 05:50:53.890',	'2025-08-02 05:50:53.890'),
(473,	'ORD-2024-573',	44,	'Address 573, City 5',	'Shopee',	'2024-05-26 04:52:00.000000',	'completed',	NULL,	'2025-08-02 05:50:53.900',	'2025-08-02 05:50:53.900'),
(474,	'ORD-2024-574',	16,	'Address 574, City 15',	'Shopee',	'2024-05-26 04:00:00.000000',	'completed',	NULL,	'2025-08-02 05:50:53.914',	'2025-08-02 05:50:53.914'),
(475,	'ORD-2024-575',	34,	'Address 575, City 38',	'Website',	'2024-05-26 10:47:00.000000',	'completed',	NULL,	'2025-08-02 05:50:53.923',	'2025-08-02 05:50:53.923'),
(476,	'ORD-2024-576',	42,	'Address 576, City 46',	'Lazada',	'2024-05-27 08:37:00.000000',	'completed',	NULL,	'2025-08-02 05:50:53.941',	'2025-08-02 05:50:53.941'),
(477,	'ORD-2024-577',	38,	'Address 577, City 57',	'Shopee',	'2024-05-27 08:20:00.000000',	'completed',	NULL,	'2025-08-02 05:50:53.973',	'2025-08-02 05:50:53.973'),
(478,	'ORD-2024-578',	6,	'Address 578, City 20',	'Shopee',	'2024-05-27 04:32:00.000000',	'completed',	NULL,	'2025-08-02 05:50:53.983',	'2025-08-02 05:50:53.983'),
(479,	'ORD-2024-579',	7,	'Address 579, City 7',	'Website',	'2024-05-28 01:33:00.000000',	'completed',	NULL,	'2025-08-02 05:50:53.991',	'2025-08-02 05:50:53.991'),
(480,	'ORD-2024-580',	5,	'Address 580, City 8',	'Lazada',	'2024-05-28 11:15:00.000000',	'completed',	NULL,	'2025-08-02 05:50:54.002',	'2025-08-02 05:50:54.002'),
(481,	'ORD-2024-581',	43,	'Address 581, City 27',	'Website',	'2024-05-28 05:13:00.000000',	'completed',	NULL,	'2025-08-02 05:50:54.012',	'2025-08-02 05:50:54.012'),
(482,	'ORD-2024-582',	8,	'Address 582, City 9',	'Website',	'2024-05-29 07:57:00.000000',	'completed',	NULL,	'2025-08-02 05:50:54.021',	'2025-08-02 05:50:54.021'),
(483,	'ORD-2024-583',	9,	'Address 583, City 22',	'Shopee',	'2024-05-29 01:16:00.000000',	'completed',	NULL,	'2025-08-02 05:50:54.029',	'2025-08-02 05:50:54.029'),
(484,	'ORD-2024-584',	24,	'Address 584, City 56',	'Lazada',	'2024-05-29 09:14:00.000000',	'completed',	NULL,	'2025-08-02 05:50:54.038',	'2025-08-02 05:50:54.038'),
(485,	'ORD-2024-585',	30,	'Address 585, City 15',	'Lazada',	'2024-05-30 10:52:00.000000',	'completed',	NULL,	'2025-08-02 05:50:54.047',	'2025-08-02 05:50:54.047'),
(486,	'ORD-2024-586',	50,	'Address 586, City 34',	'Website',	'2024-05-30 02:21:00.000000',	'completed',	NULL,	'2025-08-02 05:50:54.055',	'2025-08-02 05:50:54.055'),
(487,	'ORD-2024-587',	24,	'Address 587, City 28',	'Shopee',	'2024-05-30 09:20:00.000000',	'completed',	NULL,	'2025-08-02 05:50:54.064',	'2025-08-02 05:50:54.064'),
(488,	'ORD-2024-588',	20,	'Address 588, City 2',	'Shopee',	'2024-05-31 02:13:00.000000',	'completed',	NULL,	'2025-08-02 05:50:54.073',	'2025-08-02 05:50:54.073'),
(489,	'ORD-2024-589',	6,	'Address 589, City 2',	'Website',	'2024-05-31 10:33:00.000000',	'completed',	NULL,	'2025-08-02 05:50:54.081',	'2025-08-02 05:50:54.081'),
(490,	'ORD-2024-590',	42,	'Address 590, City 8',	'Shopee',	'2024-05-31 06:05:00.000000',	'completed',	NULL,	'2025-08-02 05:50:54.089',	'2025-08-02 05:50:54.089'),
(491,	'ORD-2024-591',	15,	'Address 591, City 20',	'Lazada',	'2024-06-01 04:47:00.000000',	'completed',	NULL,	'2025-08-02 05:50:54.098',	'2025-08-02 05:50:54.098'),
(492,	'ORD-2024-592',	44,	'Address 592, City 10',	'Shopee',	'2024-06-01 10:48:00.000000',	'completed',	NULL,	'2025-08-02 05:50:54.107',	'2025-08-02 05:50:54.107'),
(493,	'ORD-2024-593',	46,	'Address 593, City 17',	'Lazada',	'2024-06-01 09:27:00.000000',	'completed',	NULL,	'2025-08-02 05:50:54.114',	'2025-08-02 05:50:54.114'),
(494,	'ORD-2024-594',	43,	'Address 594, City 11',	'Website',	'2024-06-01 05:44:00.000000',	'completed',	NULL,	'2025-08-02 05:50:54.122',	'2025-08-02 05:50:54.122'),
(495,	'ORD-2024-595',	2,	'Address 595, City 39',	'Website',	'2024-06-02 08:16:00.000000',	'completed',	NULL,	'2025-08-02 05:50:54.131',	'2025-08-02 05:50:54.131'),
(496,	'ORD-2024-596',	30,	'Address 596, City 38',	'Lazada',	'2024-06-02 08:33:00.000000',	'completed',	NULL,	'2025-08-02 05:50:54.139',	'2025-08-02 05:50:54.139'),
(497,	'ORD-2024-597',	12,	'Address 597, City 35',	'Shopee',	'2024-06-02 03:20:00.000000',	'completed',	NULL,	'2025-08-02 05:50:54.147',	'2025-08-02 05:50:54.147'),
(498,	'ORD-2024-598',	5,	'Address 598, City 30',	'Website',	'2024-06-02 02:35:00.000000',	'completed',	NULL,	'2025-08-02 05:50:54.156',	'2025-08-02 05:50:54.156'),
(499,	'ORD-2024-599',	31,	'Address 599, City 38',	'Lazada',	'2024-06-03 09:28:00.000000',	'completed',	NULL,	'2025-08-02 05:50:54.164',	'2025-08-02 05:50:54.164'),
(500,	'ORD-2024-600',	11,	'Address 600, City 4',	'Shopee',	'2024-06-03 01:44:00.000000',	'completed',	NULL,	'2025-08-02 05:50:54.172',	'2025-08-02 05:50:54.172'),
(501,	'ORD-2024-601',	48,	'Address 601, City 46',	'Lazada',	'2024-06-03 10:49:00.000000',	'completed',	NULL,	'2025-08-02 05:50:54.180',	'2025-08-02 05:50:54.180'),
(502,	'ORD-2024-602',	3,	'Address 602, City 58',	'Website',	'2024-06-03 06:09:00.000000',	'completed',	NULL,	'2025-08-02 05:50:54.188',	'2025-08-02 05:50:54.188'),
(503,	'ORD-2024-603',	43,	'Address 603, City 44',	'Lazada',	'2024-06-04 06:07:00.000000',	'completed',	NULL,	'2025-08-02 05:50:54.198',	'2025-08-02 05:50:54.198'),
(504,	'ORD-2024-604',	3,	'Address 604, City 41',	'Shopee',	'2024-06-04 09:07:00.000000',	'completed',	NULL,	'2025-08-02 05:50:54.207',	'2025-08-02 05:50:54.207'),
(505,	'ORD-2024-605',	19,	'Address 605, City 30',	'Shopee',	'2024-06-04 08:45:00.000000',	'completed',	NULL,	'2025-08-02 05:50:54.216',	'2025-08-02 05:50:54.216'),
(506,	'ORD-2024-606',	29,	'Address 606, City 27',	'Shopee',	'2024-06-04 07:46:00.000000',	'completed',	NULL,	'2025-08-02 05:50:54.225',	'2025-08-02 05:50:54.225'),
(507,	'ORD-2024-607',	25,	'Address 607, City 36',	'Shopee',	'2024-06-05 04:23:00.000000',	'completed',	NULL,	'2025-08-02 05:50:54.233',	'2025-08-02 05:50:54.233'),
(508,	'ORD-2024-608',	49,	'Address 608, City 6',	'Shopee',	'2024-06-05 05:09:00.000000',	'completed',	NULL,	'2025-08-02 05:50:54.241',	'2025-08-02 05:50:54.241'),
(509,	'ORD-2024-609',	5,	'Address 609, City 22',	'Website',	'2024-06-05 09:35:00.000000',	'completed',	NULL,	'2025-08-02 05:50:54.252',	'2025-08-02 05:50:54.252'),
(510,	'ORD-2024-610',	11,	'Address 610, City 48',	'Website',	'2024-06-05 04:33:00.000000',	'completed',	NULL,	'2025-08-02 05:50:54.260',	'2025-08-02 05:50:54.260'),
(511,	'ORD-2024-611',	46,	'Address 611, City 8',	'Lazada',	'2024-06-06 06:02:00.000000',	'completed',	NULL,	'2025-08-02 05:50:54.270',	'2025-08-02 05:50:54.270'),
(512,	'ORD-2024-612',	22,	'Address 612, City 6',	'Shopee',	'2024-06-06 03:47:00.000000',	'completed',	NULL,	'2025-08-02 05:50:54.278',	'2025-08-02 05:50:54.278'),
(513,	'ORD-2024-613',	2,	'Address 613, City 61',	'Shopee',	'2024-06-06 08:43:00.000000',	'completed',	NULL,	'2025-08-02 05:50:54.289',	'2025-08-02 05:50:54.289'),
(514,	'ORD-2024-614',	2,	'Address 614, City 15',	'Shopee',	'2024-06-06 11:08:00.000000',	'completed',	NULL,	'2025-08-02 05:50:54.298',	'2025-08-02 05:50:54.298'),
(515,	'ORD-2024-615',	49,	'Address 615, City 21',	'Website',	'2024-06-07 09:22:00.000000',	'completed',	NULL,	'2025-08-02 05:50:54.306',	'2025-08-02 05:50:54.306'),
(516,	'ORD-2024-616',	14,	'Address 616, City 58',	'Website',	'2024-06-07 02:10:00.000000',	'completed',	NULL,	'2025-08-02 05:50:54.315',	'2025-08-02 05:50:54.315'),
(517,	'ORD-2024-617',	38,	'Address 617, City 7',	'Website',	'2024-06-07 03:53:00.000000',	'completed',	NULL,	'2025-08-02 05:50:54.323',	'2025-08-02 05:50:54.323'),
(518,	'ORD-2024-618',	27,	'Address 618, City 24',	'Website',	'2024-06-07 05:00:00.000000',	'completed',	NULL,	'2025-08-02 05:50:54.331',	'2025-08-02 05:50:54.331'),
(519,	'ORD-2024-619',	38,	'Address 619, City 44',	'Lazada',	'2024-06-08 08:50:00.000000',	'completed',	NULL,	'2025-08-02 05:50:54.339',	'2025-08-02 05:50:54.339'),
(520,	'ORD-2024-620',	19,	'Address 620, City 32',	'Lazada',	'2024-06-08 08:34:00.000000',	'completed',	NULL,	'2025-08-02 05:50:54.346',	'2025-08-02 05:50:54.346'),
(521,	'ORD-2024-621',	34,	'Address 621, City 52',	'Website',	'2024-06-08 01:24:00.000000',	'completed',	NULL,	'2025-08-02 05:50:54.353',	'2025-08-02 05:50:54.353'),
(522,	'ORD-2024-622',	4,	'Address 622, City 39',	'Shopee',	'2024-06-08 10:52:00.000000',	'completed',	NULL,	'2025-08-02 05:50:54.362',	'2025-08-02 05:50:54.362'),
(523,	'ORD-2024-623',	3,	'Address 623, City 44',	'Shopee',	'2024-06-09 08:30:00.000000',	'completed',	NULL,	'2025-08-02 05:50:54.371',	'2025-08-02 05:50:54.371'),
(524,	'ORD-2024-624',	38,	'Address 624, City 27',	'Shopee',	'2024-06-09 03:25:00.000000',	'completed',	NULL,	'2025-08-02 05:50:54.379',	'2025-08-02 05:50:54.379'),
(525,	'ORD-2024-625',	32,	'Address 625, City 42',	'Website',	'2024-06-09 10:59:00.000000',	'completed',	NULL,	'2025-08-02 05:50:54.388',	'2025-08-02 05:50:54.388'),
(526,	'ORD-2024-626',	27,	'Address 626, City 26',	'Lazada',	'2024-06-09 08:16:00.000000',	'completed',	NULL,	'2025-08-02 05:50:54.396',	'2025-08-02 05:50:54.396'),
(527,	'ORD-2024-627',	29,	'Address 627, City 42',	'Shopee',	'2024-06-10 08:17:00.000000',	'completed',	NULL,	'2025-08-02 05:50:54.404',	'2025-08-02 05:50:54.404'),
(528,	'ORD-2024-628',	17,	'Address 628, City 21',	'Website',	'2024-06-10 08:11:00.000000',	'completed',	NULL,	'2025-08-02 05:50:54.412',	'2025-08-02 05:50:54.412'),
(529,	'ORD-2024-629',	14,	'Address 629, City 7',	'Website',	'2024-06-10 06:52:00.000000',	'completed',	NULL,	'2025-08-02 05:50:54.420',	'2025-08-02 05:50:54.420'),
(530,	'ORD-2024-630',	3,	'Address 630, City 32',	'Lazada',	'2024-06-10 11:55:00.000000',	'completed',	NULL,	'2025-08-02 05:50:54.428',	'2025-08-02 05:50:54.428'),
(531,	'ORD-2024-631',	21,	'Address 631, City 21',	'Shopee',	'2024-06-11 05:40:00.000000',	'completed',	NULL,	'2025-08-02 05:50:54.435',	'2025-08-02 05:50:54.435'),
(532,	'ORD-2024-632',	39,	'Address 632, City 34',	'Website',	'2024-06-11 05:52:00.000000',	'completed',	NULL,	'2025-08-02 05:50:54.445',	'2025-08-02 05:50:54.445'),
(533,	'ORD-2024-633',	37,	'Address 633, City 59',	'Lazada',	'2024-06-11 10:37:00.000000',	'completed',	NULL,	'2025-08-02 05:50:54.453',	'2025-08-02 05:50:54.453'),
(534,	'ORD-2024-634',	17,	'Address 634, City 52',	'Website',	'2024-06-11 08:56:00.000000',	'completed',	NULL,	'2025-08-02 05:50:54.463',	'2025-08-02 05:50:54.463'),
(535,	'ORD-2024-635',	1,	'Address 635, City 14',	'Shopee',	'2024-06-12 11:22:00.000000',	'completed',	NULL,	'2025-08-02 05:50:54.472',	'2025-08-02 05:50:54.472'),
(536,	'ORD-2024-636',	41,	'Address 636, City 31',	'Lazada',	'2024-06-12 01:26:00.000000',	'completed',	NULL,	'2025-08-02 05:50:54.481',	'2025-08-02 05:50:54.481'),
(537,	'ORD-2024-637',	36,	'Address 637, City 53',	'Website',	'2024-06-12 01:24:00.000000',	'completed',	NULL,	'2025-08-02 05:50:54.489',	'2025-08-02 05:50:54.489'),
(538,	'ORD-2024-638',	18,	'Address 638, City 29',	'Lazada',	'2024-06-12 06:00:00.000000',	'completed',	NULL,	'2025-08-02 05:50:54.497',	'2025-08-02 05:50:54.497'),
(539,	'ORD-2024-639',	4,	'Address 639, City 44',	'Lazada',	'2024-06-13 10:44:00.000000',	'completed',	NULL,	'2025-08-02 05:50:54.505',	'2025-08-02 05:50:54.505'),
(540,	'ORD-2024-640',	18,	'Address 640, City 34',	'Lazada',	'2024-06-13 01:41:00.000000',	'completed',	NULL,	'2025-08-02 05:50:54.513',	'2025-08-02 05:50:54.513'),
(541,	'ORD-2024-641',	17,	'Address 641, City 60',	'Shopee',	'2024-06-13 10:34:00.000000',	'completed',	NULL,	'2025-08-02 05:50:54.520',	'2025-08-02 05:50:54.520'),
(542,	'ORD-2024-642',	7,	'Address 642, City 46',	'Website',	'2024-06-13 05:04:00.000000',	'completed',	NULL,	'2025-08-02 05:50:54.528',	'2025-08-02 05:50:54.528'),
(543,	'ORD-2024-643',	27,	'Address 643, City 12',	'Shopee',	'2024-06-14 03:27:00.000000',	'completed',	NULL,	'2025-08-02 05:50:54.537',	'2025-08-02 05:50:54.537'),
(544,	'ORD-2024-644',	32,	'Address 644, City 57',	'Lazada',	'2024-06-14 10:47:00.000000',	'completed',	NULL,	'2025-08-02 05:50:54.545',	'2025-08-02 05:50:54.545'),
(545,	'ORD-2024-645',	28,	'Address 645, City 63',	'Shopee',	'2024-06-14 10:56:00.000000',	'completed',	NULL,	'2025-08-02 05:50:54.554',	'2025-08-02 05:50:54.554'),
(546,	'ORD-2024-646',	46,	'Address 646, City 20',	'Shopee',	'2024-06-14 01:10:00.000000',	'completed',	NULL,	'2025-08-02 05:50:54.564',	'2025-08-02 05:50:54.564'),
(547,	'ORD-2024-647',	17,	'Address 647, City 34',	'Shopee',	'2024-06-15 04:34:00.000000',	'completed',	NULL,	'2025-08-02 05:50:54.573',	'2025-08-02 05:50:54.573'),
(548,	'ORD-2024-648',	50,	'Address 648, City 27',	'Lazada',	'2024-06-15 08:15:00.000000',	'completed',	NULL,	'2025-08-02 05:50:54.581',	'2025-08-02 05:50:54.581'),
(549,	'ORD-2024-649',	19,	'Address 649, City 33',	'Lazada',	'2024-06-15 06:31:00.000000',	'completed',	NULL,	'2025-08-02 05:50:54.591',	'2025-08-02 05:50:54.591'),
(550,	'ORD-2024-650',	19,	'Address 650, City 42',	'Website',	'2024-06-15 03:47:00.000000',	'completed',	NULL,	'2025-08-02 05:50:54.599',	'2025-08-02 05:50:54.599'),
(551,	'ORD-2024-651',	27,	'Address 651, City 42',	'Lazada',	'2024-06-16 04:49:00.000000',	'completed',	NULL,	'2025-08-02 05:50:54.607',	'2025-08-02 05:50:54.607'),
(552,	'ORD-2024-652',	14,	'Address 652, City 7',	'Lazada',	'2024-06-16 10:28:00.000000',	'completed',	NULL,	'2025-08-02 05:50:54.614',	'2025-08-02 05:50:54.614'),
(553,	'ORD-2024-653',	33,	'Address 653, City 57',	'Lazada',	'2024-06-16 06:44:00.000000',	'completed',	NULL,	'2025-08-02 05:50:54.622',	'2025-08-02 05:50:54.622'),
(554,	'ORD-2024-654',	24,	'Address 654, City 41',	'Lazada',	'2024-06-16 05:54:00.000000',	'completed',	NULL,	'2025-08-02 05:50:54.630',	'2025-08-02 05:50:54.630'),
(555,	'ORD-2024-655',	29,	'Address 655, City 25',	'Website',	'2024-06-17 08:15:00.000000',	'completed',	NULL,	'2025-08-02 05:50:54.638',	'2025-08-02 05:50:54.638'),
(556,	'ORD-2024-656',	13,	'Address 656, City 21',	'Website',	'2024-06-17 10:11:00.000000',	'completed',	NULL,	'2025-08-02 05:50:54.646',	'2025-08-02 05:50:54.646'),
(557,	'ORD-2024-657',	38,	'Address 657, City 60',	'Shopee',	'2024-06-17 10:28:00.000000',	'completed',	NULL,	'2025-08-02 05:50:54.654',	'2025-08-02 05:50:54.654'),
(558,	'ORD-2024-658',	35,	'Address 658, City 62',	'Shopee',	'2024-06-17 05:50:00.000000',	'completed',	NULL,	'2025-08-02 05:50:54.663',	'2025-08-02 05:50:54.663'),
(559,	'ORD-2024-659',	27,	'Address 659, City 16',	'Lazada',	'2024-06-18 06:22:00.000000',	'completed',	NULL,	'2025-08-02 05:50:54.673',	'2025-08-02 05:50:54.673'),
(560,	'ORD-2024-660',	44,	'Address 660, City 8',	'Website',	'2024-06-18 01:41:00.000000',	'completed',	NULL,	'2025-08-02 05:50:54.680',	'2025-08-02 05:50:54.680'),
(561,	'ORD-2024-661',	44,	'Address 661, City 43',	'Lazada',	'2024-06-18 11:22:00.000000',	'completed',	NULL,	'2025-08-02 05:50:54.690',	'2025-08-02 05:50:54.690'),
(562,	'ORD-2024-662',	33,	'Address 662, City 48',	'Website',	'2024-06-18 11:57:00.000000',	'completed',	NULL,	'2025-08-02 05:50:54.700',	'2025-08-02 05:50:54.700'),
(563,	'ORD-2024-663',	31,	'Address 663, City 3',	'Shopee',	'2024-06-19 09:00:00.000000',	'completed',	NULL,	'2025-08-02 05:50:54.710',	'2025-08-02 05:50:54.710'),
(564,	'ORD-2024-664',	12,	'Address 664, City 7',	'Website',	'2024-06-19 10:42:00.000000',	'completed',	NULL,	'2025-08-02 05:50:54.719',	'2025-08-02 05:50:54.719'),
(565,	'ORD-2024-665',	45,	'Address 665, City 8',	'Website',	'2024-06-19 08:34:00.000000',	'completed',	NULL,	'2025-08-02 05:50:54.727',	'2025-08-02 05:50:54.727'),
(566,	'ORD-2024-666',	49,	'Address 666, City 60',	'Shopee',	'2024-06-19 03:07:00.000000',	'completed',	NULL,	'2025-08-02 05:50:54.735',	'2025-08-02 05:50:54.735'),
(567,	'ORD-2024-667',	35,	'Address 667, City 42',	'Shopee',	'2024-06-20 08:44:00.000000',	'completed',	NULL,	'2025-08-02 05:50:54.743',	'2025-08-02 05:50:54.743'),
(568,	'ORD-2024-668',	44,	'Address 668, City 43',	'Lazada',	'2024-06-20 11:28:00.000000',	'completed',	NULL,	'2025-08-02 05:50:54.750',	'2025-08-02 05:50:54.750'),
(569,	'ORD-2024-669',	29,	'Address 669, City 30',	'Website',	'2024-06-20 05:59:00.000000',	'completed',	NULL,	'2025-08-02 05:50:54.759',	'2025-08-02 05:50:54.759'),
(570,	'ORD-2024-670',	35,	'Address 670, City 29',	'Website',	'2024-06-20 02:44:00.000000',	'completed',	NULL,	'2025-08-02 05:50:54.767',	'2025-08-02 05:50:54.767'),
(571,	'ORD-2024-671',	22,	'Address 671, City 49',	'Lazada',	'2024-06-21 02:46:00.000000',	'completed',	NULL,	'2025-08-02 05:50:54.774',	'2025-08-02 05:50:54.774'),
(572,	'ORD-2024-672',	39,	'Address 672, City 24',	'Website',	'2024-06-21 09:10:00.000000',	'completed',	NULL,	'2025-08-02 05:50:54.782',	'2025-08-02 05:50:54.782'),
(573,	'ORD-2024-673',	41,	'Address 673, City 21',	'Lazada',	'2024-06-21 09:00:00.000000',	'completed',	NULL,	'2025-08-02 05:50:54.791',	'2025-08-02 05:50:54.791'),
(574,	'ORD-2024-674',	33,	'Address 674, City 11',	'Website',	'2024-06-21 04:50:00.000000',	'completed',	NULL,	'2025-08-02 05:50:54.799',	'2025-08-02 05:50:54.799'),
(575,	'ORD-2024-675',	18,	'Address 675, City 22',	'Lazada',	'2024-06-22 11:07:00.000000',	'completed',	NULL,	'2025-08-02 05:50:54.807',	'2025-08-02 05:50:54.807'),
(576,	'ORD-2024-676',	30,	'Address 676, City 10',	'Lazada',	'2024-06-22 06:45:00.000000',	'completed',	NULL,	'2025-08-02 05:50:54.815',	'2025-08-02 05:50:54.815'),
(577,	'ORD-2024-677',	14,	'Address 677, City 26',	'Lazada',	'2024-06-22 06:10:00.000000',	'completed',	NULL,	'2025-08-02 05:50:54.824',	'2025-08-02 05:50:54.824'),
(578,	'ORD-2024-678',	43,	'Address 678, City 49',	'Lazada',	'2024-06-22 01:21:00.000000',	'completed',	NULL,	'2025-08-02 05:50:54.833',	'2025-08-02 05:50:54.833'),
(579,	'ORD-2024-679',	20,	'Address 679, City 31',	'Website',	'2024-06-23 09:28:00.000000',	'completed',	NULL,	'2025-08-02 05:50:54.841',	'2025-08-02 05:50:54.841'),
(580,	'ORD-2024-680',	21,	'Address 680, City 48',	'Lazada',	'2024-06-23 03:26:00.000000',	'completed',	NULL,	'2025-08-02 05:50:54.849',	'2025-08-02 05:50:54.849'),
(581,	'ORD-2024-681',	50,	'Address 681, City 28',	'Lazada',	'2024-06-23 01:36:00.000000',	'completed',	NULL,	'2025-08-02 05:50:54.857',	'2025-08-02 05:50:54.857'),
(582,	'ORD-2024-682',	34,	'Address 682, City 18',	'Website',	'2024-06-23 06:57:00.000000',	'completed',	NULL,	'2025-08-02 05:50:54.866',	'2025-08-02 05:50:54.866'),
(583,	'ORD-2024-683',	41,	'Address 683, City 25',	'Lazada',	'2024-06-24 04:07:00.000000',	'completed',	NULL,	'2025-08-02 05:50:54.875',	'2025-08-02 05:50:54.875'),
(584,	'ORD-2024-684',	35,	'Address 684, City 62',	'Lazada',	'2024-06-24 04:31:00.000000',	'completed',	NULL,	'2025-08-02 05:50:54.883',	'2025-08-02 05:50:54.883'),
(585,	'ORD-2024-685',	17,	'Address 685, City 35',	'Lazada',	'2024-06-24 06:27:00.000000',	'completed',	NULL,	'2025-08-02 05:50:54.892',	'2025-08-02 05:50:54.892'),
(586,	'ORD-2024-686',	7,	'Address 686, City 36',	'Shopee',	'2024-06-24 05:58:00.000000',	'completed',	NULL,	'2025-08-02 05:50:54.900',	'2025-08-02 05:50:54.900'),
(587,	'ORD-2024-687',	18,	'Address 687, City 30',	'Lazada',	'2024-06-25 09:04:00.000000',	'completed',	NULL,	'2025-08-02 05:50:54.913',	'2025-08-02 05:50:54.913'),
(588,	'ORD-2024-688',	26,	'Address 688, City 55',	'Lazada',	'2024-06-25 05:47:00.000000',	'completed',	NULL,	'2025-08-02 05:50:54.922',	'2025-08-02 05:50:54.922'),
(589,	'ORD-2024-689',	13,	'Address 689, City 42',	'Website',	'2024-06-25 05:08:00.000000',	'completed',	NULL,	'2025-08-02 05:50:54.930',	'2025-08-02 05:50:54.930'),
(590,	'ORD-2024-690',	10,	'Address 690, City 25',	'Lazada',	'2024-06-25 11:43:00.000000',	'completed',	NULL,	'2025-08-02 05:50:54.938',	'2025-08-02 05:50:54.938'),
(591,	'ORD-2024-691',	20,	'Address 691, City 56',	'Lazada',	'2024-06-25 04:17:00.000000',	'completed',	NULL,	'2025-08-02 05:50:54.948',	'2025-08-02 05:50:54.948'),
(592,	'ORD-2024-692',	8,	'Address 692, City 57',	'Lazada',	'2024-06-25 05:40:00.000000',	'completed',	NULL,	'2025-08-02 05:50:54.957',	'2025-08-02 05:50:54.957'),
(593,	'ORD-2024-693',	21,	'Address 693, City 56',	'Website',	'2024-06-25 05:29:00.000000',	'completed',	NULL,	'2025-08-02 05:50:54.965',	'2025-08-02 05:50:54.965'),
(594,	'ORD-2024-694',	28,	'Address 694, City 33',	'Lazada',	'2024-06-25 04:48:00.000000',	'completed',	NULL,	'2025-08-02 05:50:54.976',	'2025-08-02 05:50:54.976'),
(595,	'ORD-2024-695',	47,	'Address 695, City 13',	'Website',	'2024-06-26 06:17:00.000000',	'completed',	NULL,	'2025-08-02 05:50:54.985',	'2025-08-02 05:50:54.985'),
(596,	'ORD-2024-696',	14,	'Address 696, City 3',	'Shopee',	'2024-06-26 02:26:00.000000',	'completed',	NULL,	'2025-08-02 05:50:54.993',	'2025-08-02 05:50:54.993'),
(597,	'ORD-2024-697',	31,	'Address 697, City 21',	'Website',	'2024-06-26 09:33:00.000000',	'completed',	NULL,	'2025-08-02 05:50:55.002',	'2025-08-02 05:50:55.002'),
(598,	'ORD-2024-698',	16,	'Address 698, City 41',	'Website',	'2024-06-26 08:57:00.000000',	'completed',	NULL,	'2025-08-02 05:50:55.010',	'2025-08-02 05:50:55.010'),
(599,	'ORD-2024-699',	10,	'Address 699, City 11',	'Website',	'2024-06-26 04:37:00.000000',	'completed',	NULL,	'2025-08-02 05:50:55.018',	'2025-08-02 05:50:55.018'),
(600,	'ORD-2024-700',	16,	'Address 700, City 49',	'Lazada',	'2024-06-26 07:21:00.000000',	'completed',	NULL,	'2025-08-02 05:50:55.026',	'2025-08-02 05:50:55.026'),
(601,	'ORD-2024-701',	41,	'Address 701, City 3',	'Shopee',	'2024-06-26 10:14:00.000000',	'completed',	NULL,	'2025-08-02 05:50:55.033',	'2025-08-02 05:50:55.033'),
(602,	'ORD-2024-702',	41,	'Address 702, City 62',	'Shopee',	'2024-06-26 11:40:00.000000',	'completed',	NULL,	'2025-08-02 05:50:55.040',	'2025-08-02 05:50:55.040'),
(603,	'ORD-2024-703',	50,	'Address 703, City 29',	'Lazada',	'2024-06-27 01:49:00.000000',	'completed',	NULL,	'2025-08-02 05:50:55.049',	'2025-08-02 05:50:55.049'),
(604,	'ORD-2024-704',	4,	'Address 704, City 19',	'Shopee',	'2024-06-27 06:41:00.000000',	'completed',	NULL,	'2025-08-02 05:50:55.057',	'2025-08-02 05:50:55.057'),
(605,	'ORD-2024-705',	2,	'Address 705, City 16',	'Website',	'2024-06-27 02:14:00.000000',	'completed',	NULL,	'2025-08-02 05:50:55.064',	'2025-08-02 05:50:55.064'),
(606,	'ORD-2024-706',	41,	'Address 706, City 4',	'Lazada',	'2024-06-27 02:10:00.000000',	'completed',	NULL,	'2025-08-02 05:50:55.072',	'2025-08-02 05:50:55.072'),
(607,	'ORD-2024-707',	38,	'Address 707, City 16',	'Lazada',	'2024-06-27 09:44:00.000000',	'completed',	NULL,	'2025-08-02 05:50:55.080',	'2025-08-02 05:50:55.080'),
(608,	'ORD-2024-708',	16,	'Address 708, City 2',	'Lazada',	'2024-06-27 11:39:00.000000',	'completed',	NULL,	'2025-08-02 05:50:55.088',	'2025-08-02 05:50:55.088'),
(609,	'ORD-2024-709',	35,	'Address 709, City 54',	'Lazada',	'2024-06-27 04:57:00.000000',	'completed',	NULL,	'2025-08-02 05:50:55.095',	'2025-08-02 05:50:55.095'),
(610,	'ORD-2024-710',	19,	'Address 710, City 52',	'Shopee',	'2024-06-27 05:05:00.000000',	'completed',	NULL,	'2025-08-02 05:50:55.104',	'2025-08-02 05:50:55.104'),
(611,	'ORD-2024-711',	21,	'Address 711, City 25',	'Shopee',	'2024-06-28 06:35:00.000000',	'completed',	NULL,	'2025-08-02 05:50:55.112',	'2025-08-02 05:50:55.112'),
(612,	'ORD-2024-712',	45,	'Address 712, City 11',	'Website',	'2024-06-28 04:24:00.000000',	'completed',	NULL,	'2025-08-02 05:50:55.119',	'2025-08-02 05:50:55.119'),
(613,	'ORD-2024-713',	41,	'Address 713, City 17',	'Shopee',	'2024-06-28 04:43:00.000000',	'completed',	NULL,	'2025-08-02 05:50:55.126',	'2025-08-02 05:50:55.126'),
(614,	'ORD-2024-714',	5,	'Address 714, City 35',	'Lazada',	'2024-06-28 01:20:00.000000',	'completed',	NULL,	'2025-08-02 05:50:55.133',	'2025-08-02 05:50:55.133'),
(615,	'ORD-2024-715',	5,	'Address 715, City 42',	'Website',	'2024-06-28 10:24:00.000000',	'completed',	NULL,	'2025-08-02 05:50:55.141',	'2025-08-02 05:50:55.141'),
(616,	'ORD-2024-716',	8,	'Address 716, City 41',	'Website',	'2024-06-28 03:03:00.000000',	'completed',	NULL,	'2025-08-02 05:50:55.149',	'2025-08-02 05:50:55.149'),
(617,	'ORD-2024-717',	13,	'Address 717, City 33',	'Website',	'2024-06-28 05:02:00.000000',	'completed',	NULL,	'2025-08-02 05:50:55.157',	'2025-08-02 05:50:55.157'),
(618,	'ORD-2024-718',	25,	'Address 718, City 59',	'Website',	'2024-06-28 10:52:00.000000',	'completed',	NULL,	'2025-08-02 05:50:55.163',	'2025-08-02 05:50:55.163'),
(619,	'ORD-2024-719',	49,	'Address 719, City 55',	'Website',	'2024-06-29 01:17:00.000000',	'completed',	NULL,	'2025-08-02 05:50:55.171',	'2025-08-02 05:50:55.171'),
(620,	'ORD-2024-720',	9,	'Address 720, City 61',	'Lazada',	'2024-06-29 03:29:00.000000',	'completed',	NULL,	'2025-08-02 05:50:55.180',	'2025-08-02 05:50:55.180'),
(621,	'ORD-2024-721',	10,	'Address 721, City 35',	'Website',	'2024-06-29 07:11:00.000000',	'completed',	NULL,	'2025-08-02 05:50:55.189',	'2025-08-02 05:50:55.189'),
(622,	'ORD-2024-722',	50,	'Address 722, City 48',	'Lazada',	'2024-06-29 10:41:00.000000',	'completed',	NULL,	'2025-08-02 05:50:55.198',	'2025-08-02 05:50:55.198'),
(623,	'ORD-2024-723',	3,	'Address 723, City 21',	'Lazada',	'2024-06-29 04:15:00.000000',	'completed',	NULL,	'2025-08-02 05:50:55.206',	'2025-08-02 05:50:55.206'),
(624,	'ORD-2024-724',	4,	'Address 724, City 41',	'Lazada',	'2024-06-29 01:20:00.000000',	'completed',	NULL,	'2025-08-02 05:50:55.214',	'2025-08-02 05:50:55.214'),
(625,	'ORD-2024-725',	25,	'Address 725, City 38',	'Lazada',	'2024-06-29 04:46:00.000000',	'completed',	NULL,	'2025-08-02 05:50:55.222',	'2025-08-02 05:50:55.222'),
(626,	'ORD-2024-726',	3,	'Address 726, City 17',	'Website',	'2024-06-29 07:57:00.000000',	'completed',	NULL,	'2025-08-02 05:50:55.231',	'2025-08-02 05:50:55.231'),
(627,	'ORD-2024-727',	47,	'Address 727, City 4',	'Website',	'2024-06-30 06:42:00.000000',	'completed',	NULL,	'2025-08-02 05:50:55.242',	'2025-08-02 05:50:55.242'),
(628,	'ORD-2024-728',	14,	'Address 728, City 18',	'Shopee',	'2024-06-30 09:20:00.000000',	'completed',	NULL,	'2025-08-02 05:50:55.250',	'2025-08-02 05:50:55.250'),
(629,	'ORD-2024-729',	48,	'Address 729, City 27',	'Shopee',	'2024-06-30 07:49:00.000000',	'completed',	NULL,	'2025-08-02 05:50:55.258',	'2025-08-02 05:50:55.258'),
(630,	'ORD-2024-730',	40,	'Address 730, City 7',	'Website',	'2024-06-30 07:05:00.000000',	'completed',	NULL,	'2025-08-02 05:50:55.266',	'2025-08-02 05:50:55.266'),
(631,	'ORD-2024-731',	40,	'Address 731, City 33',	'Lazada',	'2024-06-30 06:44:00.000000',	'completed',	NULL,	'2025-08-02 05:50:55.274',	'2025-08-02 05:50:55.274'),
(632,	'ORD-2024-732',	49,	'Address 732, City 47',	'Lazada',	'2024-06-30 02:33:00.000000',	'completed',	NULL,	'2025-08-02 05:50:55.281',	'2025-08-02 05:50:55.281'),
(633,	'ORD-2024-733',	10,	'Address 733, City 3',	'Shopee',	'2024-06-30 03:31:00.000000',	'completed',	NULL,	'2025-08-02 05:50:55.289',	'2025-08-02 05:50:55.289'),
(634,	'ORD-2024-734',	5,	'Address 734, City 43',	'Website',	'2024-06-30 04:37:00.000000',	'completed',	NULL,	'2025-08-02 05:50:55.298',	'2025-08-02 05:50:55.298');

DROP TABLE IF EXISTS `refund_analysis`;
CREATE TABLE `refund_analysis` (
  `analysis_date` date NOT NULL,
  `data_range` enum('1_day_ago','7_days_ago','1_month_ago','3_months_ago','6_months_ago','1_year_ago','all_time') NOT NULL,
  `sort_type` enum('refund_count','refund_rate','refund_quantity','refund_reason') NOT NULL,
  `sku` varchar(100) NOT NULL,
  `item_name` varchar(200) DEFAULT NULL,
  `total_orders` int DEFAULT '0',
  `refund_orders` int DEFAULT '0',
  `refund_rate` decimal(5,2) DEFAULT '0.00',
  `refund_reason` varchar(200) DEFAULT NULL,
  `refund_quantity` int DEFAULT '0',
  `items_affected` int DEFAULT '0',
  `rank_position` int DEFAULT '0',
  `created_at` datetime DEFAULT CURRENT_TIMESTAMP,
  `updated_at` datetime DEFAULT CURRENT_TIMESTAMP ON UPDATE CURRENT_TIMESTAMP,
  PRIMARY KEY (`analysis_date`,`data_range`,`sort_type`,`sku`)
) ENGINE=InnoDB DEFAULT CHARSET=utf8mb4 COLLATE=utf8mb4_0900_ai_ci;

INSERT INTO `refund_analysis` (`analysis_date`, `data_range`, `sort_type`, `sku`, `item_name`, `total_orders`, `refund_orders`, `refund_rate`, `refund_reason`, `refund_quantity`, `items_affected`, `rank_position`, `created_at`, `updated_at`) VALUES
('2024-06-30',	'6_months_ago',	'refund_count',	'ADIDAS-SHORTS',	'Adidas Training Shorts',	73,	1,	1.37,	'Không xác định',	2,	0,	7,	'2025-08-03 17:49:44',	'2025-08-03 17:49:44'),
('2024-06-30',	'6_months_ago',	'refund_count',	'APPLE-WATCH',	'Apple Watch Series 9 41mm',	56,	1,	1.79,	'Không xác định',	3,	0,	10,	'2025-08-03 17:49:44',	'2025-08-03 17:49:44'),
('2024-06-30',	'6_months_ago',	'refund_count',	'IPHONE-15-256',	'iPhone 15 256GB',	73,	2,	2.74,	'Không xác định',	6,	0,	1,	'2025-08-03 17:49:44',	'2025-08-03 17:49:44'),
('2024-06-30',	'6_months_ago',	'refund_count',	'NIKE-AIRMAX',	'Nike Air Max 270',	70,	1,	1.43,	'Không xác định',	2,	0,	3,	'2025-08-03 17:49:44',	'2025-08-03 17:49:44'),
('2024-06-30',	'6_months_ago',	'refund_count',	'NIKE-BALL',	'Nike Basketball',	60,	1,	1.67,	'Không xác định',	2,	0,	4,	'2025-08-03 17:49:44',	'2025-08-03 17:49:44'),
('2024-06-30',	'6_months_ago',	'refund_count',	'NIKE-BOTTLE',	'Nike Water Bottle 32oz',	63,	1,	1.59,	'Không xác định',	2,	0,	8,	'2025-08-03 17:49:44',	'2025-08-03 17:49:44'),
('2024-06-30',	'6_months_ago',	'refund_count',	'NIKE-GLOVES',	'Nike Training Gloves',	54,	1,	1.85,	'Không xác định',	2,	0,	5,	'2025-08-03 17:49:44',	'2025-08-03 17:49:44'),
('2024-06-30',	'6_months_ago',	'refund_count',	'NIKE-HOODIE',	'Nike Sportswear Hoodie',	59,	1,	1.69,	'Không xác định',	3,	0,	9,	'2025-08-03 17:49:44',	'2025-08-03 17:49:44'),
('2024-06-30',	'6_months_ago',	'refund_count',	'NIKE-LEGGINGS',	'Nike Pro Leggings',	55,	1,	1.82,	'Không xác định',	3,	0,	2,	'2025-08-03 17:49:44',	'2025-08-03 17:49:44'),
('2024-06-30',	'6_months_ago',	'refund_count',	'SAMSUNG-WATCH',	'Samsung Galaxy Watch 6 40mm',	62,	1,	1.61,	'Không xác định',	2,	0,	6,	'2025-08-03 17:49:44',	'2025-08-03 17:49:44'),
('2024-06-30',	'6_months_ago',	'refund_rate',	'ADIDAS-BAG',	'Adidas Gym Bag',	42,	1,	2.38,	'Không xác định',	1,	0,	2,	'2025-08-03 17:49:44',	'2025-08-03 17:49:44'),
('2024-06-30',	'6_months_ago',	'refund_rate',	'ADIDAS-TRACK',	'Adidas Track Jacket',	59,	1,	1.69,	'Không xác định',	2,	0,	7,	'2025-08-03 17:49:44',	'2025-08-03 17:49:44'),
('2024-06-30',	'6_months_ago',	'refund_rate',	'APPLE-WATCH',	'Apple Watch Series 9 41mm',	56,	1,	1.79,	'Không xác định',	3,	0,	5,	'2025-08-03 17:49:44',	'2025-08-03 17:49:44'),
('2024-06-30',	'6_months_ago',	'refund_rate',	'IPHONE-15-256',	'iPhone 15 256GB',	73,	2,	2.74,	'Không xác định',	6,	0,	1,	'2025-08-03 17:49:44',	'2025-08-03 17:49:44'),
('2024-06-30',	'6_months_ago',	'refund_rate',	'NIKE-BALL',	'Nike Basketball',	60,	1,	1.67,	'Không xác định',	2,	0,	8,	'2025-08-03 17:49:44',	'2025-08-03 17:49:44'),
('2024-06-30',	'6_months_ago',	'refund_rate',	'NIKE-BOTTLE',	'Nike Water Bottle 32oz',	63,	1,	1.59,	'Không xác định',	2,	0,	10,	'2025-08-03 17:49:44',	'2025-08-03 17:49:44'),
('2024-06-30',	'6_months_ago',	'refund_rate',	'NIKE-GLOVES',	'Nike Training Gloves',	54,	1,	1.85,	'Không xác định',	2,	0,	3,	'2025-08-03 17:49:44',	'2025-08-03 17:49:44'),
('2024-06-30',	'6_months_ago',	'refund_rate',	'NIKE-HOODIE',	'Nike Sportswear Hoodie',	59,	1,	1.69,	'Không xác định',	3,	0,	6,	'2025-08-03 17:49:44',	'2025-08-03 17:49:44'),
('2024-06-30',	'6_months_ago',	'refund_rate',	'NIKE-LEGGINGS',	'Nike Pro Leggings',	55,	1,	1.82,	'Không xác định',	3,	0,	4,	'2025-08-03 17:49:44',	'2025-08-03 17:49:44'),
('2024-06-30',	'6_months_ago',	'refund_rate',	'SAMSUNG-WATCH',	'Samsung Galaxy Watch 6 40mm',	62,	1,	1.61,	'Không xác định',	2,	0,	9,	'2025-08-03 17:49:44',	'2025-08-03 17:49:44'),
('2024-06-30',	'6_months_ago',	'refund_quantity',	'ADIDAS-SHORTS',	'Adidas Training Shorts',	73,	1,	1.37,	'Không xác định',	2,	0,	10,	'2025-08-03 17:49:44',	'2025-08-03 17:49:44'),
('2024-06-30',	'6_months_ago',	'refund_quantity',	'ADIDAS-ULTRABOOST',	'Adidas Ultraboost 22',	69,	1,	1.45,	'Không xác định',	3,	0,	5,	'2025-08-03 17:49:44',	'2025-08-03 17:49:44'),
('2024-06-30',	'6_months_ago',	'refund_quantity',	'APPLE-WATCH',	'Apple Watch Series 9 41mm',	56,	1,	1.79,	'Không xác định',	3,	0,	4,	'2025-08-03 17:49:44',	'2025-08-03 17:49:44'),
('2024-06-30',	'6_months_ago',	'refund_quantity',	'IPHONE-15-256',	'iPhone 15 256GB',	73,	2,	2.74,	'Không xác định',	6,	0,	1,	'2025-08-03 17:49:44',	'2025-08-03 17:49:44'),
('2024-06-30',	'6_months_ago',	'refund_quantity',	'NIKE-AIRMAX',	'Nike Air Max 270',	70,	1,	1.43,	'Không xác định',	2,	0,	6,	'2025-08-03 17:49:44',	'2025-08-03 17:49:44'),
('2024-06-30',	'6_months_ago',	'refund_quantity',	'NIKE-BALL',	'Nike Basketball',	60,	1,	1.67,	'Không xác định',	2,	0,	7,	'2025-08-03 17:49:44',	'2025-08-03 17:49:44'),
('2024-06-30',	'6_months_ago',	'refund_quantity',	'NIKE-GLOVES',	'Nike Training Gloves',	54,	1,	1.85,	'Không xác định',	2,	0,	8,	'2025-08-03 17:49:44',	'2025-08-03 17:49:44'),
('2024-06-30',	'6_months_ago',	'refund_quantity',	'NIKE-HOODIE',	'Nike Sportswear Hoodie',	59,	1,	1.69,	'Không xác định',	3,	0,	3,	'2025-08-03 17:49:44',	'2025-08-03 17:49:44'),
('2024-06-30',	'6_months_ago',	'refund_quantity',	'NIKE-LEGGINGS',	'Nike Pro Leggings',	55,	1,	1.82,	'Không xác định',	3,	0,	2,	'2025-08-03 17:49:44',	'2025-08-03 17:49:44'),
('2024-06-30',	'6_months_ago',	'refund_quantity',	'SAMSUNG-WATCH',	'Samsung Galaxy Watch 6 40mm',	62,	1,	1.61,	'Không xác định',	2,	0,	9,	'2025-08-03 17:49:44',	'2025-08-03 17:49:44'),
('2024-06-30',	'6_months_ago',	'refund_reason',	'',	'',	795,	14,	1.76,	'Không xác định',	33,	13,	1,	'2025-08-03 17:49:44',	'2025-08-03 17:49:44'),
('2024-06-30',	'1_year_ago',	'refund_count',	'ADIDAS-BALL',	'Adidas Soccer Ball',	36,	1,	2.78,	'Không xác định',	1,	0,	3,	'2025-08-03 17:49:46',	'2025-08-03 17:49:46'),
('2024-06-30',	'1_year_ago',	'refund_count',	'ADIDAS-SHORTS',	'Adidas Training Shorts',	73,	1,	1.37,	'Không xác định',	2,	0,	8,	'2025-08-03 17:49:46',	'2025-08-03 17:49:46'),
('2024-06-30',	'1_year_ago',	'refund_count',	'IPHONE-15-256',	'iPhone 15 256GB',	73,	2,	2.74,	'Không xác định',	6,	0,	2,	'2025-08-03 17:49:46',	'2025-08-03 17:49:46'),
('2024-06-30',	'1_year_ago',	'refund_count',	'NIKE-AIRMAX',	'Nike Air Max 270',	70,	1,	1.43,	'Không xác định',	2,	0,	5,	'2025-08-03 17:49:46',	'2025-08-03 17:49:46'),
('2024-06-30',	'1_year_ago',	'refund_count',	'NIKE-BALL',	'Nike Basketball',	60,	1,	1.67,	'Không xác định',	2,	0,	6,	'2025-08-03 17:49:46',	'2025-08-03 17:49:46'),
('2024-06-30',	'1_year_ago',	'refund_count',	'NIKE-BOTTLE',	'Nike Water Bottle 32oz',	63,	1,	1.59,	'Không xác định',	2,	0,	9,	'2025-08-03 17:49:46',	'2025-08-03 17:49:46'),
('2024-06-30',	'1_year_ago',	'refund_count',	'NIKE-GLOVES',	'Nike Training Gloves',	54,	1,	1.85,	'Không xác định',	2,	0,	7,	'2025-08-03 17:49:46',	'2025-08-03 17:49:46'),
('2024-06-30',	'1_year_ago',	'refund_count',	'NIKE-HOODIE',	'Nike Sportswear Hoodie',	59,	1,	1.69,	'Không xác định',	3,	0,	10,	'2025-08-03 17:49:46',	'2025-08-03 17:49:46'),
('2024-06-30',	'1_year_ago',	'refund_count',	'NIKE-LEGGINGS',	'Nike Pro Leggings',	55,	1,	1.82,	'Không xác định',	3,	0,	4,	'2025-08-03 17:49:46',	'2025-08-03 17:49:46'),
('2024-06-30',	'1_year_ago',	'refund_count',	'SAMSUNG-WATCH',	'Samsung Galaxy Watch 6 40mm',	62,	3,	4.84,	'Không xác định',	6,	0,	1,	'2025-08-03 17:49:46',	'2025-08-03 17:49:46'),
('2024-06-30',	'1_year_ago',	'refund_rate',	'ADIDAS-BAG',	'Adidas Gym Bag',	42,	1,	2.38,	'Không xác định',	1,	0,	4,	'2025-08-03 17:49:46',	'2025-08-03 17:49:46'),
('2024-06-30',	'1_year_ago',	'refund_rate',	'ADIDAS-BALL',	'Adidas Soccer Ball',	36,	1,	2.78,	'Không xác định',	1,	0,	2,	'2025-08-03 17:49:46',	'2025-08-03 17:49:46'),
('2024-06-30',	'1_year_ago',	'refund_rate',	'ADIDAS-TRACK',	'Adidas Track Jacket',	59,	1,	1.69,	'Không xác định',	2,	0,	9,	'2025-08-03 17:49:46',	'2025-08-03 17:49:46'),
('2024-06-30',	'1_year_ago',	'refund_rate',	'APPLE-WATCH',	'Apple Watch Series 9 41mm',	56,	1,	1.79,	'Không xác định',	3,	0,	7,	'2025-08-03 17:49:46',	'2025-08-03 17:49:46'),
('2024-06-30',	'1_year_ago',	'refund_rate',	'IPHONE-15-256',	'iPhone 15 256GB',	73,	2,	2.74,	'Không xác định',	6,	0,	3,	'2025-08-03 17:49:46',	'2025-08-03 17:49:46'),
('2024-06-30',	'1_year_ago',	'refund_rate',	'NIKE-BALL',	'Nike Basketball',	60,	1,	1.67,	'Không xác định',	2,	0,	10,	'2025-08-03 17:49:46',	'2025-08-03 17:49:46'),
('2024-06-30',	'1_year_ago',	'refund_rate',	'NIKE-GLOVES',	'Nike Training Gloves',	54,	1,	1.85,	'Không xác định',	2,	0,	5,	'2025-08-03 17:49:46',	'2025-08-03 17:49:46'),
('2024-06-30',	'1_year_ago',	'refund_rate',	'NIKE-HOODIE',	'Nike Sportswear Hoodie',	59,	1,	1.69,	'Không xác định',	3,	0,	8,	'2025-08-03 17:49:46',	'2025-08-03 17:49:46'),
('2024-06-30',	'1_year_ago',	'refund_rate',	'NIKE-LEGGINGS',	'Nike Pro Leggings',	55,	1,	1.82,	'Không xác định',	3,	0,	6,	'2025-08-03 17:49:46',	'2025-08-03 17:49:46'),
('2024-06-30',	'1_year_ago',	'refund_rate',	'SAMSUNG-WATCH',	'Samsung Galaxy Watch 6 40mm',	62,	3,	4.84,	'Không xác định',	6,	0,	1,	'2025-08-03 17:49:46',	'2025-08-03 17:49:46'),
('2024-06-30',	'1_year_ago',	'refund_quantity',	'ADIDAS-SHORTS',	'Adidas Training Shorts',	73,	1,	1.37,	'Không xác định',	2,	0,	10,	'2025-08-03 17:49:46',	'2025-08-03 17:49:46'),
('2024-06-30',	'1_year_ago',	'refund_quantity',	'ADIDAS-ULTRABOOST',	'Adidas Ultraboost 22',	69,	1,	1.45,	'Không xác định',	3,	0,	6,	'2025-08-03 17:49:46',	'2025-08-03 17:49:46'),
('2024-06-30',	'1_year_ago',	'refund_quantity',	'APPLE-WATCH',	'Apple Watch Series 9 41mm',	56,	1,	1.79,	'Không xác định',	3,	0,	5,	'2025-08-03 17:49:46',	'2025-08-03 17:49:46'),
('2024-06-30',	'1_year_ago',	'refund_quantity',	'IPHONE-15-256',	'iPhone 15 256GB',	73,	2,	2.74,	'Không xác định',	6,	0,	2,	'2025-08-03 17:49:46',	'2025-08-03 17:49:46'),
('2024-06-30',	'1_year_ago',	'refund_quantity',	'NIKE-AIRMAX',	'Nike Air Max 270',	70,	1,	1.43,	'Không xác định',	2,	0,	7,	'2025-08-03 17:49:46',	'2025-08-03 17:49:46'),
('2024-06-30',	'1_year_ago',	'refund_quantity',	'NIKE-BALL',	'Nike Basketball',	60,	1,	1.67,	'Không xác định',	2,	0,	8,	'2025-08-03 17:49:46',	'2025-08-03 17:49:46'),
('2024-06-30',	'1_year_ago',	'refund_quantity',	'NIKE-GLOVES',	'Nike Training Gloves',	54,	1,	1.85,	'Không xác định',	2,	0,	9,	'2025-08-03 17:49:46',	'2025-08-03 17:49:46'),
('2024-06-30',	'1_year_ago',	'refund_quantity',	'NIKE-HOODIE',	'Nike Sportswear Hoodie',	59,	1,	1.69,	'Không xác định',	3,	0,	4,	'2025-08-03 17:49:46',	'2025-08-03 17:49:46'),
('2024-06-30',	'1_year_ago',	'refund_quantity',	'NIKE-LEGGINGS',	'Nike Pro Leggings',	55,	1,	1.82,	'Không xác định',	3,	0,	3,	'2025-08-03 17:49:46',	'2025-08-03 17:49:46'),
('2024-06-30',	'1_year_ago',	'refund_quantity',	'SAMSUNG-WATCH',	'Samsung Galaxy Watch 6 40mm',	62,	3,	4.84,	'Không xác định',	6,	0,	1,	'2025-08-03 17:49:46',	'2025-08-03 17:49:46'),
('2024-06-30',	'1_year_ago',	'refund_reason',	'',	'',	831,	17,	2.05,	'Không xác định',	38,	14,	1,	'2025-08-03 17:49:46',	'2025-08-03 17:49:46'),
('2024-06-30',	'all_time',	'refund_count',	'ADIDAS-BALL',	'Adidas Soccer Ball',	36,	1,	2.78,	'Không xác định',	1,	0,	3,	'2025-08-03 17:49:47',	'2025-08-03 17:49:47'),
('2024-06-30',	'all_time',	'refund_count',	'ADIDAS-SHORTS',	'Adidas Training Shorts',	73,	1,	1.37,	'Không xác định',	2,	0,	8,	'2025-08-03 17:49:47',	'2025-08-03 17:49:47'),
('2024-06-30',	'all_time',	'refund_count',	'IPHONE-15-256',	'iPhone 15 256GB',	73,	2,	2.74,	'Không xác định',	6,	0,	2,	'2025-08-03 17:49:47',	'2025-08-03 17:49:47'),
('2024-06-30',	'all_time',	'refund_count',	'NIKE-AIRMAX',	'Nike Air Max 270',	70,	1,	1.43,	'Không xác định',	2,	0,	5,	'2025-08-03 17:49:47',	'2025-08-03 17:49:47'),
('2024-06-30',	'all_time',	'refund_count',	'NIKE-BALL',	'Nike Basketball',	60,	1,	1.67,	'Không xác định',	2,	0,	6,	'2025-08-03 17:49:47',	'2025-08-03 17:49:47'),
('2024-06-30',	'all_time',	'refund_count',	'NIKE-BOTTLE',	'Nike Water Bottle 32oz',	63,	1,	1.59,	'Không xác định',	2,	0,	9,	'2025-08-03 17:49:47',	'2025-08-03 17:49:47'),
('2024-06-30',	'all_time',	'refund_count',	'NIKE-GLOVES',	'Nike Training Gloves',	54,	1,	1.85,	'Không xác định',	2,	0,	7,	'2025-08-03 17:49:47',	'2025-08-03 17:49:47'),
('2024-06-30',	'all_time',	'refund_count',	'NIKE-HOODIE',	'Nike Sportswear Hoodie',	59,	1,	1.69,	'Không xác định',	3,	0,	10,	'2025-08-03 17:49:47',	'2025-08-03 17:49:47'),
('2024-06-30',	'all_time',	'refund_count',	'NIKE-LEGGINGS',	'Nike Pro Leggings',	55,	1,	1.82,	'Không xác định',	3,	0,	4,	'2025-08-03 17:49:47',	'2025-08-03 17:49:47'),
('2024-06-30',	'all_time',	'refund_count',	'SAMSUNG-WATCH',	'Samsung Galaxy Watch 6 40mm',	62,	3,	4.84,	'Không xác định',	6,	0,	1,	'2025-08-03 17:49:47',	'2025-08-03 17:49:47'),
('2024-06-30',	'all_time',	'refund_rate',	'ADIDAS-BAG',	'Adidas Gym Bag',	42,	1,	2.38,	'Không xác định',	1,	0,	4,	'2025-08-03 17:49:48',	'2025-08-03 17:49:48'),
('2024-06-30',	'all_time',	'refund_rate',	'ADIDAS-BALL',	'Adidas Soccer Ball',	36,	1,	2.78,	'Không xác định',	1,	0,	2,	'2025-08-03 17:49:48',	'2025-08-03 17:49:48'),
('2024-06-30',	'all_time',	'refund_rate',	'ADIDAS-TRACK',	'Adidas Track Jacket',	59,	1,	1.69,	'Không xác định',	2,	0,	9,	'2025-08-03 17:49:48',	'2025-08-03 17:49:48'),
('2024-06-30',	'all_time',	'refund_rate',	'APPLE-WATCH',	'Apple Watch Series 9 41mm',	56,	1,	1.79,	'Không xác định',	3,	0,	7,	'2025-08-03 17:49:48',	'2025-08-03 17:49:48'),
('2024-06-30',	'all_time',	'refund_rate',	'IPHONE-15-256',	'iPhone 15 256GB',	73,	2,	2.74,	'Không xác định',	6,	0,	3,	'2025-08-03 17:49:48',	'2025-08-03 17:49:48'),
('2024-06-30',	'all_time',	'refund_rate',	'NIKE-BALL',	'Nike Basketball',	60,	1,	1.67,	'Không xác định',	2,	0,	10,	'2025-08-03 17:49:48',	'2025-08-03 17:49:48'),
('2024-06-30',	'all_time',	'refund_rate',	'NIKE-GLOVES',	'Nike Training Gloves',	54,	1,	1.85,	'Không xác định',	2,	0,	5,	'2025-08-03 17:49:48',	'2025-08-03 17:49:48'),
('2024-06-30',	'all_time',	'refund_rate',	'NIKE-HOODIE',	'Nike Sportswear Hoodie',	59,	1,	1.69,	'Không xác định',	3,	0,	8,	'2025-08-03 17:49:48',	'2025-08-03 17:49:48'),
('2024-06-30',	'all_time',	'refund_rate',	'NIKE-LEGGINGS',	'Nike Pro Leggings',	55,	1,	1.82,	'Không xác định',	3,	0,	6,	'2025-08-03 17:49:48',	'2025-08-03 17:49:48'),
('2024-06-30',	'all_time',	'refund_rate',	'SAMSUNG-WATCH',	'Samsung Galaxy Watch 6 40mm',	62,	3,	4.84,	'Không xác định',	6,	0,	1,	'2025-08-03 17:49:48',	'2025-08-03 17:49:48'),
('2024-06-30',	'all_time',	'refund_quantity',	'ADIDAS-SHORTS',	'Adidas Training Shorts',	73,	1,	1.37,	'Không xác định',	2,	0,	10,	'2025-08-03 17:49:48',	'2025-08-03 17:49:48'),
('2024-06-30',	'all_time',	'refund_quantity',	'ADIDAS-ULTRABOOST',	'Adidas Ultraboost 22',	69,	1,	1.45,	'Không xác định',	3,	0,	6,	'2025-08-03 17:49:48',	'2025-08-03 17:49:48'),
('2024-06-30',	'all_time',	'refund_quantity',	'APPLE-WATCH',	'Apple Watch Series 9 41mm',	56,	1,	1.79,	'Không xác định',	3,	0,	5,	'2025-08-03 17:49:48',	'2025-08-03 17:49:48'),
('2024-06-30',	'all_time',	'refund_quantity',	'IPHONE-15-256',	'iPhone 15 256GB',	73,	2,	2.74,	'Không xác định',	6,	0,	2,	'2025-08-03 17:49:48',	'2025-08-03 17:49:48'),
('2024-06-30',	'all_time',	'refund_quantity',	'NIKE-AIRMAX',	'Nike Air Max 270',	70,	1,	1.43,	'Không xác định',	2,	0,	7,	'2025-08-03 17:49:48',	'2025-08-03 17:49:48'),
('2024-06-30',	'all_time',	'refund_quantity',	'NIKE-BALL',	'Nike Basketball',	60,	1,	1.67,	'Không xác định',	2,	0,	8,	'2025-08-03 17:49:48',	'2025-08-03 17:49:48'),
('2024-06-30',	'all_time',	'refund_quantity',	'NIKE-GLOVES',	'Nike Training Gloves',	54,	1,	1.85,	'Không xác định',	2,	0,	9,	'2025-08-03 17:49:48',	'2025-08-03 17:49:48'),
('2024-06-30',	'all_time',	'refund_quantity',	'NIKE-HOODIE',	'Nike Sportswear Hoodie',	59,	1,	1.69,	'Không xác định',	3,	0,	4,	'2025-08-03 17:49:48',	'2025-08-03 17:49:48'),
('2024-06-30',	'all_time',	'refund_quantity',	'NIKE-LEGGINGS',	'Nike Pro Leggings',	55,	1,	1.82,	'Không xác định',	3,	0,	3,	'2025-08-03 17:49:48',	'2025-08-03 17:49:48'),
('2024-06-30',	'all_time',	'refund_quantity',	'SAMSUNG-WATCH',	'Samsung Galaxy Watch 6 40mm',	62,	3,	4.84,	'Không xác định',	6,	0,	1,	'2025-08-03 17:49:48',	'2025-08-03 17:49:48'),
('2024-06-30',	'all_time',	'refund_reason',	'',	'',	831,	17,	2.05,	'Không xác định',	38,	14,	1,	'2025-08-03 17:49:48',	'2025-08-03 17:49:48');

DROP TABLE IF EXISTS `top_selling_items`;
CREATE TABLE `top_selling_items` (
  `analysis_date` date NOT NULL,
  `data_range` enum('1_day_ago','7_days_ago','1_month_ago','3_months_ago','6_months_ago','1_year_ago','all_time') NOT NULL,
  `sort_type` enum('revenue','profit','quantity') NOT NULL,
  `sku` varchar(100) NOT NULL,
  `item_name` varchar(200) NOT NULL,
  `total_quantity_sold` int DEFAULT '0',
  `total_revenue` decimal(10,2) DEFAULT '0.00',
  `total_profit` decimal(10,2) DEFAULT '0.00',
  `rank_position` int DEFAULT '0',
  `created_at` datetime DEFAULT CURRENT_TIMESTAMP,
  `updated_at` datetime DEFAULT CURRENT_TIMESTAMP ON UPDATE CURRENT_TIMESTAMP,
  PRIMARY KEY (`analysis_date`,`data_range`,`sort_type`,`sku`)
) ENGINE=InnoDB DEFAULT CHARSET=utf8mb4 COLLATE=utf8mb4_0900_ai_ci;

INSERT INTO `top_selling_items` (`analysis_date`, `data_range`, `sort_type`, `sku`, `item_name`, `total_quantity_sold`, `total_revenue`, `total_profit`, `rank_position`, `created_at`, `updated_at`) VALUES
('2024-06-30',	'1_day_ago',	'revenue',	'ADIDAS-BOTTLE',	'Adidas Water Bottle 24oz',	4,	7477.49,	7437.49,	2,	'2025-08-03 17:49:41',	'2025-08-03 17:49:41'),
('2024-06-30',	'1_day_ago',	'revenue',	'IPAD-PRO',	'iPad Pro 12.9-inch 128GB',	3,	6625.65,	3925.65,	3,	'2025-08-03 17:49:41',	'2025-08-03 17:49:41'),
('2024-06-30',	'1_day_ago',	'revenue',	'IPHONE-15-128',	'iPhone 15 128GB',	3,	4123.80,	1723.80,	7,	'2025-08-03 17:49:41',	'2025-08-03 17:49:41'),
('2024-06-30',	'1_day_ago',	'revenue',	'IPHONE-15-PRO',	'iPhone 15 Pro 128GB',	3,	5790.78,	2940.78,	4,	'2025-08-03 17:49:41',	'2025-08-03 17:49:41'),
('2024-06-30',	'1_day_ago',	'revenue',	'NIKE-BOTTLE',	'Nike Water Bottle 32oz',	4,	3332.71,	3284.71,	8,	'2025-08-03 17:49:41',	'2025-08-03 17:49:41'),
('2024-06-30',	'1_day_ago',	'revenue',	'SAMSUNG-BUDS',	'Samsung Galaxy Buds2 Pro',	3,	4806.09,	4356.09,	6,	'2025-08-03 17:49:41',	'2025-08-03 17:49:41'),
('2024-06-30',	'1_day_ago',	'revenue',	'SAMSUNG-S24-ULTRA',	'Samsung Galaxy S24 Ultra 256GB',	1,	2109.50,	1209.50,	10,	'2025-08-03 17:49:41',	'2025-08-03 17:49:41'),
('2024-06-30',	'1_day_ago',	'revenue',	'SAMSUNG-TAB',	'Samsung Galaxy Tab S9 128GB',	3,	4927.26,	3127.26,	5,	'2025-08-03 17:49:41',	'2025-08-03 17:49:41'),
('2024-06-30',	'1_day_ago',	'revenue',	'SAMSUNG-WATCH',	'Samsung Galaxy Watch 6 40mm',	6,	8216.85,	6716.85,	1,	'2025-08-03 17:49:41',	'2025-08-03 17:49:41'),
('2024-06-30',	'1_day_ago',	'revenue',	'SONY-WH1000XM5',	'Sony WH-1000XM5 Headphones',	2,	2415.80,	1815.80,	9,	'2025-08-03 17:49:41',	'2025-08-03 17:49:41'),
('2024-06-30',	'1_day_ago',	'profit',	'ADIDAS-BOTTLE',	'Adidas Water Bottle 24oz',	4,	7477.49,	7437.49,	1,	'2025-08-03 17:49:41',	'2025-08-03 17:49:41'),
('2024-06-30',	'1_day_ago',	'profit',	'IPAD-PRO',	'iPad Pro 12.9-inch 128GB',	3,	6625.65,	3925.65,	4,	'2025-08-03 17:49:41',	'2025-08-03 17:49:41'),
('2024-06-30',	'1_day_ago',	'profit',	'IPHONE-15-128',	'iPhone 15 128GB',	3,	4123.80,	1723.80,	9,	'2025-08-03 17:49:41',	'2025-08-03 17:49:41'),
('2024-06-30',	'1_day_ago',	'profit',	'IPHONE-15-PRO',	'iPhone 15 Pro 128GB',	3,	5790.78,	2940.78,	7,	'2025-08-03 17:49:41',	'2025-08-03 17:49:41'),
('2024-06-30',	'1_day_ago',	'profit',	'NIKE-BOTTLE',	'Nike Water Bottle 32oz',	4,	3332.71,	3284.71,	5,	'2025-08-03 17:49:41',	'2025-08-03 17:49:41'),
('2024-06-30',	'1_day_ago',	'profit',	'SAMSUNG-BUDS',	'Samsung Galaxy Buds2 Pro',	3,	4806.09,	4356.09,	3,	'2025-08-03 17:49:41',	'2025-08-03 17:49:41'),
('2024-06-30',	'1_day_ago',	'profit',	'SAMSUNG-S24-ULTRA',	'Samsung Galaxy S24 Ultra 256GB',	1,	2109.50,	1209.50,	10,	'2025-08-03 17:49:41',	'2025-08-03 17:49:41'),
('2024-06-30',	'1_day_ago',	'profit',	'SAMSUNG-TAB',	'Samsung Galaxy Tab S9 128GB',	3,	4927.26,	3127.26,	6,	'2025-08-03 17:49:41',	'2025-08-03 17:49:41'),
('2024-06-30',	'1_day_ago',	'profit',	'SAMSUNG-WATCH',	'Samsung Galaxy Watch 6 40mm',	6,	8216.85,	6716.85,	2,	'2025-08-03 17:49:41',	'2025-08-03 17:49:41'),
('2024-06-30',	'1_day_ago',	'profit',	'SONY-WH1000XM5',	'Sony WH-1000XM5 Headphones',	2,	2415.80,	1815.80,	8,	'2025-08-03 17:49:41',	'2025-08-03 17:49:41'),
('2024-06-30',	'1_day_ago',	'quantity',	'ADIDAS-BOTTLE',	'Adidas Water Bottle 24oz',	4,	7477.49,	7437.49,	2,	'2025-08-03 17:49:41',	'2025-08-03 17:49:41'),
('2024-06-30',	'1_day_ago',	'quantity',	'AIRPODS-MAX',	'AirPods Max',	2,	1425.62,	525.62,	9,	'2025-08-03 17:49:41',	'2025-08-03 17:49:41'),
('2024-06-30',	'1_day_ago',	'quantity',	'IPAD-PRO',	'iPad Pro 12.9-inch 128GB',	3,	6625.65,	3925.65,	7,	'2025-08-03 17:49:41',	'2025-08-03 17:49:41'),
('2024-06-30',	'1_day_ago',	'quantity',	'IPHONE-15-128',	'iPhone 15 128GB',	3,	4123.80,	1723.80,	8,	'2025-08-03 17:49:41',	'2025-08-03 17:49:41'),
('2024-06-30',	'1_day_ago',	'quantity',	'IPHONE-15-PRO',	'iPhone 15 Pro 128GB',	3,	5790.78,	2940.78,	5,	'2025-08-03 17:49:41',	'2025-08-03 17:49:41'),
('2024-06-30',	'1_day_ago',	'quantity',	'NIKE-BOTTLE',	'Nike Water Bottle 32oz',	4,	3332.71,	3284.71,	3,	'2025-08-03 17:49:41',	'2025-08-03 17:49:41'),
('2024-06-30',	'1_day_ago',	'quantity',	'SAMSUNG-BUDS',	'Samsung Galaxy Buds2 Pro',	3,	4806.09,	4356.09,	6,	'2025-08-03 17:49:41',	'2025-08-03 17:49:41'),
('2024-06-30',	'1_day_ago',	'quantity',	'SAMSUNG-TAB',	'Samsung Galaxy Tab S9 128GB',	3,	4927.26,	3127.26,	4,	'2025-08-03 17:49:41',	'2025-08-03 17:49:41'),
('2024-06-30',	'1_day_ago',	'quantity',	'SAMSUNG-WATCH',	'Samsung Galaxy Watch 6 40mm',	6,	8216.85,	6716.85,	1,	'2025-08-03 17:49:41',	'2025-08-03 17:49:41'),
('2024-06-30',	'1_day_ago',	'quantity',	'SONY-WH1000XM5',	'Sony WH-1000XM5 Headphones',	2,	2415.80,	1815.80,	10,	'2025-08-03 17:49:41',	'2025-08-03 17:49:41'),
('2024-06-30',	'7_days_ago',	'revenue',	'ADIDAS-BOTTLE',	'Adidas Water Bottle 24oz',	6,	11137.99,	11077.99,	6,	'2025-08-03 17:49:41',	'2025-08-03 17:49:41'),
('2024-06-30',	'7_days_ago',	'revenue',	'AIRPODS-MAX',	'AirPods Max',	13,	12413.07,	6563.07,	5,	'2025-08-03 17:49:41',	'2025-08-03 17:49:41'),
('2024-06-30',	'7_days_ago',	'revenue',	'AIRPODS-PRO',	'AirPods Pro 2nd Gen',	9,	9788.44,	7988.44,	8,	'2025-08-03 17:49:41',	'2025-08-03 17:49:41'),
('2024-06-30',	'7_days_ago',	'revenue',	'IPAD-PRO',	'iPad Pro 12.9-inch 128GB',	5,	9715.06,	5215.06,	9,	'2025-08-03 17:49:41',	'2025-08-03 17:49:41'),
('2024-06-30',	'7_days_ago',	'revenue',	'IPHONE-15-PRO',	'iPhone 15 Pro 128GB',	9,	10422.34,	1872.34,	7,	'2025-08-03 17:49:41',	'2025-08-03 17:49:41'),
('2024-06-30',	'7_days_ago',	'revenue',	'NIKE-BOTTLE',	'Nike Water Bottle 32oz',	10,	9107.73,	8987.73,	10,	'2025-08-03 17:49:41',	'2025-08-03 17:49:41'),
('2024-06-30',	'7_days_ago',	'revenue',	'NIKE-CAP',	'Nike Heritage Cap',	10,	15089.55,	14939.55,	1,	'2025-08-03 17:49:41',	'2025-08-03 17:49:41'),
('2024-06-30',	'7_days_ago',	'revenue',	'SAMSUNG-BUDS',	'Samsung Galaxy Buds2 Pro',	11,	13714.65,	12064.65,	4,	'2025-08-03 17:49:41',	'2025-08-03 17:49:41'),
('2024-06-30',	'7_days_ago',	'revenue',	'SAMSUNG-TAB',	'Samsung Galaxy Tab S9 128GB',	11,	13734.03,	7134.03,	3,	'2025-08-03 17:49:41',	'2025-08-03 17:49:41'),
('2024-06-30',	'7_days_ago',	'revenue',	'SAMSUNG-WATCH',	'Samsung Galaxy Watch 6 40mm',	9,	14110.50,	11860.50,	2,	'2025-08-03 17:49:41',	'2025-08-03 17:49:41'),
('2024-06-30',	'7_days_ago',	'profit',	'ADIDAS-BOTTLE',	'Adidas Water Bottle 24oz',	6,	11137.99,	11077.99,	4,	'2025-08-03 17:49:41',	'2025-08-03 17:49:41'),
('2024-06-30',	'7_days_ago',	'profit',	'ADIDAS-SWEATSHIRT',	'Adidas Sportswear Sweatshirt',	7,	7831.48,	7586.48,	7,	'2025-08-03 17:49:41',	'2025-08-03 17:49:41'),
('2024-06-30',	'7_days_ago',	'profit',	'AIRPODS-PRO',	'AirPods Pro 2nd Gen',	9,	9788.44,	7988.44,	6,	'2025-08-03 17:49:41',	'2025-08-03 17:49:41'),
('2024-06-30',	'7_days_ago',	'profit',	'NIKE-BALL',	'Nike Basketball',	3,	6890.88,	6830.88,	10,	'2025-08-03 17:49:41',	'2025-08-03 17:49:41'),
('2024-06-30',	'7_days_ago',	'profit',	'NIKE-BOTTLE',	'Nike Water Bottle 32oz',	10,	9107.73,	8987.73,	5,	'2025-08-03 17:49:41',	'2025-08-03 17:49:41'),
('2024-06-30',	'7_days_ago',	'profit',	'NIKE-CAP',	'Nike Heritage Cap',	10,	15089.55,	14939.55,	1,	'2025-08-03 17:49:41',	'2025-08-03 17:49:41'),
('2024-06-30',	'7_days_ago',	'profit',	'NIKE-JORDAN',	'Nike Air Jordan 1',	5,	7473.67,	7023.67,	9,	'2025-08-03 17:49:41',	'2025-08-03 17:49:41'),
('2024-06-30',	'7_days_ago',	'profit',	'SAMSUNG-BUDS',	'Samsung Galaxy Buds2 Pro',	11,	13714.65,	12064.65,	2,	'2025-08-03 17:49:41',	'2025-08-03 17:49:41'),
('2024-06-30',	'7_days_ago',	'profit',	'SAMSUNG-TAB',	'Samsung Galaxy Tab S9 128GB',	11,	13734.03,	7134.03,	8,	'2025-08-03 17:49:41',	'2025-08-03 17:49:41'),
('2024-06-30',	'7_days_ago',	'profit',	'SAMSUNG-WATCH',	'Samsung Galaxy Watch 6 40mm',	9,	14110.50,	11860.50,	3,	'2025-08-03 17:49:41',	'2025-08-03 17:49:41'),
('2024-06-30',	'7_days_ago',	'quantity',	'ADIDAS-BOTTLE',	'Adidas Water Bottle 24oz',	6,	11137.99,	11077.99,	10,	'2025-08-03 17:49:41',	'2025-08-03 17:49:41'),
('2024-06-30',	'7_days_ago',	'quantity',	'ADIDAS-SWEATSHIRT',	'Adidas Sportswear Sweatshirt',	7,	7831.48,	7586.48,	9,	'2025-08-03 17:49:41',	'2025-08-03 17:49:41'),
('2024-06-30',	'7_days_ago',	'quantity',	'AIRPODS-MAX',	'AirPods Max',	13,	12413.07,	6563.07,	1,	'2025-08-03 17:49:41',	'2025-08-03 17:49:41'),
('2024-06-30',	'7_days_ago',	'quantity',	'AIRPODS-PRO',	'AirPods Pro 2nd Gen',	9,	9788.44,	7988.44,	6,	'2025-08-03 17:49:41',	'2025-08-03 17:49:41'),
('2024-06-30',	'7_days_ago',	'quantity',	'IPHONE-15-PRO',	'iPhone 15 Pro 128GB',	9,	10422.34,	1872.34,	7,	'2025-08-03 17:49:41',	'2025-08-03 17:49:41'),
('2024-06-30',	'7_days_ago',	'quantity',	'NIKE-BOTTLE',	'Nike Water Bottle 32oz',	10,	9107.73,	8987.73,	4,	'2025-08-03 17:49:41',	'2025-08-03 17:49:41'),
('2024-06-30',	'7_days_ago',	'quantity',	'NIKE-CAP',	'Nike Heritage Cap',	10,	15089.55,	14939.55,	5,	'2025-08-03 17:49:41',	'2025-08-03 17:49:41'),
('2024-06-30',	'7_days_ago',	'quantity',	'SAMSUNG-BUDS',	'Samsung Galaxy Buds2 Pro',	11,	13714.65,	12064.65,	3,	'2025-08-03 17:49:41',	'2025-08-03 17:49:41'),
('2024-06-30',	'7_days_ago',	'quantity',	'SAMSUNG-TAB',	'Samsung Galaxy Tab S9 128GB',	11,	13734.03,	7134.03,	2,	'2025-08-03 17:49:41',	'2025-08-03 17:49:41'),
('2024-06-30',	'7_days_ago',	'quantity',	'SAMSUNG-WATCH',	'Samsung Galaxy Watch 6 40mm',	9,	14110.50,	11860.50,	8,	'2025-08-03 17:49:41',	'2025-08-03 17:49:41'),
('2024-06-30',	'1_month_ago',	'revenue',	'ADIDAS-SWEATSHIRT',	'Adidas Sportswear Sweatshirt',	32,	37419.25,	36299.25,	1,	'2025-08-03 17:49:41',	'2025-08-03 17:49:41'),
('2024-06-30',	'1_month_ago',	'revenue',	'ADIDAS-ULTRABOOST',	'Adidas Ultraboost 22',	19,	30111.48,	27831.48,	3,	'2025-08-03 17:49:41',	'2025-08-03 17:49:41'),
('2024-06-30',	'1_month_ago',	'revenue',	'AIRPODS-MAX',	'AirPods Max',	24,	29544.69,	18744.69,	5,	'2025-08-03 17:49:41',	'2025-08-03 17:49:41'),
('2024-06-30',	'1_month_ago',	'revenue',	'IPAD-PRO',	'iPad Pro 12.9-inch 128GB',	26,	33108.59,	9708.59,	2,	'2025-08-03 17:49:41',	'2025-08-03 17:49:41'),
('2024-06-30',	'1_month_ago',	'revenue',	'IPHONE-15-256',	'iPhone 15 256GB',	15,	23910.99,	11160.99,	10,	'2025-08-03 17:49:41',	'2025-08-03 17:49:41'),
('2024-06-30',	'1_month_ago',	'revenue',	'NIKE-AIRFORCE',	'Nike Air Force 1',	17,	29700.63,	28510.63,	4,	'2025-08-03 17:49:41',	'2025-08-03 17:49:41'),
('2024-06-30',	'1_month_ago',	'revenue',	'NIKE-BOTTLE',	'Nike Water Bottle 32oz',	20,	25020.67,	24780.67,	7,	'2025-08-03 17:49:41',	'2025-08-03 17:49:41'),
('2024-06-30',	'1_month_ago',	'revenue',	'SAMSUNG-S24',	'Samsung Galaxy S24 128GB',	18,	24213.27,	11613.27,	9,	'2025-08-03 17:49:41',	'2025-08-03 17:49:41'),
('2024-06-30',	'1_month_ago',	'revenue',	'SONY-WH1000XM4',	'Sony WH-1000XM4 Headphones',	20,	26504.34,	21504.34,	6,	'2025-08-03 17:49:41',	'2025-08-03 17:49:41'),
('2024-06-30',	'1_month_ago',	'revenue',	'SONY-WH1000XM5',	'Sony WH-1000XM5 Headphones',	20,	24311.33,	18311.33,	8,	'2025-08-03 17:49:41',	'2025-08-03 17:49:41'),
('2024-06-30',	'1_month_ago',	'profit',	'ADIDAS-GLOVES',	'Adidas Goalkeeper Gloves',	17,	22448.16,	22074.16,	6,	'2025-08-03 17:49:41',	'2025-08-03 17:49:41'),
('2024-06-30',	'1_month_ago',	'profit',	'ADIDAS-SWEATSHIRT',	'Adidas Sportswear Sweatshirt',	32,	37419.25,	36299.25,	1,	'2025-08-03 17:49:41',	'2025-08-03 17:49:41'),
('2024-06-30',	'1_month_ago',	'profit',	'ADIDAS-ULTRABOOST',	'Adidas Ultraboost 22',	19,	30111.48,	27831.48,	3,	'2025-08-03 17:49:41',	'2025-08-03 17:49:41'),
('2024-06-30',	'1_month_ago',	'profit',	'NIKE-AIRFORCE',	'Nike Air Force 1',	17,	29700.63,	28510.63,	2,	'2025-08-03 17:49:41',	'2025-08-03 17:49:41'),
('2024-06-30',	'1_month_ago',	'profit',	'NIKE-BALL',	'Nike Basketball',	11,	21644.56,	21424.56,	8,	'2025-08-03 17:49:41',	'2025-08-03 17:49:41'),
('2024-06-30',	'1_month_ago',	'profit',	'NIKE-BOTTLE',	'Nike Water Bottle 32oz',	20,	25020.67,	24780.67,	4,	'2025-08-03 17:49:41',	'2025-08-03 17:49:41'),
('2024-06-30',	'1_month_ago',	'profit',	'NIKE-CAP',	'Nike Heritage Cap',	19,	23559.91,	23274.91,	5,	'2025-08-03 17:49:41',	'2025-08-03 17:49:41'),
('2024-06-30',	'1_month_ago',	'profit',	'NIKE-DRI-FIT',	'Nike Dri-FIT Training Shirt',	22,	20950.56,	20400.56,	9,	'2025-08-03 17:49:41',	'2025-08-03 17:49:41'),
('2024-06-30',	'1_month_ago',	'profit',	'NIKE-LEGGINGS',	'Nike Pro Leggings',	15,	19962.91,	19437.91,	10,	'2025-08-03 17:49:41',	'2025-08-03 17:49:41'),
('2024-06-30',	'1_month_ago',	'profit',	'SONY-WH1000XM4',	'Sony WH-1000XM4 Headphones',	20,	26504.34,	21504.34,	7,	'2025-08-03 17:49:41',	'2025-08-03 17:49:41'),
('2024-06-30',	'1_month_ago',	'quantity',	'ADIDAS-SWEATSHIRT',	'Adidas Sportswear Sweatshirt',	32,	37419.25,	36299.25,	1,	'2025-08-03 17:49:41',	'2025-08-03 17:49:41'),
('2024-06-30',	'1_month_ago',	'quantity',	'ADIDAS-ULTRABOOST',	'Adidas Ultraboost 22',	19,	30111.48,	27831.48,	8,	'2025-08-03 17:49:41',	'2025-08-03 17:49:41'),
('2024-06-30',	'1_month_ago',	'quantity',	'AIRPODS-MAX',	'AirPods Max',	24,	29544.69,	18744.69,	3,	'2025-08-03 17:49:41',	'2025-08-03 17:49:41'),
('2024-06-30',	'1_month_ago',	'quantity',	'IPAD-PRO',	'iPad Pro 12.9-inch 128GB',	26,	33108.59,	9708.59,	2,	'2025-08-03 17:49:41',	'2025-08-03 17:49:41'),
('2024-06-30',	'1_month_ago',	'quantity',	'NIKE-BOTTLE',	'Nike Water Bottle 32oz',	20,	25020.67,	24780.67,	7,	'2025-08-03 17:49:41',	'2025-08-03 17:49:41'),
('2024-06-30',	'1_month_ago',	'quantity',	'NIKE-CAP',	'Nike Heritage Cap',	19,	23559.91,	23274.91,	9,	'2025-08-03 17:49:41',	'2025-08-03 17:49:41'),
('2024-06-30',	'1_month_ago',	'quantity',	'NIKE-DRI-FIT',	'Nike Dri-FIT Training Shirt',	22,	20950.56,	20400.56,	4,	'2025-08-03 17:49:41',	'2025-08-03 17:49:41'),
('2024-06-30',	'1_month_ago',	'quantity',	'SAMSUNG-S24',	'Samsung Galaxy S24 128GB',	18,	24213.27,	11613.27,	10,	'2025-08-03 17:49:41',	'2025-08-03 17:49:41'),
('2024-06-30',	'1_month_ago',	'quantity',	'SONY-WH1000XM4',	'Sony WH-1000XM4 Headphones',	20,	26504.34,	21504.34,	6,	'2025-08-03 17:49:41',	'2025-08-03 17:49:41'),
('2024-06-30',	'1_month_ago',	'quantity',	'SONY-WH1000XM5',	'Sony WH-1000XM5 Headphones',	20,	24311.33,	18311.33,	5,	'2025-08-03 17:49:41',	'2025-08-03 17:49:41'),
('2024-06-30',	'3_months_ago',	'revenue',	'ADIDAS-BOTTLE',	'Adidas Water Bottle 24oz',	44,	61627.82,	61187.82,	8,	'2025-08-03 17:49:42',	'2025-08-03 17:49:42'),
('2024-06-30',	'3_months_ago',	'revenue',	'ADIDAS-SOCKS',	'Adidas Performance Socks 6-Pack',	56,	65255.14,	64695.14,	6,	'2025-08-03 17:49:42',	'2025-08-03 17:49:42'),
('2024-06-30',	'3_months_ago',	'revenue',	'ADIDAS-SWEATSHIRT',	'Adidas Sportswear Sweatshirt',	56,	72108.70,	70148.70,	4,	'2025-08-03 17:49:42',	'2025-08-03 17:49:42'),
('2024-06-30',	'3_months_ago',	'revenue',	'ADIDAS-ULTRABOOST',	'Adidas Ultraboost 22',	49,	72605.95,	66725.95,	3,	'2025-08-03 17:49:42',	'2025-08-03 17:49:42'),
('2024-06-30',	'3_months_ago',	'revenue',	'IPHONE-15-256',	'iPhone 15 256GB',	54,	66120.08,	20220.08,	5,	'2025-08-03 17:49:42',	'2025-08-03 17:49:42'),
('2024-06-30',	'3_months_ago',	'revenue',	'NIKE-BALL',	'Nike Basketball',	43,	60106.12,	59246.12,	9,	'2025-08-03 17:49:42',	'2025-08-03 17:49:42'),
('2024-06-30',	'3_months_ago',	'revenue',	'NIKE-BOTTLE',	'Nike Water Bottle 32oz',	43,	61874.04,	61358.04,	7,	'2025-08-03 17:49:42',	'2025-08-03 17:49:42'),
('2024-06-30',	'3_months_ago',	'revenue',	'SAMSUNG-BUDS',	'Samsung Galaxy Buds2 Pro',	54,	58936.81,	50836.81,	10,	'2025-08-03 17:49:42',	'2025-08-03 17:49:42'),
('2024-06-30',	'3_months_ago',	'revenue',	'SAMSUNG-S24-ULTRA',	'Samsung Galaxy S24 Ultra 256GB',	62,	75191.40,	19391.40,	2,	'2025-08-03 17:49:42',	'2025-08-03 17:49:42'),
('2024-06-30',	'3_months_ago',	'revenue',	'SONY-WH1000XM4',	'Sony WH-1000XM4 Headphones',	67,	89007.57,	72257.57,	1,	'2025-08-03 17:49:42',	'2025-08-03 17:49:42'),
('2024-06-30',	'3_months_ago',	'profit',	'ADIDAS-BEANIE',	'Adidas Winter Beanie',	51,	55479.26,	54867.26,	9,	'2025-08-03 17:49:42',	'2025-08-03 17:49:42'),
('2024-06-30',	'3_months_ago',	'profit',	'ADIDAS-BOTTLE',	'Adidas Water Bottle 24oz',	44,	61627.82,	61187.82,	6,	'2025-08-03 17:49:42',	'2025-08-03 17:49:42'),
('2024-06-30',	'3_months_ago',	'profit',	'ADIDAS-SOCKS',	'Adidas Performance Socks 6-Pack',	56,	65255.14,	64695.14,	4,	'2025-08-03 17:49:42',	'2025-08-03 17:49:42'),
('2024-06-30',	'3_months_ago',	'profit',	'ADIDAS-SWEATSHIRT',	'Adidas Sportswear Sweatshirt',	56,	72108.70,	70148.70,	2,	'2025-08-03 17:49:42',	'2025-08-03 17:49:42'),
('2024-06-30',	'3_months_ago',	'profit',	'ADIDAS-ULTRABOOST',	'Adidas Ultraboost 22',	49,	72605.95,	66725.95,	3,	'2025-08-03 17:49:42',	'2025-08-03 17:49:42'),
('2024-06-30',	'3_months_ago',	'profit',	'NIKE-BALL',	'Nike Basketball',	43,	60106.12,	59246.12,	7,	'2025-08-03 17:49:42',	'2025-08-03 17:49:42'),
('2024-06-30',	'3_months_ago',	'profit',	'NIKE-BOTTLE',	'Nike Water Bottle 32oz',	43,	61874.04,	61358.04,	5,	'2025-08-03 17:49:42',	'2025-08-03 17:49:42'),
('2024-06-30',	'3_months_ago',	'profit',	'NIKE-LEGGINGS',	'Nike Pro Leggings',	38,	54801.81,	53471.81,	10,	'2025-08-03 17:49:42',	'2025-08-03 17:49:42'),
('2024-06-30',	'3_months_ago',	'profit',	'NIKE-SOCKS',	'Nike Elite Socks 3-Pack',	44,	57044.30,	56692.30,	8,	'2025-08-03 17:49:42',	'2025-08-03 17:49:42'),
('2024-06-30',	'3_months_ago',	'profit',	'SONY-WH1000XM4',	'Sony WH-1000XM4 Headphones',	67,	89007.57,	72257.57,	1,	'2025-08-03 17:49:42',	'2025-08-03 17:49:42'),
('2024-06-30',	'3_months_ago',	'quantity',	'ADIDAS-BEANIE',	'Adidas Winter Beanie',	51,	55479.26,	54867.26,	8,	'2025-08-03 17:49:42',	'2025-08-03 17:49:42'),
('2024-06-30',	'3_months_ago',	'quantity',	'ADIDAS-SOCKS',	'Adidas Performance Socks 6-Pack',	56,	65255.14,	64695.14,	4,	'2025-08-03 17:49:42',	'2025-08-03 17:49:42'),
('2024-06-30',	'3_months_ago',	'quantity',	'ADIDAS-SWEATSHIRT',	'Adidas Sportswear Sweatshirt',	56,	72108.70,	70148.70,	3,	'2025-08-03 17:49:42',	'2025-08-03 17:49:42'),
('2024-06-30',	'3_months_ago',	'quantity',	'ADIDAS-ULTRABOOST',	'Adidas Ultraboost 22',	49,	72605.95,	66725.95,	9,	'2025-08-03 17:49:42',	'2025-08-03 17:49:42'),
('2024-06-30',	'3_months_ago',	'quantity',	'IPHONE-15-256',	'iPhone 15 256GB',	54,	66120.08,	20220.08,	6,	'2025-08-03 17:49:42',	'2025-08-03 17:49:42'),
('2024-06-30',	'3_months_ago',	'quantity',	'NIKE-DRI-FIT',	'Nike Dri-FIT Training Shirt',	51,	52051.15,	50776.15,	7,	'2025-08-03 17:49:42',	'2025-08-03 17:49:42'),
('2024-06-30',	'3_months_ago',	'quantity',	'SAMSUNG-BUDS',	'Samsung Galaxy Buds2 Pro',	54,	58936.81,	50836.81,	5,	'2025-08-03 17:49:42',	'2025-08-03 17:49:42'),
('2024-06-30',	'3_months_ago',	'quantity',	'SAMSUNG-S24',	'Samsung Galaxy S24 128GB',	46,	58276.30,	26076.30,	10,	'2025-08-03 17:49:42',	'2025-08-03 17:49:42'),
('2024-06-30',	'3_months_ago',	'quantity',	'SAMSUNG-S24-ULTRA',	'Samsung Galaxy S24 Ultra 256GB',	62,	75191.40,	19391.40,	2,	'2025-08-03 17:49:42',	'2025-08-03 17:49:42'),
('2024-06-30',	'3_months_ago',	'quantity',	'SONY-WH1000XM4',	'Sony WH-1000XM4 Headphones',	67,	89007.57,	72257.57,	1,	'2025-08-03 17:49:42',	'2025-08-03 17:49:42'),
('2024-06-30',	'6_months_ago',	'revenue',	'ADIDAS-BEANIE',	'Adidas Winter Beanie',	79,	91689.11,	90741.11,	6,	'2025-08-03 17:49:43',	'2025-08-03 17:49:43'),
('2024-06-30',	'6_months_ago',	'revenue',	'ADIDAS-SWEATSHIRT',	'Adidas Sportswear Sweatshirt',	72,	91873.58,	89353.58,	5,	'2025-08-03 17:49:43',	'2025-08-03 17:49:43'),
('2024-06-30',	'6_months_ago',	'revenue',	'ADIDAS-ULTRABOOST',	'Adidas Ultraboost 22',	69,	96217.08,	87937.08,	3,	'2025-08-03 17:49:43',	'2025-08-03 17:49:43'),
('2024-06-30',	'6_months_ago',	'revenue',	'AIRPODS-MAX',	'AirPods Max',	71,	97384.38,	65434.38,	2,	'2025-08-03 17:49:43',	'2025-08-03 17:49:43'),
('2024-06-30',	'6_months_ago',	'revenue',	'IPHONE-15-256',	'iPhone 15 256GB',	73,	89714.32,	27664.32,	8,	'2025-08-03 17:49:43',	'2025-08-03 17:49:43'),
('2024-06-30',	'6_months_ago',	'revenue',	'NIKE-AIRMAX',	'Nike Air Max 270',	70,	90734.92,	85134.92,	7,	'2025-08-03 17:49:43',	'2025-08-03 17:49:43'),
('2024-06-30',	'6_months_ago',	'revenue',	'NIKE-BALL',	'Nike Basketball',	60,	87516.13,	86316.13,	9,	'2025-08-03 17:49:43',	'2025-08-03 17:49:43'),
('2024-06-30',	'6_months_ago',	'revenue',	'NIKE-BOTTLE',	'Nike Water Bottle 32oz',	63,	93130.98,	92374.98,	4,	'2025-08-03 17:49:43',	'2025-08-03 17:49:43'),
('2024-06-30',	'6_months_ago',	'revenue',	'SAMSUNG-S24-ULTRA',	'Samsung Galaxy S24 Ultra 256GB',	72,	87037.30,	22237.30,	10,	'2025-08-03 17:49:43',	'2025-08-03 17:49:43'),
('2024-06-30',	'6_months_ago',	'revenue',	'SONY-WH1000XM4',	'Sony WH-1000XM4 Headphones',	77,	103857.74,	84607.74,	1,	'2025-08-03 17:49:43',	'2025-08-03 17:49:43'),
('2024-06-30',	'6_months_ago',	'profit',	'ADIDAS-BEANIE',	'Adidas Winter Beanie',	79,	91689.11,	90741.11,	2,	'2025-08-03 17:49:43',	'2025-08-03 17:49:43'),
('2024-06-30',	'6_months_ago',	'profit',	'ADIDAS-SHORTS',	'Adidas Training Shorts',	73,	84543.57,	83083.57,	8,	'2025-08-03 17:49:43',	'2025-08-03 17:49:43'),
('2024-06-30',	'6_months_ago',	'profit',	'ADIDAS-SOCKS',	'Adidas Performance Socks 6-Pack',	74,	82285.61,	81545.61,	10,	'2025-08-03 17:49:43',	'2025-08-03 17:49:43'),
('2024-06-30',	'6_months_ago',	'profit',	'ADIDAS-SWEATSHIRT',	'Adidas Sportswear Sweatshirt',	72,	91873.58,	89353.58,	3,	'2025-08-03 17:49:43',	'2025-08-03 17:49:43'),
('2024-06-30',	'6_months_ago',	'profit',	'ADIDAS-ULTRABOOST',	'Adidas Ultraboost 22',	69,	96217.08,	87937.08,	4,	'2025-08-03 17:49:43',	'2025-08-03 17:49:43'),
('2024-06-30',	'6_months_ago',	'profit',	'NIKE-AIRMAX',	'Nike Air Max 270',	70,	90734.92,	85134.92,	6,	'2025-08-03 17:49:43',	'2025-08-03 17:49:43'),
('2024-06-30',	'6_months_ago',	'profit',	'NIKE-BALL',	'Nike Basketball',	60,	87516.13,	86316.13,	5,	'2025-08-03 17:49:43',	'2025-08-03 17:49:43'),
('2024-06-30',	'6_months_ago',	'profit',	'NIKE-BOTTLE',	'Nike Water Bottle 32oz',	63,	93130.98,	92374.98,	1,	'2025-08-03 17:49:43',	'2025-08-03 17:49:43'),
('2024-06-30',	'6_months_ago',	'profit',	'NIKE-LEGGINGS',	'Nike Pro Leggings',	55,	83537.90,	81612.90,	9,	'2025-08-03 17:49:43',	'2025-08-03 17:49:43'),
('2024-06-30',	'6_months_ago',	'profit',	'SONY-WH1000XM4',	'Sony WH-1000XM4 Headphones',	77,	103857.74,	84607.74,	7,	'2025-08-03 17:49:43',	'2025-08-03 17:49:43'),
('2024-06-30',	'6_months_ago',	'quantity',	'ADIDAS-BEANIE',	'Adidas Winter Beanie',	79,	91689.11,	90741.11,	1,	'2025-08-03 17:49:43',	'2025-08-03 17:49:43'),
('2024-06-30',	'6_months_ago',	'quantity',	'ADIDAS-SHORTS',	'Adidas Training Shorts',	73,	84543.57,	83083.57,	4,	'2025-08-03 17:49:43',	'2025-08-03 17:49:43'),
('2024-06-30',	'6_months_ago',	'quantity',	'ADIDAS-SOCKS',	'Adidas Performance Socks 6-Pack',	74,	82285.61,	81545.61,	3,	'2025-08-03 17:49:43',	'2025-08-03 17:49:43'),
('2024-06-30',	'6_months_ago',	'quantity',	'ADIDAS-SWEATSHIRT',	'Adidas Sportswear Sweatshirt',	72,	91873.58,	89353.58,	6,	'2025-08-03 17:49:43',	'2025-08-03 17:49:43'),
('2024-06-30',	'6_months_ago',	'quantity',	'AIRPODS-MAX',	'AirPods Max',	71,	97384.38,	65434.38,	9,	'2025-08-03 17:49:43',	'2025-08-03 17:49:43'),
('2024-06-30',	'6_months_ago',	'quantity',	'IPHONE-15-256',	'iPhone 15 256GB',	73,	89714.32,	27664.32,	5,	'2025-08-03 17:49:43',	'2025-08-03 17:49:43'),
('2024-06-30',	'6_months_ago',	'quantity',	'MACBOOK-PRO',	'MacBook Pro M3 14-inch',	72,	84258.73,	-45341.27,	7,	'2025-08-03 17:49:43',	'2025-08-03 17:49:43'),
('2024-06-30',	'6_months_ago',	'quantity',	'NIKE-AIRMAX',	'Nike Air Max 270',	70,	90734.92,	85134.92,	10,	'2025-08-03 17:49:43',	'2025-08-03 17:49:43'),
('2024-06-30',	'6_months_ago',	'quantity',	'SAMSUNG-S24-ULTRA',	'Samsung Galaxy S24 Ultra 256GB',	72,	87037.30,	22237.30,	8,	'2025-08-03 17:49:43',	'2025-08-03 17:49:43'),
('2024-06-30',	'6_months_ago',	'quantity',	'SONY-WH1000XM4',	'Sony WH-1000XM4 Headphones',	77,	103857.74,	84607.74,	2,	'2025-08-03 17:49:43',	'2025-08-03 17:49:43'),
('2024-06-30',	'1_year_ago',	'revenue',	'ADIDAS-BEANIE',	'Adidas Winter Beanie',	79,	91689.11,	90741.11,	6,	'2025-08-03 17:49:44',	'2025-08-03 17:49:44'),
('2024-06-30',	'1_year_ago',	'revenue',	'ADIDAS-SWEATSHIRT',	'Adidas Sportswear Sweatshirt',	72,	91873.58,	89353.58,	5,	'2025-08-03 17:49:44',	'2025-08-03 17:49:44'),
('2024-06-30',	'1_year_ago',	'revenue',	'ADIDAS-ULTRABOOST',	'Adidas Ultraboost 22',	69,	96217.08,	87937.08,	3,	'2025-08-03 17:49:44',	'2025-08-03 17:49:44'),
('2024-06-30',	'1_year_ago',	'revenue',	'AIRPODS-MAX',	'AirPods Max',	71,	97384.38,	65434.38,	2,	'2025-08-03 17:49:44',	'2025-08-03 17:49:44'),
('2024-06-30',	'1_year_ago',	'revenue',	'IPHONE-15-256',	'iPhone 15 256GB',	73,	89714.32,	27664.32,	8,	'2025-08-03 17:49:44',	'2025-08-03 17:49:44'),
('2024-06-30',	'1_year_ago',	'revenue',	'NIKE-AIRMAX',	'Nike Air Max 270',	70,	90734.92,	85134.92,	7,	'2025-08-03 17:49:44',	'2025-08-03 17:49:44'),
('2024-06-30',	'1_year_ago',	'revenue',	'NIKE-BALL',	'Nike Basketball',	60,	87516.13,	86316.13,	9,	'2025-08-03 17:49:44',	'2025-08-03 17:49:44'),
('2024-06-30',	'1_year_ago',	'revenue',	'NIKE-BOTTLE',	'Nike Water Bottle 32oz',	63,	93130.98,	92374.98,	4,	'2025-08-03 17:49:44',	'2025-08-03 17:49:44'),
('2024-06-30',	'1_year_ago',	'revenue',	'SAMSUNG-S24-ULTRA',	'Samsung Galaxy S24 Ultra 256GB',	72,	87037.30,	22237.30,	10,	'2025-08-03 17:49:44',	'2025-08-03 17:49:44'),
('2024-06-30',	'1_year_ago',	'revenue',	'SONY-WH1000XM4',	'Sony WH-1000XM4 Headphones',	77,	103857.74,	84607.74,	1,	'2025-08-03 17:49:44',	'2025-08-03 17:49:44'),
('2024-06-30',	'1_year_ago',	'profit',	'ADIDAS-BEANIE',	'Adidas Winter Beanie',	79,	91689.11,	90741.11,	2,	'2025-08-03 17:49:45',	'2025-08-03 17:49:45'),
('2024-06-30',	'1_year_ago',	'profit',	'ADIDAS-SHORTS',	'Adidas Training Shorts',	73,	84543.57,	83083.57,	8,	'2025-08-03 17:49:45',	'2025-08-03 17:49:45'),
('2024-06-30',	'1_year_ago',	'profit',	'ADIDAS-SOCKS',	'Adidas Performance Socks 6-Pack',	74,	82285.61,	81545.61,	10,	'2025-08-03 17:49:45',	'2025-08-03 17:49:45'),
('2024-06-30',	'1_year_ago',	'profit',	'ADIDAS-SWEATSHIRT',	'Adidas Sportswear Sweatshirt',	72,	91873.58,	89353.58,	3,	'2025-08-03 17:49:45',	'2025-08-03 17:49:45'),
('2024-06-30',	'1_year_ago',	'profit',	'ADIDAS-ULTRABOOST',	'Adidas Ultraboost 22',	69,	96217.08,	87937.08,	4,	'2025-08-03 17:49:45',	'2025-08-03 17:49:45'),
('2024-06-30',	'1_year_ago',	'profit',	'NIKE-AIRMAX',	'Nike Air Max 270',	70,	90734.92,	85134.92,	6,	'2025-08-03 17:49:45',	'2025-08-03 17:49:45'),
('2024-06-30',	'1_year_ago',	'profit',	'NIKE-BALL',	'Nike Basketball',	60,	87516.13,	86316.13,	5,	'2025-08-03 17:49:45',	'2025-08-03 17:49:45'),
('2024-06-30',	'1_year_ago',	'profit',	'NIKE-BOTTLE',	'Nike Water Bottle 32oz',	63,	93130.98,	92374.98,	1,	'2025-08-03 17:49:45',	'2025-08-03 17:49:45'),
('2024-06-30',	'1_year_ago',	'profit',	'NIKE-LEGGINGS',	'Nike Pro Leggings',	55,	83537.90,	81612.90,	9,	'2025-08-03 17:49:45',	'2025-08-03 17:49:45'),
('2024-06-30',	'1_year_ago',	'profit',	'SONY-WH1000XM4',	'Sony WH-1000XM4 Headphones',	77,	103857.74,	84607.74,	7,	'2025-08-03 17:49:45',	'2025-08-03 17:49:45'),
('2024-06-30',	'1_year_ago',	'quantity',	'ADIDAS-BEANIE',	'Adidas Winter Beanie',	79,	91689.11,	90741.11,	1,	'2025-08-03 17:49:45',	'2025-08-03 17:49:45'),
('2024-06-30',	'1_year_ago',	'quantity',	'ADIDAS-SHORTS',	'Adidas Training Shorts',	73,	84543.57,	83083.57,	4,	'2025-08-03 17:49:45',	'2025-08-03 17:49:45'),
('2024-06-30',	'1_year_ago',	'quantity',	'ADIDAS-SOCKS',	'Adidas Performance Socks 6-Pack',	74,	82285.61,	81545.61,	3,	'2025-08-03 17:49:45',	'2025-08-03 17:49:45'),
('2024-06-30',	'1_year_ago',	'quantity',	'ADIDAS-SWEATSHIRT',	'Adidas Sportswear Sweatshirt',	72,	91873.58,	89353.58,	6,	'2025-08-03 17:49:45',	'2025-08-03 17:49:45'),
('2024-06-30',	'1_year_ago',	'quantity',	'AIRPODS-MAX',	'AirPods Max',	71,	97384.38,	65434.38,	9,	'2025-08-03 17:49:45',	'2025-08-03 17:49:45'),
('2024-06-30',	'1_year_ago',	'quantity',	'IPHONE-15-256',	'iPhone 15 256GB',	73,	89714.32,	27664.32,	5,	'2025-08-03 17:49:45',	'2025-08-03 17:49:45'),
('2024-06-30',	'1_year_ago',	'quantity',	'MACBOOK-PRO',	'MacBook Pro M3 14-inch',	72,	84258.73,	-45341.27,	7,	'2025-08-03 17:49:45',	'2025-08-03 17:49:45'),
('2024-06-30',	'1_year_ago',	'quantity',	'NIKE-AIRMAX',	'Nike Air Max 270',	70,	90734.92,	85134.92,	10,	'2025-08-03 17:49:45',	'2025-08-03 17:49:45'),
('2024-06-30',	'1_year_ago',	'quantity',	'SAMSUNG-S24-ULTRA',	'Samsung Galaxy S24 Ultra 256GB',	72,	87037.30,	22237.30,	8,	'2025-08-03 17:49:45',	'2025-08-03 17:49:45'),
('2024-06-30',	'1_year_ago',	'quantity',	'SONY-WH1000XM4',	'Sony WH-1000XM4 Headphones',	77,	103857.74,	84607.74,	2,	'2025-08-03 17:49:45',	'2025-08-03 17:49:45'),
('2024-06-30',	'all_time',	'revenue',	'ADIDAS-BEANIE',	'Adidas Winter Beanie',	79,	91689.11,	90741.11,	6,	'2025-08-03 17:49:46',	'2025-08-03 17:49:46'),
('2024-06-30',	'all_time',	'revenue',	'ADIDAS-SWEATSHIRT',	'Adidas Sportswear Sweatshirt',	72,	91873.58,	89353.58,	5,	'2025-08-03 17:49:46',	'2025-08-03 17:49:46'),
('2024-06-30',	'all_time',	'revenue',	'ADIDAS-ULTRABOOST',	'Adidas Ultraboost 22',	69,	96217.08,	87937.08,	3,	'2025-08-03 17:49:46',	'2025-08-03 17:49:46'),
('2024-06-30',	'all_time',	'revenue',	'AIRPODS-MAX',	'AirPods Max',	71,	97384.38,	65434.38,	2,	'2025-08-03 17:49:46',	'2025-08-03 17:49:46'),
('2024-06-30',	'all_time',	'revenue',	'IPHONE-15-256',	'iPhone 15 256GB',	73,	89714.32,	27664.32,	8,	'2025-08-03 17:49:46',	'2025-08-03 17:49:46'),
('2024-06-30',	'all_time',	'revenue',	'NIKE-AIRMAX',	'Nike Air Max 270',	70,	90734.92,	85134.92,	7,	'2025-08-03 17:49:46',	'2025-08-03 17:49:46'),
('2024-06-30',	'all_time',	'revenue',	'NIKE-BALL',	'Nike Basketball',	60,	87516.13,	86316.13,	9,	'2025-08-03 17:49:46',	'2025-08-03 17:49:46'),
('2024-06-30',	'all_time',	'revenue',	'NIKE-BOTTLE',	'Nike Water Bottle 32oz',	63,	93130.98,	92374.98,	4,	'2025-08-03 17:49:46',	'2025-08-03 17:49:46'),
('2024-06-30',	'all_time',	'revenue',	'SAMSUNG-S24-ULTRA',	'Samsung Galaxy S24 Ultra 256GB',	72,	87037.30,	22237.30,	10,	'2025-08-03 17:49:46',	'2025-08-03 17:49:46'),
('2024-06-30',	'all_time',	'revenue',	'SONY-WH1000XM4',	'Sony WH-1000XM4 Headphones',	77,	103857.74,	84607.74,	1,	'2025-08-03 17:49:46',	'2025-08-03 17:49:46'),
('2024-06-30',	'all_time',	'profit',	'ADIDAS-BEANIE',	'Adidas Winter Beanie',	79,	91689.11,	90741.11,	2,	'2025-08-03 17:49:46',	'2025-08-03 17:49:46'),
('2024-06-30',	'all_time',	'profit',	'ADIDAS-SHORTS',	'Adidas Training Shorts',	73,	84543.57,	83083.57,	8,	'2025-08-03 17:49:46',	'2025-08-03 17:49:46'),
('2024-06-30',	'all_time',	'profit',	'ADIDAS-SOCKS',	'Adidas Performance Socks 6-Pack',	74,	82285.61,	81545.61,	10,	'2025-08-03 17:49:46',	'2025-08-03 17:49:46'),
('2024-06-30',	'all_time',	'profit',	'ADIDAS-SWEATSHIRT',	'Adidas Sportswear Sweatshirt',	72,	91873.58,	89353.58,	3,	'2025-08-03 17:49:46',	'2025-08-03 17:49:46'),
('2024-06-30',	'all_time',	'profit',	'ADIDAS-ULTRABOOST',	'Adidas Ultraboost 22',	69,	96217.08,	87937.08,	4,	'2025-08-03 17:49:46',	'2025-08-03 17:49:46'),
('2024-06-30',	'all_time',	'profit',	'NIKE-AIRMAX',	'Nike Air Max 270',	70,	90734.92,	85134.92,	6,	'2025-08-03 17:49:46',	'2025-08-03 17:49:46'),
('2024-06-30',	'all_time',	'profit',	'NIKE-BALL',	'Nike Basketball',	60,	87516.13,	86316.13,	5,	'2025-08-03 17:49:46',	'2025-08-03 17:49:46'),
('2024-06-30',	'all_time',	'profit',	'NIKE-BOTTLE',	'Nike Water Bottle 32oz',	63,	93130.98,	92374.98,	1,	'2025-08-03 17:49:46',	'2025-08-03 17:49:46'),
('2024-06-30',	'all_time',	'profit',	'NIKE-LEGGINGS',	'Nike Pro Leggings',	55,	83537.90,	81612.90,	9,	'2025-08-03 17:49:46',	'2025-08-03 17:49:46'),
('2024-06-30',	'all_time',	'profit',	'SONY-WH1000XM4',	'Sony WH-1000XM4 Headphones',	77,	103857.74,	84607.74,	7,	'2025-08-03 17:49:46',	'2025-08-03 17:49:46'),
('2024-06-30',	'all_time',	'quantity',	'ADIDAS-BEANIE',	'Adidas Winter Beanie',	79,	91689.11,	90741.11,	1,	'2025-08-03 17:49:47',	'2025-08-03 17:49:47'),
('2024-06-30',	'all_time',	'quantity',	'ADIDAS-SHORTS',	'Adidas Training Shorts',	73,	84543.57,	83083.57,	4,	'2025-08-03 17:49:47',	'2025-08-03 17:49:47'),
('2024-06-30',	'all_time',	'quantity',	'ADIDAS-SOCKS',	'Adidas Performance Socks 6-Pack',	74,	82285.61,	81545.61,	3,	'2025-08-03 17:49:47',	'2025-08-03 17:49:47'),
('2024-06-30',	'all_time',	'quantity',	'ADIDAS-SWEATSHIRT',	'Adidas Sportswear Sweatshirt',	72,	91873.58,	89353.58,	6,	'2025-08-03 17:49:47',	'2025-08-03 17:49:47'),
('2024-06-30',	'all_time',	'quantity',	'AIRPODS-MAX',	'AirPods Max',	71,	97384.38,	65434.38,	9,	'2025-08-03 17:49:47',	'2025-08-03 17:49:47'),
('2024-06-30',	'all_time',	'quantity',	'IPHONE-15-256',	'iPhone 15 256GB',	73,	89714.32,	27664.32,	5,	'2025-08-03 17:49:47',	'2025-08-03 17:49:47'),
('2024-06-30',	'all_time',	'quantity',	'MACBOOK-PRO',	'MacBook Pro M3 14-inch',	72,	84258.73,	-45341.27,	7,	'2025-08-03 17:49:47',	'2025-08-03 17:49:47'),
('2024-06-30',	'all_time',	'quantity',	'NIKE-AIRMAX',	'Nike Air Max 270',	70,	90734.92,	85134.92,	10,	'2025-08-03 17:49:47',	'2025-08-03 17:49:47'),
('2024-06-30',	'all_time',	'quantity',	'SAMSUNG-S24-ULTRA',	'Samsung Galaxy S24 Ultra 256GB',	72,	87037.30,	22237.30,	8,	'2025-08-03 17:49:47',	'2025-08-03 17:49:47'),
('2024-06-30',	'all_time',	'quantity',	'SONY-WH1000XM4',	'Sony WH-1000XM4 Headphones',	77,	103857.74,	84607.74,	2,	'2025-08-03 17:49:47',	'2025-08-03 17:49:47');

-- 2025-08-03 13:04:30 UTC
